Business Contract Tracking Register,,,,,,,,,,,,,
Mock data for illustration purposes only — replace with actual contract records,,,,,,,,,,,,,
,,,,,,,,,,,,,
No.,Types of Services,Name of Contract,Country,Partner,Customer,Note,Effective Date,Start Date,End Date,Responsible By,Remark,Status,Cost of Contract
1,Legal,Corporate Legal Advisory Retainer #1000,Thailand,"Cascade Industries Co., Ltd.",Internal - Procurement,-,25-ต.ค.-2025,25-ต.ค.-2025,04-พ.ค.-2027,Anucha T.,Flagged for cost optimization review,Renewed,"$151,100"
2,Consulting,Business Process Improvement Engagement #1001,Taiwan,"Zenith Industries Co., Ltd.",Internal - Operations,Exclusive regional distribution rights included,16-ส.ค.-2024,16-ส.ค.-2024,30-ต.ค.-2026,Wei N.,Budget approval pending for renewal,Negotiation in progress,"$158,600"
3,Financial Services,Audit & Assurance Engagement #1002,Myanmar,"Unity Logistics Co., Ltd.","Lumen Group Co., Ltd.","Multi-year framework agreement, reviewed yearly",24-พ.ย.-2024,24-พ.ย.-2024,22-ธ.ค.-2026,Anucha S.,"Renewal quote received, under internal review",Negotiation in progress,"$74,400"
4,HR & Payroll,Recruitment Services Agreement #1003,Malaysia,Atlas Systems Sdn Bhd,Internal - Supply Chain,Renewal contingent on performance KPIs,21-มิ.ย.-2025,05-ก.ค.-2025,28-พ.ย.-2026,Yuki L.,Vendor performance review scheduled,Negotiation in progress,"$259,500"
5,Training & Development,Corporate Training Program Agreement #1004,United Kingdom,Cascade Industries Ltd.,Summit Industries Ltd.,Exclusive regional distribution rights included,09-ก.พ.-2024,09-ก.พ.-2024,14-พ.ย.-2026,Michael M.,Vendor performance review scheduled,Negotiation in progress,"$200,100"
6,Telecommunications,VoIP Services Agreement #1005,Indonesia,Metro Systems PT,Delta Ventures PT,Service level agreement reviewed annually,01-เม.ย.-2026,01-เม.ย.-2026,06-ก.ค.-2027,David E.,No issues reported this cycle,Renewed,"$123,900"
7,Marketing,Digital Marketing Retainer #1006,United Kingdom,Atlas Dynamics Ltd.,Internal - E-commerce,Service level agreement reviewed annually,10-ส.ค.-2021,10-ส.ค.-2021,06-ก.ค.-2024,Budi S.,-,Expired/Not renewed,"$278,300"
8,Telecommunications,Internet Leased Line Contract #1007,Hong Kong,Evergreen Capital Ltd.,Nova Capital Ltd.,Includes 24/7 support SLA with penalty clauses,08-มี.ค.-2021,08-มี.ค.-2021,26-ก.พ.-2025,Emily L.,"Renewal quote received, under internal review",Expired/Not renewed,"$427,300"
9,Financial Services,Corporate Banking Services Agreement #1008,India,Metro Logistics Pvt. Ltd.,Internal - Corporate Affairs,Includes 24/7 support SLA with penalty clauses,21-ก.ค.-2020,21-ก.ค.-2020,15-ก.ค.-2024,Anucha P.,Vendor performance review scheduled,Expired/Not renewed,"$154,500"
10,Telecommunications,VoIP Services Agreement #1009,Hong Kong,Solace Networks Ltd.,Lumen Enterprises Ltd.,Volume discount tier applies above threshold spend,05-มี.ค.-2025,05-มี.ค.-2025,14-ก.ย.-2028,Grace L.,-,Renewed,"$188,600"
11,Fleet & Transportation,Fleet Maintenance Agreement #1010,Taiwan,"Crown Industries Co., Ltd.",Internal - Procurement,Includes quarterly business review meetings,19-พ.ย.-2023,19-พ.ย.-2023,25-ก.ย.-2026,Suchada H.,Scope extension being discussed with partner,Upcoming renewal,"$472,500"
12,Waste Management,Recycling Services Agreement #1011,Indonesia,Pinnacle Innovations PT,Internal - Finance Dept.,"Auto-renew clause, 15 days notice required",14-พ.ย.-2023,21-พ.ย.-2023,15-พ.ย.-2026,Carlos D.,-,Upcoming renewal,"$129,200"
13,Software Licensing,Business Intelligence Platform License #1012,Australia,Pacific Industries Pty Ltd,Internal - E-commerce,Renewal contingent on performance KPIs,26-มิ.ย.-2024,26-มิ.ย.-2024,19-พ.ย.-2026,James N.,-,Upcoming renewal,"$1,343,300"
14,Waste Management,Recycling Services Agreement #1013,Thailand,"Horizon Industries Co., Ltd.",Internal - Finance Dept.,Includes quarterly business review meetings,31-ม.ค.-2023,31-ม.ค.-2023,17-มี.ค.-2026,Fatima M.,Legal review in progress before renewal,Expired/Not renewed,"$295,700"
15,Manufacturing Supply,Raw Material Supply Agreement #1014,Taiwan,"Emerald Partners Co., Ltd.",Internal - Admin Dept.,Renewal contingent on performance KPIs,20-มี.ค.-2023,03-เม.ย.-2023,04-ธ.ค.-2026,Suchada K.,-,Upcoming renewal,"$3,685,600"
16,Printing & Publishing,Corporate Printing Services Agreement #1015,Vietnam,Evergreen Consulting JSC,Internal - IT Security,-,27-ส.ค.-2022,10-ก.ย.-2022,26-ม.ค.-2025,Grace D.,Alternative vendors being benchmarked,Expired/Not renewed,"$120,900"
17,Fleet & Transportation,Vehicle Leasing Agreement #1016,Cambodia,"Ivory Services Co., Ltd.","Silverline Services Co., Ltd.",Volume discount tier applies above threshold spend,31-มี.ค.-2024,07-เม.ย.-2024,12-ธ.ค.-2026,Hiroshi M.,Relationship manager reassigned this quarter,Upcoming renewal,"$298,200"
18,Real Estate & Leasing,Retail Unit Lease Contract #1017,Cambodia,"Pacific Consulting Co., Ltd.",Internal - E-commerce,Renewal contingent on performance KPIs,30-พ.ย.-2022,30-พ.ย.-2022,25-ธ.ค.-2025,James L.,No issues reported this cycle,Expired/Not renewed,"$830,800"
19,Printing & Publishing,Annual Report Design & Print Contract #1018,Thailand,"Onyx Technologies Co., Ltd.","Pacific Partners Co., Ltd.",Pricing subject to annual CPI adjustment,02-มี.ค.-2025,02-มี.ค.-2025,10-ก.ย.-2027,Budi D.,Legal review in progress before renewal,Renewed,"$122,900"
20,Printing & Publishing,Annual Report Design & Print Contract #1019,United Arab Emirates,Unity Logistics LLC,Internal - HR Dept.,Renewal contingent on performance KPIs,06-พ.ค.-2024,06-พ.ค.-2024,24-ต.ค.-2026,Piyawan A.,Flagged for cost optimization review,Negotiation in progress,"$149,500"
21,IT Services,Data Center Colocation Contract #1020,Malaysia,Meridian Partners Sdn Bhd,Internal - Supply Chain,"Multi-year framework agreement, reviewed yearly",15-ต.ค.-2023,15-ต.ค.-2023,30-ต.ค.-2026,Emily N.,"Renewal quote received, under internal review",Upcoming renewal,"$2,255,400"
22,Financial Services,Treasury Management Contract #1021,Taiwan,"Zenith Partners Co., Ltd.","Metro Holdings Co., Ltd.",Volume discount tier applies above threshold spend,13-ก.ค.-2023,13-ก.ค.-2023,02-พ.ย.-2026,Daniel A.,-,Upcoming renewal,"$288,800"
23,Travel & Events,Corporate Travel Management Agreement #1022,South Korea,"Quantum Dynamics Co., Ltd.",Internal - Admin Dept.,Renewal contingent on performance KPIs,12-ก.ค.-2025,12-ก.ค.-2025,01-ธ.ค.-2026,Nattapong G.,Flagged for cost optimization review,Negotiation in progress,"$146,900"
24,Construction & Maintenance,Building Renovation Contract #1023,Thailand,"Alliance Systems Co., Ltd.",Internal - Operations,Volume discount tier applies above threshold spend,26-ส.ค.-2024,09-ก.ย.-2024,19-ก.พ.-2028,Kanokwan W.,No issues reported this cycle,Renewed,"$1,968,900"
25,Consulting,Strategy Advisory Retainer #1024,China,"Apex Networks Co., Ltd.",Internal - E-commerce,Volume discount tier applies above threshold spend,25-ม.ค.-2024,08-ก.พ.-2024,15-ธ.ค.-2026,Yuki N.,Flagged for cost optimization review,Upcoming renewal,"$404,100"
26,Insurance,Property & Casualty Insurance Contract #1025,Germany,Sterling Ventures GmbH,Onyx Partners GmbH,"Auto-renew clause, 45 days notice required",14-ม.ค.-2025,21-ม.ค.-2025,29-ก.ย.-2027,Daniel M.,Legal review in progress before renewal,Renewed,"$835,500"
27,Consulting,Strategy Advisory Retainer #1026,Germany,Radiant Services GmbH,Internal - Finance Dept.,"Multi-year framework agreement, reviewed yearly",15-ก.พ.-2024,29-ก.พ.-2024,19-ม.ค.-2028,Tanawat F.,Scope extension being discussed with partner,Renewed,"$428,800"
28,Consulting,Business Process Improvement Engagement #1027,Indonesia,Prime Logistics PT,Internal - Finance Dept.,"Multi-year framework agreement, reviewed yearly",12-ธ.ค.-2022,19-ธ.ค.-2022,20-ม.ค.-2025,Siti N.,-,Expired/Not renewed,"$613,500"
29,Legal,Corporate Legal Advisory Retainer #1028,Germany,Crown Holdings GmbH,Ivory Dynamics GmbH,Includes 24/7 support SLA with penalty clauses,17-ก.ค.-2024,31-ก.ค.-2024,22-ก.ค.-2028,Sarah D.,Flagged for cost optimization review,Renewed,"$363,300"
30,Manufacturing Supply,OEM Production Agreement #1029,Taiwan,"Anchor Holdings Co., Ltd.","Crest Dynamics Co., Ltd.",Volume discount tier applies above threshold spend,29-มิ.ย.-2021,29-มิ.ย.-2021,17-มี.ค.-2025,Sarah I.,Scope extension being discussed with partner,Expired/Not renewed,"$1,170,900"
31,Telecommunications,Satellite Communication Contract #1030,Australia,Sterling Consulting Pty Ltd,Internal - Admin Dept.,"Auto-renew clause, 30 days notice required",22-ธ.ค.-2023,05-ม.ค.-2024,12-พ.ย.-2026,Emily G.,Alternative vendors being benchmarked,Upcoming renewal,"$336,800"
32,Software Licensing,Cybersecurity Software License #1031,Cambodia,"Prime Ventures Co., Ltd.",Internal - Supply Chain,Exclusive regional distribution rights included,14-ก.ค.-2026,21-ก.ค.-2026,14-ต.ค.-2028,Nathan N.,-,Renewed,"$677,800"
33,Software Licensing,Business Intelligence Platform License #1032,Australia,Vanguard Holdings Pty Ltd,Vertex Solutions Pty Ltd,Exclusive regional distribution rights included,18-ม.ค.-2024,18-ม.ค.-2024,20-ส.ค.-2027,Nattapong C.,Scope extension being discussed with partner,Renewed,"$174,600"
34,Training & Development,E-Learning Platform License #1033,Australia,Bright Ventures Pty Ltd,Internal - HR Dept.,Volume discount tier applies above threshold spend,15-ส.ค.-2025,15-ส.ค.-2025,29-พ.ย.-2026,Anucha P.,-,Upcoming renewal,"$75,000"
35,HR & Payroll,Outsourced Payroll Processing Contract #1034,Japan,Prime Partners K.K.,Internal - Finance Dept.,Volume discount tier applies above threshold spend,24-เม.ย.-2026,08-พ.ค.-2026,15-เม.ย.-2028,Fatima O.,Legal review in progress before renewal,Renewed,"$248,800"
36,Legal,Litigation Support Contract #1035,Cambodia,"Prime Technologies Co., Ltd.",Internal - HR Dept.,Includes quarterly business review meetings,27-ส.ค.-2026,27-ส.ค.-2026,05-ม.ค.-2029,Carlos C.,"Renewal quote received, under internal review",Renewed,"$422,900"
37,Fleet & Transportation,Fleet Maintenance Agreement #1036,Singapore,Falcon Networks Pte Ltd,Meridian Capital Pte Ltd,Pricing subject to annual CPI adjustment,13-ส.ค.-2020,13-ส.ค.-2020,12-พ.ค.-2024,Laura A.,Vendor performance review scheduled,Expired/Not renewed,"$401,500"
38,Manufacturing Supply,Packaging Supply Contract #1037,Philippines,Ivory Systems Inc.,Internal - E-commerce,Volume discount tier applies above threshold spend,04-ก.ค.-2022,04-ก.ค.-2022,03-ม.ค.-2025,Siti N.,Relationship manager reassigned this quarter,Expired/Not renewed,"$3,421,700"
39,HR & Payroll,Employee Benefits Administration #1038,France,Pinnacle Ventures SAS,Internal - Finance Dept.,Includes quarterly business review meetings,30-ธ.ค.-2023,30-ธ.ค.-2023,26-พ.ย.-2026,Aiko P.,-,Negotiation in progress,"$353,900"
40,Printing & Publishing,Signage & Print Production Agreement #1039,Japan,Horizon Industries K.K.,Emerald Industries K.K.,"Multi-year framework agreement, reviewed yearly",13-ต.ค.-2025,13-ต.ค.-2025,21-เม.ย.-2027,Tanawat P.,No issues reported this cycle,Renewed,"$48,200"
41,Financial Services,Payment Gateway Services Agreement #1040,United Arab Emirates,Onyx Capital LLC,Internal - Procurement,Pricing subject to annual CPI adjustment,09-ส.ค.-2024,09-ส.ค.-2024,24-พ.ย.-2026,Ahmed O.,Flagged for cost optimization review,Negotiation in progress,"$729,600"
42,Security,Executive Protection Services #1041,Japan,Silverline Innovations K.K.,Internal - Corporate Affairs,Renewal contingent on performance KPIs,20-ธ.ค.-2024,20-ธ.ค.-2024,22-ธ.ค.-2026,Kanokwan G.,Legal review in progress before renewal,Negotiation in progress,"$21,900"
43,Logistics,Freight Forwarding Contract #1042,Singapore,Onyx Technologies Pte Ltd,Vertex Innovations Pte Ltd,"Auto-renew clause, 45 days notice required",03-ส.ค.-2023,03-ส.ค.-2023,21-ม.ค.-2027,Somchai T.,Relationship manager reassigned this quarter,Negotiation in progress,"$372,600"
44,Legal,Corporate Legal Advisory Retainer #1043,Vietnam,Vanguard Innovations JSC,Internal - IT Security,Exclusive regional distribution rights included,04-พ.ค.-2024,04-พ.ค.-2024,25-ต.ค.-2025,Emily E.,No issues reported this cycle,Expired/Not renewed,"$84,300"
45,Real Estate & Leasing,Retail Unit Lease Contract #1044,South Korea,"Ivory Ventures Co., Ltd.",Internal - Finance Dept.,Includes quarterly business review meetings,13-พ.ย.-2025,13-พ.ย.-2025,04-มิ.ย.-2027,Chloe J.,Vendor performance review scheduled,Renewed,"$3,146,300"
46,HR & Payroll,HR Systems Implementation Contract #1045,Philippines,Onyx Consulting Inc.,Internal - HR Dept.,"Multi-year framework agreement, reviewed yearly",20-มี.ค.-2024,27-มี.ค.-2024,27-ต.ค.-2026,Tanawat J.,No issues reported this cycle,Upcoming renewal,"$42,400"
47,Consulting,Strategy Advisory Retainer #1046,Germany,Alliance Industries GmbH,Internal - Operations,Includes quarterly business review meetings,11-มี.ค.-2024,18-มี.ค.-2024,30-ต.ค.-2026,Wanida B.,Legal review in progress before renewal,Upcoming renewal,"$184,300"
48,Printing & Publishing,Annual Report Design & Print Contract #1047,Taiwan,"Emerald Dynamics Co., Ltd.",Internal - IT Dept.,"Auto-renew clause, 45 days notice required",19-มิ.ย.-2024,03-ก.ค.-2024,14-ต.ค.-2026,Michael W.,No issues reported this cycle,Negotiation in progress,"$119,500"
49,Logistics,Fleet Logistics Services Contract #1048,Philippines,Crest Capital Inc.,Cascade Holdings Inc.,Volume discount tier applies above threshold spend,20-พ.ค.-2022,27-พ.ค.-2022,08-พ.ค.-2025,Chloe P.,Budget approval pending for renewal,Expired/Not renewed,"$633,300"
50,Manufacturing Supply,Packaging Supply Contract #1049,United Arab Emirates,Titan Ventures LLC,Onyx Logistics LLC,"Auto-renew clause, 90 days notice required",02-ก.ค.-2023,16-ก.ค.-2023,20-ต.ค.-2026,Anucha K.,Relationship manager reassigned this quarter,Negotiation in progress,"$3,317,200"
51,Manufacturing Supply,Packaging Supply Contract #1050,Singapore,Quantum Capital Pte Ltd,Internal - Finance Dept.,Includes 24/7 support SLA with penalty clauses,07-มี.ค.-2024,14-มี.ค.-2024,24-ต.ค.-2026,Suchada G.,-,Negotiation in progress,"$3,535,300"
52,Real Estate & Leasing,Retail Unit Lease Contract #1051,South Korea,"BlueSky Technologies Co., Ltd.",Internal - E-commerce,Service level agreement reviewed annually,06-ต.ค.-2022,06-ต.ค.-2022,08-พ.ค.-2026,Anucha H.,Legal review in progress before renewal,Expired/Not renewed,"$3,256,200"
53,Printing & Publishing,Signage & Print Production Agreement #1052,China,"Zenith Innovations Co., Ltd.","Metro Dynamics Co., Ltd.",Includes quarterly business review meetings,31-ม.ค.-2023,31-ม.ค.-2023,06-ธ.ค.-2026,Emily M.,Budget approval pending for renewal,Upcoming renewal,"$173,500"
54,Printing & Publishing,Corporate Printing Services Agreement #1053,China,"Global Technologies Co., Ltd.","Radiant Innovations Co., Ltd.","Multi-year framework agreement, reviewed yearly",20-ม.ค.-2025,27-ม.ค.-2025,09-มี.ค.-2028,Ravi S.,No issues reported this cycle,Renewed,"$186,900"
55,Software Licensing,Business Intelligence Platform License #1054,South Korea,"Zenith Logistics Co., Ltd.",Internal - Finance Dept.,Pricing subject to annual CPI adjustment,12-ส.ค.-2025,26-ส.ค.-2025,11-พ.ค.-2027,Nathan E.,Relationship manager reassigned this quarter,Renewed,"$2,896,900"
56,Legal,Corporate Legal Advisory Retainer #1055,Hong Kong,Beacon Solutions Ltd.,Zenith Partners Ltd.,Renewal contingent on performance KPIs,20-ก.ค.-2025,20-ก.ค.-2025,31-ธ.ค.-2026,Tanawat I.,Budget approval pending for renewal,Negotiation in progress,"$513,600"
57,Travel & Events,Event Management Services Contract #1056,Taiwan,"Apex Consulting Co., Ltd.",Internal - IT Security,Includes quarterly business review meetings,13-ธ.ค.-2025,20-ธ.ค.-2025,13-ก.ค.-2027,David C.,-,Renewed,"$74,900"
58,Construction & Maintenance,HVAC Maintenance Agreement #1057,Singapore,Titan Trading Pte Ltd,Internal - Legal Dept.,Exclusive regional distribution rights included,22-ต.ค.-2025,22-ต.ค.-2025,05-ต.ค.-2027,Daniel T.,Scope extension being discussed with partner,Renewed,"$181,000"
59,Travel & Events,Event Management Services Contract #1058,Cambodia,"NorthStar Industries Co., Ltd.",Internal - Operations,Includes 24/7 support SLA with penalty clauses,18-ก.ย.-2022,02-ต.ค.-2022,13-พ.ค.-2025,Hiroshi A.,No issues reported this cycle,Expired/Not renewed,"$71,600"
60,Insurance,Cyber Liability Insurance Policy #1059,Germany,Unity Dynamics GmbH,Quantum Ventures GmbH,Exclusive regional distribution rights included,25-เม.ย.-2024,25-เม.ย.-2024,21-ธ.ค.-2026,Kanokwan H.,-,Negotiation in progress,"$62,300"
61,Fleet & Transportation,Fleet Maintenance Agreement #1060,Singapore,Solace Innovations Pte Ltd,Titan Industries Pte Ltd,"Auto-renew clause, 45 days notice required",04-ส.ค.-2026,04-ส.ค.-2026,29-ธ.ค.-2028,Ahmed H.,Relationship manager reassigned this quarter,Renewed,"$572,900"
62,Logistics,Last-Mile Delivery Partnership #1061,Cambodia,"Orion Partners Co., Ltd.",Internal - Operations,Includes quarterly business review meetings,05-ม.ค.-2024,19-ม.ค.-2024,06-ก.พ.-2027,Daniel F.,Legal review in progress before renewal,Negotiation in progress,"$928,100"
63,Travel & Events,Corporate Travel Management Agreement #1062,India,Bright Group Pvt. Ltd.,Internal - Marketing Dept.,"Auto-renew clause, 45 days notice required",13-พ.ค.-2021,13-พ.ค.-2021,31-พ.ค.-2024,David M.,Flagged for cost optimization review,Expired/Not renewed,"$318,400"
64,Legal,Compliance Advisory Agreement #1063,France,Orion Systems SAS,Internal - IT Security,Volume discount tier applies above threshold spend,12-ก.พ.-2026,26-ก.พ.-2026,28-ธ.ค.-2028,Kanokwan H.,Legal review in progress before renewal,Renewed,"$144,500"
65,Manufacturing Supply,Raw Material Supply Agreement #1064,Malaysia,Vertex Logistics Sdn Bhd,Nova Innovations Sdn Bhd,Renewal contingent on performance KPIs,04-ก.พ.-2023,11-ก.พ.-2023,16-เม.ย.-2026,Kanokwan H.,No issues reported this cycle,Expired/Not renewed,"$1,546,900"
66,Cleaning & Facility,Office Facility Management Contract #1065,Germany,Pacific Innovations GmbH,Internal - Operations,Pricing subject to annual CPI adjustment,19-พ.ย.-2024,19-พ.ย.-2024,01-ธ.ค.-2027,Yuki G.,Budget approval pending for renewal,Renewed,"$343,500"
67,Logistics,Warehouse Lease & Operation Agreement #1066,United Kingdom,Cascade Enterprises Ltd.,Beacon Consulting Ltd.,Renewal contingent on performance KPIs,30-มี.ค.-2024,13-เม.ย.-2024,26-ธ.ค.-2025,Nattapong B.,No issues reported this cycle,Expired/Not renewed,"$409,100"
68,Consulting,Digital Transformation Consulting #1067,South Korea,"Bright Partners Co., Ltd.","Solace Solutions Co., Ltd.",Pricing subject to annual CPI adjustment,16-ก.พ.-2026,16-ก.พ.-2026,29-ก.ย.-2027,Emily E.,No issues reported this cycle,Renewed,"$192,900"
69,Construction & Maintenance,Civil Works Contract #1068,Thailand,"Evergreen Systems Co., Ltd.",Internal - Procurement,Renewal contingent on performance KPIs,09-พ.ค.-2024,23-พ.ค.-2024,08-เม.ย.-2028,Budi C.,No issues reported this cycle,Renewed,"$240,400"
70,Logistics,Freight Forwarding Contract #1069,Hong Kong,Nova Dynamics Ltd.,Internal - IT Dept.,Volume discount tier applies above threshold spend,16-ต.ค.-2023,23-ต.ค.-2023,23-ก.ค.-2027,Tanawat M.,No issues reported this cycle,Renewed,"$178,600"
71,Cleaning & Facility,Facility Maintenance Contract #1070,Vietnam,Vertex Systems JSC,Internal - Corporate Affairs,Volume discount tier applies above threshold spend,27-ส.ค.-2024,10-ก.ย.-2024,11-ก.ค.-2028,Nathan W.,Scope extension being discussed with partner,Renewed,"$156,300"
72,Manufacturing Supply,Packaging Supply Contract #1071,France,Crown Networks SAS,Internal - Finance Dept.,Includes 24/7 support SLA with penalty clauses,06-ก.ค.-2024,06-ก.ค.-2024,10-ธ.ค.-2026,Daniel D.,"Renewal quote received, under internal review",Negotiation in progress,"$3,819,000"
73,Marketing,Media Buying Agreement #1072,Vietnam,Delta Group JSC,Orion Partners JSC,Exclusive regional distribution rights included,31-มี.ค.-2022,31-มี.ค.-2022,03-ก.พ.-2025,Suchada T.,Legal review in progress before renewal,Expired/Not renewed,"$381,500"
74,Real Estate & Leasing,Office Space Lease Agreement #1073,India,Falcon Group Pvt. Ltd.,Internal - Admin Dept.,-,18-ส.ค.-2022,18-ส.ค.-2022,08-ก.ย.-2025,Tanawat H.,Alternative vendors being benchmarked,Expired/Not renewed,"$3,824,900"
75,Waste Management,Hazardous Waste Management Contract #1074,Myanmar,"Trident Solutions Co., Ltd.",Internal - IT Security,Service level agreement reviewed annually,05-ธ.ค.-2023,05-ธ.ค.-2023,30-ต.ค.-2026,Minji A.,Alternative vendors being benchmarked,Upcoming renewal,"$11,800"
76,Marketing,Creative & Branding Services #1075,Indonesia,Prime Consulting PT,Silverline Ventures PT,"Auto-renew clause, 30 days notice required",22-ธ.ค.-2023,05-ม.ค.-2024,30-ต.ค.-2026,Siti K.,Vendor performance review scheduled,Upcoming renewal,"$544,700"
77,Real Estate & Leasing,Retail Unit Lease Contract #1076,Singapore,Horizon Systems Pte Ltd,Internal - HR Dept.,Includes quarterly business review meetings,11-มิ.ย.-2025,11-มิ.ย.-2025,30-ม.ค.-2027,Ravi N.,Relationship manager reassigned this quarter,Negotiation in progress,"$2,178,100"
78,Printing & Publishing,Corporate Printing Services Agreement #1077,India,Apex Industries Pvt. Ltd.,Internal - Corporate Affairs,Volume discount tier applies above threshold spend,06-ก.พ.-2025,06-ก.พ.-2025,14-พ.ย.-2026,Somchai G.,Relationship manager reassigned this quarter,Negotiation in progress,"$61,400"
79,Manufacturing Supply,OEM Production Agreement #1078,Philippines,Vertex Ventures Inc.,Internal - Admin Dept.,Volume discount tier applies above threshold spend,08-ก.พ.-2023,08-ก.พ.-2023,20-ก.ค.-2026,Wanida M.,No issues reported this cycle,Expired/Not renewed,"$1,893,000"
80,Manufacturing Supply,Raw Material Supply Agreement #1079,Cambodia,"Vanguard Networks Co., Ltd.",Internal - HR Dept.,Volume discount tier applies above threshold spend,11-พ.ค.-2021,11-พ.ค.-2021,08-ธ.ค.-2024,Michael F.,Alternative vendors being benchmarked,Expired/Not renewed,"$443,700"
81,Fleet & Transportation,Fleet Maintenance Agreement #1080,United Kingdom,Ivory Consulting Ltd.,Internal - Operations,Renewal contingent on performance KPIs,17-พ.ค.-2025,31-พ.ค.-2025,03-พ.ย.-2026,Laura H.,Scope extension being discussed with partner,Negotiation in progress,"$577,200"
82,Financial Services,Treasury Management Contract #1081,United States,NorthStar Industries Inc.,Internal - Operations,Includes 24/7 support SLA with penalty clauses,12-ก.ค.-2025,12-ก.ค.-2025,13-ธ.ค.-2026,Aiko W.,No issues reported this cycle,Upcoming renewal,"$952,800"
83,Fleet & Transportation,Corporate Shuttle Service Contract #1082,France,Pinnacle Services SAS,Sterling Partners SAS,Renewal contingent on performance KPIs,12-ก.ค.-2025,26-ก.ค.-2025,08-ก.พ.-2028,Wanida P.,Legal review in progress before renewal,Renewed,"$69,400"
84,Training & Development,Corporate Training Program Agreement #1083,France,Apex Logistics SAS,Internal - Operations,"Auto-renew clause, 60 days notice required",13-ก.ย.-2024,27-ก.ย.-2024,01-พ.ค.-2028,Anucha W.,No issues reported this cycle,Renewed,"$170,800"
85,Consulting,Change Management Engagement #1084,Australia,Solace Innovations Pty Ltd,Internal - IT Dept.,Includes 24/7 support SLA with penalty clauses,09-ส.ค.-2022,09-ส.ค.-2022,07-มิ.ย.-2026,Kanokwan K.,Flagged for cost optimization review,Expired/Not renewed,"$85,400"
86,Printing & Publishing,Annual Report Design & Print Contract #1085,Myanmar,"BlueSky Trading Co., Ltd.",Internal - Operations,Renewal contingent on performance KPIs,11-ก.ค.-2024,11-ก.ค.-2024,27-พ.ค.-2027,Daniel K.,Legal review in progress before renewal,Renewed,"$69,300"
87,Telecommunications,Internet Leased Line Contract #1086,Myanmar,"NorthStar Services Co., Ltd.",Internal - IT Security,Volume discount tier applies above threshold spend,07-ก.ค.-2021,07-ก.ค.-2021,16-ก.ย.-2024,Ahmed J.,Flagged for cost optimization review,Expired/Not renewed,"$424,600"
88,Software Licensing,Business Intelligence Platform License #1087,Australia,Vertex Capital Pty Ltd,Internal - IT Security,Includes 24/7 support SLA with penalty clauses,25-ส.ค.-2024,25-ส.ค.-2024,06-พ.ย.-2026,Yuki A.,Scope extension being discussed with partner,Negotiation in progress,"$2,844,300"
89,Cleaning & Facility,Office Facility Management Contract #1088,Indonesia,Meridian Technologies PT,Pacific Capital PT,-,28-ธ.ค.-2024,28-ธ.ค.-2024,08-พ.ย.-2026,Laura W.,Relationship manager reassigned this quarter,Upcoming renewal,"$71,500"
90,Logistics,Customs Brokerage Agreement #1089,Germany,Orion Industries GmbH,Trident Technologies GmbH,-,18-ธ.ค.-2024,18-ธ.ค.-2024,19-ม.ค.-2027,David S.,Relationship manager reassigned this quarter,Negotiation in progress,"$1,237,000"
91,Insurance,Property & Casualty Insurance Contract #1090,United Kingdom,Granite Capital Ltd.,Internal - Legal Dept.,Renewal contingent on performance KPIs,09-ต.ค.-2023,23-ต.ค.-2023,21-พ.ย.-2026,James I.,Legal review in progress before renewal,Upcoming renewal,"$1,403,400"
92,Marketing,Digital Marketing Retainer #1091,Philippines,Cascade Dynamics Inc.,NorthStar Networks Inc.,Pricing subject to annual CPI adjustment,09-เม.ย.-2023,09-เม.ย.-2023,05-ส.ค.-2026,David O.,Alternative vendors being benchmarked,Expired/Not renewed,"$368,900"
93,Marketing,Influencer Partnership Contract #1092,United States,Crown Solutions Inc.,Internal - Marketing Dept.,"Auto-renew clause, 15 days notice required",02-ก.พ.-2025,09-ก.พ.-2025,20-พ.ย.-2026,Emily E.,-,Upcoming renewal,"$414,800"
94,Telecommunications,Internet Leased Line Contract #1093,Japan,NorthStar Capital K.K.,Internal - Operations,Includes 24/7 support SLA with penalty clauses,22-เม.ย.-2023,22-เม.ย.-2023,13-พ.ย.-2026,Priya D.,Flagged for cost optimization review,Upcoming renewal,"$95,400"
95,IT Services,Cloud Hosting Agreement #1094,Hong Kong,Pinnacle Industries Ltd.,Titan Networks Ltd.,Volume discount tier applies above threshold spend,06-เม.ย.-2026,20-เม.ย.-2026,12-ต.ค.-2027,Ahmed H.,Flagged for cost optimization review,Renewed,"$2,438,700"
96,Printing & Publishing,Corporate Printing Services Agreement #1095,Hong Kong,Onyx Solutions Ltd.,Internal - Finance Dept.,Volume discount tier applies above threshold spend,25-ก.ย.-2023,25-ก.ย.-2023,25-ก.ย.-2026,Nathan L.,Budget approval pending for renewal,Negotiation in progress,"$72,200"
97,Cleaning & Facility,Pest Control Services Agreement #1096,Singapore,Falcon Services Pte Ltd,Evergreen Dynamics Pte Ltd,"Multi-year framework agreement, reviewed yearly",04-ก.ย.-2025,04-ก.ย.-2025,18-พ.ย.-2026,Aiko E.,Budget approval pending for renewal,Upcoming renewal,"$78,500"
98,Insurance,Property & Casualty Insurance Contract #1097,Hong Kong,Vanguard Innovations Ltd.,Internal - IT Security,Pricing subject to annual CPI adjustment,05-ก.ย.-2023,05-ก.ย.-2023,15-ก.ค.-2026,Arjun L.,Alternative vendors being benchmarked,Expired/Not renewed,"$213,000"
99,Training & Development,E-Learning Platform License #1098,United Kingdom,Bright Holdings Ltd.,Internal - Finance Dept.,Service level agreement reviewed annually,10-ม.ค.-2024,24-ม.ค.-2024,23-มิ.ย.-2027,Minji C.,Legal review in progress before renewal,Renewed,"$298,600"
100,Construction & Maintenance,Civil Works Contract #1099,Malaysia,Horizon Services Sdn Bhd,Nova Dynamics Sdn Bhd,Includes quarterly business review meetings,26-ก.ย.-2023,10-ต.ค.-2023,01-ต.ค.-2026,Wei O.,"Renewal quote received, under internal review",Negotiation in progress,"$1,996,300"
101,Software Licensing,Enterprise Software License (ERP) #1100,United States,Granite Holdings Inc.,NorthStar Dynamics Inc.,"Auto-renew clause, 90 days notice required",06-ธ.ค.-2023,13-ธ.ค.-2023,23-ธ.ค.-2026,James C.,Vendor performance review scheduled,Negotiation in progress,"$2,849,700"
102,Training & Development,Leadership Development Engagement #1101,United States,Orion Dynamics Inc.,Pinnacle Partners Inc.,Service level agreement reviewed annually,08-ก.ค.-2024,08-ก.ค.-2024,01-ธ.ค.-2026,Yuki M.,Flagged for cost optimization review,Negotiation in progress,"$17,500"
103,Software Licensing,Cybersecurity Software License #1102,Taiwan,"Alliance Systems Co., Ltd.","Anchor Enterprises Co., Ltd.",Includes 24/7 support SLA with penalty clauses,20-มี.ค.-2023,20-มี.ค.-2023,30-ก.ย.-2026,Ploy G.,Budget approval pending for renewal,Upcoming renewal,"$2,698,600"
104,Financial Services,Payment Gateway Services Agreement #1103,Vietnam,Onyx Technologies JSC,BlueSky Holdings JSC,"Auto-renew clause, 45 days notice required",02-ก.ย.-2022,02-ก.ย.-2022,12-มิ.ย.-2024,David D.,Flagged for cost optimization review,Expired/Not renewed,"$796,700"
105,Fleet & Transportation,Vehicle Leasing Agreement #1104,United States,Beacon Partners Inc.,Internal - Marketing Dept.,Exclusive regional distribution rights included,06-ธ.ค.-2020,20-ธ.ค.-2020,26-ส.ค.-2024,Priya M.,"Renewal quote received, under internal review",Expired/Not renewed,"$381,500"
106,Cleaning & Facility,Facility Maintenance Contract #1105,Australia,Meridian Dynamics Pty Ltd,Internal - E-commerce,"Auto-renew clause, 15 days notice required",09-ม.ค.-2026,16-ม.ค.-2026,07-ต.ค.-2027,James S.,Flagged for cost optimization review,Renewed,"$181,000"
107,Cleaning & Facility,Janitorial Services Agreement #1106,India,BlueSky Holdings Pvt. Ltd.,Internal - Procurement,Renewal contingent on performance KPIs,09-พ.ย.-2022,09-พ.ย.-2022,18-เม.ย.-2024,Ahmed R.,Vendor performance review scheduled,Expired/Not renewed,"$76,700"
108,Insurance,Property & Casualty Insurance Contract #1107,Myanmar,"Lumen Consulting Co., Ltd.",Internal - Legal Dept.,"Auto-renew clause, 15 days notice required",08-ม.ค.-2026,22-ม.ค.-2026,13-ธ.ค.-2028,Wei W.,-,Renewed,"$90,600"
109,Fleet & Transportation,Corporate Shuttle Service Contract #1108,China,"Silverline Networks Co., Ltd.",Internal - IT Dept.,"Auto-renew clause, 30 days notice required",15-ก.ย.-2025,22-ก.ย.-2025,23-พ.ค.-2028,Arjun J.,Relationship manager reassigned this quarter,Renewed,"$84,200"
110,Manufacturing Supply,OEM Production Agreement #1109,United Arab Emirates,Beacon Enterprises LLC,Internal - Legal Dept.,Pricing subject to annual CPI adjustment,11-มี.ค.-2023,25-มี.ค.-2023,21-เม.ย.-2026,Michael L.,Relationship manager reassigned this quarter,Expired/Not renewed,"$2,290,400"
111,Legal,Compliance Advisory Agreement #1110,China,"Anchor Industries Co., Ltd.",Internal - IT Dept.,"Multi-year framework agreement, reviewed yearly",30-ต.ค.-2024,13-พ.ย.-2024,14-ก.ย.-2027,Nathan W.,Relationship manager reassigned this quarter,Renewed,"$436,900"
112,Printing & Publishing,Annual Report Design & Print Contract #1111,France,Emerald Technologies SAS,Internal - Marketing Dept.,-,12-ก.ย.-2025,12-ก.ย.-2025,20-ธ.ค.-2026,Siti H.,Legal review in progress before renewal,Negotiation in progress,"$59,900"
113,Waste Management,Hazardous Waste Management Contract #1112,Thailand,"Pacific Networks Co., Ltd.",Internal - Operations,Pricing subject to annual CPI adjustment,05-ก.ย.-2025,19-ก.ย.-2025,01-ม.ค.-2027,Yuki M.,Legal review in progress before renewal,Negotiation in progress,"$172,900"
114,Marketing,Brand Campaign Agreement #1113,United Kingdom,Granite Dynamics Ltd.,Cascade Group Ltd.,Renewal contingent on performance KPIs,29-พ.ย.-2023,29-พ.ย.-2023,16-ธ.ค.-2026,Kanokwan M.,Flagged for cost optimization review,Negotiation in progress,"$195,200"
115,Logistics,Customs Brokerage Agreement #1114,Singapore,Apex Partners Pte Ltd,Crest Capital Pte Ltd,Exclusive regional distribution rights included,27-พ.ค.-2023,10-มิ.ย.-2023,11-เม.ย.-2026,Emily W.,Legal review in progress before renewal,Expired/Not renewed,"$607,400"
116,Fleet & Transportation,Fleet Maintenance Agreement #1115,Australia,Granite Capital Pty Ltd,Internal - Procurement,-,12-ต.ค.-2022,12-ต.ค.-2022,20-ส.ค.-2025,Priya P.,-,Expired/Not renewed,"$882,300"
117,Real Estate & Leasing,Office Space Lease Agreement #1116,United Arab Emirates,Unity Industries LLC,Radiant Innovations LLC,Volume discount tier applies above threshold spend,10-ต.ค.-2024,24-ต.ค.-2024,27-ธ.ค.-2025,Nathan E.,-,Expired/Not renewed,"$4,743,600"
118,Training & Development,E-Learning Platform License #1117,Australia,Zenith Partners Pty Ltd,Internal - Admin Dept.,Includes 24/7 support SLA with penalty clauses,06-ก.ค.-2026,20-ก.ค.-2026,16-ก.ย.-2028,Tanawat B.,Alternative vendors being benchmarked,Renewed,"$104,300"
119,Construction & Maintenance,Elevator Maintenance Contract #1118,Philippines,Beacon Services Inc.,Internal - IT Security,Includes quarterly business review meetings,20-มี.ค.-2023,20-มี.ค.-2023,20-พ.ย.-2025,Tanawat G.,Scope extension being discussed with partner,Expired/Not renewed,"$1,884,400"
120,Travel & Events,Event Management Services Contract #1119,Australia,Crest Trading Pty Ltd,Internal - Procurement,Service level agreement reviewed annually,19-ส.ค.-2025,26-ส.ค.-2025,11-ต.ค.-2028,Arjun D.,-,Renewed,"$329,200"
121,Insurance,Property & Casualty Insurance Contract #1120,Vietnam,Falcon Dynamics JSC,Crest Enterprises JSC,"Multi-year framework agreement, reviewed yearly",28-ธ.ค.-2025,11-ม.ค.-2026,22-ส.ค.-2027,Minji S.,-,Renewed,"$1,119,100"
122,Printing & Publishing,Signage & Print Production Agreement #1121,South Korea,"Crown Logistics Co., Ltd.",Internal - Supply Chain,Service level agreement reviewed annually,29-ก.ค.-2026,12-ส.ค.-2026,22-ส.ค.-2027,Tanawat D.,Relationship manager reassigned this quarter,Renewed,"$195,700"
123,Travel & Events,Corporate Travel Management Agreement #1122,Japan,Titan Services K.K.,Internal - IT Dept.,Service level agreement reviewed annually,12-พ.ค.-2025,19-พ.ค.-2025,12-พ.ค.-2027,David S.,Alternative vendors being benchmarked,Renewed,"$354,100"
124,Travel & Events,Conference Venue Agreement #1123,Philippines,Titan Logistics Inc.,Internal - Corporate Affairs,Service level agreement reviewed annually,23-ก.พ.-2023,02-มี.ค.-2023,07-ก.พ.-2027,Kanokwan K.,Relationship manager reassigned this quarter,Negotiation in progress,"$356,800"
125,Telecommunications,VoIP Services Agreement #1124,Japan,Alliance Services K.K.,Internal - Finance Dept.,Exclusive regional distribution rights included,01-ม.ค.-2026,01-ม.ค.-2026,31-ม.ค.-2028,Aiko A.,Flagged for cost optimization review,Renewed,"$435,400"
126,Construction & Maintenance,Civil Works Contract #1125,Vietnam,Vanguard Group JSC,Internal - Legal Dept.,Pricing subject to annual CPI adjustment,08-ก.ค.-2024,15-ก.ค.-2024,09-พ.ย.-2026,Michael H.,No issues reported this cycle,Upcoming renewal,"$1,513,700"
127,Fleet & Transportation,Corporate Shuttle Service Contract #1126,Thailand,"Unity Trading Co., Ltd.","Summit Group Co., Ltd.",Includes quarterly business review meetings,03-ธ.ค.-2025,03-ธ.ค.-2025,30-ส.ค.-2028,Priya F.,No issues reported this cycle,Renewed,"$582,100"
128,HR & Payroll,Employee Benefits Administration #1127,South Korea,"Vertex Innovations Co., Ltd.",Internal - Procurement,-,28-เม.ย.-2022,28-เม.ย.-2022,18-ก.ค.-2024,Daniel S.,Flagged for cost optimization review,Expired/Not renewed,"$276,900"
129,Training & Development,Leadership Development Engagement #1128,Hong Kong,Orion Consulting Ltd.,Alliance Logistics Ltd.,"Multi-year framework agreement, reviewed yearly",03-พ.ย.-2024,17-พ.ย.-2024,19-ก.ย.-2027,Carlos T.,Relationship manager reassigned this quarter,Renewed,"$138,100"
130,Marketing,Creative & Branding Services #1129,Hong Kong,Anchor Logistics Ltd.,Internal - E-commerce,"Auto-renew clause, 30 days notice required",27-ก.พ.-2024,27-ก.พ.-2024,19-พ.ย.-2026,Siti T.,No issues reported this cycle,Upcoming renewal,"$368,400"
131,Marketing,Digital Marketing Retainer #1130,Singapore,Delta Trading Pte Ltd,Lumen Logistics Pte Ltd,Exclusive regional distribution rights included,26-ม.ค.-2025,02-ก.พ.-2025,06-พ.ย.-2026,Tanawat B.,Alternative vendors being benchmarked,Negotiation in progress,"$349,500"
132,Software Licensing,CRM Platform Subscription Agreement #1131,Vietnam,Lumen Partners JSC,Falcon Group JSC,Includes 24/7 support SLA with penalty clauses,12-ต.ค.-2025,12-ต.ค.-2025,19-ต.ค.-2026,Grace R.,Alternative vendors being benchmarked,Upcoming renewal,"$2,936,000"
133,Waste Management,Recycling Services Agreement #1132,United Kingdom,Crown Industries Ltd.,Internal - Legal Dept.,"Auto-renew clause, 30 days notice required",26-ก.ค.-2023,09-ส.ค.-2023,14-ธ.ค.-2026,Carlos D.,Scope extension being discussed with partner,Upcoming renewal,"$232,200"
134,Marketing,Digital Marketing Retainer #1133,Malaysia,Solace Logistics Sdn Bhd,Internal - IT Security,Includes quarterly business review meetings,11-ก.ย.-2025,11-ก.ย.-2025,29-พ.ย.-2027,Sarah B.,No issues reported this cycle,Renewed,"$143,300"
135,Construction & Maintenance,HVAC Maintenance Agreement #1134,Cambodia,"Solace Services Co., Ltd.",Internal - Legal Dept.,"Auto-renew clause, 45 days notice required",10-ก.พ.-2025,17-ก.พ.-2025,10-ก.พ.-2027,Daniel J.,Alternative vendors being benchmarked,Negotiation in progress,"$1,122,800"
136,Printing & Publishing,Corporate Printing Services Agreement #1135,Australia,Zenith Networks Pty Ltd,Internal - HR Dept.,Renewal contingent on performance KPIs,01-ม.ค.-2024,08-ม.ค.-2024,29-ต.ค.-2025,Tanawat H.,Alternative vendors being benchmarked,Expired/Not renewed,"$183,400"
137,Waste Management,Recycling Services Agreement #1136,Hong Kong,Vertex Ventures Ltd.,Internal - Admin Dept.,-,05-พ.ค.-2024,05-พ.ค.-2024,30-พ.ค.-2026,Anucha O.,-,Expired/Not renewed,"$87,900"
138,Marketing,Influencer Partnership Contract #1137,Japan,Radiant Enterprises K.K.,Internal - Supply Chain,-,30-พ.ย.-2022,07-ธ.ค.-2022,03-ส.ค.-2024,Somchai G.,Alternative vendors being benchmarked,Expired/Not renewed,"$824,700"
139,HR & Payroll,Employee Benefits Administration #1138,Taiwan,"Sterling Technologies Co., Ltd.",Internal - E-commerce,Includes 24/7 support SLA with penalty clauses,17-มิ.ย.-2023,17-มิ.ย.-2023,26-ม.ค.-2027,Priya I.,Scope extension being discussed with partner,Negotiation in progress,"$324,100"
140,Financial Services,Treasury Management Contract #1139,Australia,Zenith Logistics Pty Ltd,Internal - Admin Dept.,Pricing subject to annual CPI adjustment,21-ก.ค.-2025,21-ก.ค.-2025,22-พ.ย.-2028,Nattapong I.,Alternative vendors being benchmarked,Renewed,"$177,800"
141,Fleet & Transportation,Fleet Maintenance Agreement #1140,South Korea,"Emerald Services Co., Ltd.",Internal - Finance Dept.,Includes 24/7 support SLA with penalty clauses,24-พ.ย.-2024,24-พ.ย.-2024,05-พ.ย.-2026,Ploy O.,Flagged for cost optimization review,Upcoming renewal,"$653,900"
142,Logistics,Customs Brokerage Agreement #1141,Hong Kong,Apex Consulting Ltd.,Summit Solutions Ltd.,Pricing subject to annual CPI adjustment,22-ก.ย.-2025,22-ก.ย.-2025,10-ต.ค.-2026,James H.,No issues reported this cycle,Upcoming renewal,"$935,000"
143,Real Estate & Leasing,Retail Unit Lease Contract #1142,United Arab Emirates,Emerald Solutions LLC,Internal - E-commerce,Exclusive regional distribution rights included,02-มิ.ย.-2025,02-มิ.ย.-2025,10-ม.ค.-2028,Somchai A.,"Renewal quote received, under internal review",Renewed,"$2,536,000"
144,Legal,Compliance Advisory Agreement #1143,Hong Kong,NorthStar Industries Ltd.,Internal - E-commerce,"Multi-year framework agreement, reviewed yearly",04-พ.ค.-2023,11-พ.ค.-2023,13-มิ.ย.-2026,Ahmed I.,Legal review in progress before renewal,Expired/Not renewed,"$283,500"
145,Marketing,Creative & Branding Services #1144,Singapore,Horizon Ventures Pte Ltd,Internal - E-commerce,Pricing subject to annual CPI adjustment,01-ก.ย.-2023,08-ก.ย.-2023,27-มิ.ย.-2027,Suchada A.,"Renewal quote received, under internal review",Renewed,"$587,500"
146,Printing & Publishing,Annual Report Design & Print Contract #1145,Singapore,Crown Enterprises Pte Ltd,Pinnacle Innovations Pte Ltd,Pricing subject to annual CPI adjustment,10-พ.ย.-2026,10-พ.ย.-2026,16-ม.ค.-2028,Piyawan C.,Scope extension being discussed with partner,Renewed,"$186,100"
147,Fleet & Transportation,Vehicle Leasing Agreement #1146,Indonesia,Vanguard Consulting PT,Internal - Corporate Affairs,Pricing subject to annual CPI adjustment,05-พ.ค.-2025,19-พ.ค.-2025,26-ต.ค.-2026,Nathan S.,"Renewal quote received, under internal review",Negotiation in progress,"$676,000"
148,Manufacturing Supply,Packaging Supply Contract #1147,South Korea,"Meridian Services Co., Ltd.",Internal - Corporate Affairs,Exclusive regional distribution rights included,08-ต.ค.-2024,08-ต.ค.-2024,08-ก.ค.-2028,Michael A.,Vendor performance review scheduled,Renewed,"$1,487,700"
149,Fleet & Transportation,Corporate Shuttle Service Contract #1148,United Kingdom,Horizon Technologies Ltd.,Meridian Consulting Ltd.,Volume discount tier applies above threshold spend,25-ก.พ.-2027,04-มี.ค.-2027,12-ม.ค.-2029,Emily M.,-,Renewed,"$298,700"
150,Insurance,Property & Casualty Insurance Contract #1149,France,Orion Systems SAS,Internal - Marketing Dept.,Pricing subject to annual CPI adjustment,28-พ.ค.-2025,28-พ.ค.-2025,09-ก.ย.-2028,Chloe O.,"Renewal quote received, under internal review",Renewed,"$68,600"
151,Real Estate & Leasing,Retail Unit Lease Contract #1150,Myanmar,"Sterling Ventures Co., Ltd.",Internal - HR Dept.,Service level agreement reviewed annually,25-ม.ค.-2022,25-ม.ค.-2022,27-ธ.ค.-2025,Anucha S.,Legal review in progress before renewal,Expired/Not renewed,"$3,442,300"
152,Insurance,Cargo Insurance Agreement #1151,China,"Emerald Partners Co., Ltd.",Internal - HR Dept.,Includes 24/7 support SLA with penalty clauses,12-มิ.ย.-2024,12-มิ.ย.-2024,21-มิ.ย.-2027,Daniel J.,No issues reported this cycle,Renewed,"$1,418,000"
153,Consulting,Digital Transformation Consulting #1152,France,Pacific Partners SAS,Internal - HR Dept.,"Multi-year framework agreement, reviewed yearly",13-ก.ย.-2026,13-ก.ย.-2026,17-มิ.ย.-2028,Nathan K.,Budget approval pending for renewal,Renewed,"$412,000"
154,Security,Executive Protection Services #1153,United Kingdom,Sterling Technologies Ltd.,Emerald Industries Ltd.,"Multi-year framework agreement, reviewed yearly",10-ก.ค.-2022,10-ก.ค.-2022,26-ก.ค.-2025,Nathan I.,Flagged for cost optimization review,Expired/Not renewed,"$467,100"
155,Security,Executive Protection Services #1154,Taiwan,"Prime Dynamics Co., Ltd.","Silverline Dynamics Co., Ltd.",Service level agreement reviewed annually,12-ธ.ค.-2024,12-ธ.ค.-2024,24-ส.ค.-2027,Wanida N.,Alternative vendors being benchmarked,Renewed,"$137,600"
156,Marketing,Media Buying Agreement #1155,France,Solace Innovations SAS,Internal - E-commerce,Pricing subject to annual CPI adjustment,16-พ.ค.-2025,16-พ.ค.-2025,06-พ.ย.-2026,Daniel S.,No issues reported this cycle,Upcoming renewal,"$696,700"
157,Logistics,Freight Forwarding Contract #1156,Cambodia,"Vanguard Services Co., Ltd.","Delta Group Co., Ltd.",Includes 24/7 support SLA with penalty clauses,29-ต.ค.-2024,05-พ.ย.-2024,31-ม.ค.-2027,Kanokwan I.,Flagged for cost optimization review,Negotiation in progress,"$704,700"
158,Cleaning & Facility,Office Facility Management Contract #1157,United States,Prime Innovations Inc.,Internal - HR Dept.,Pricing subject to annual CPI adjustment,30-พ.ค.-2023,30-พ.ค.-2023,17-ธ.ค.-2026,Budi E.,"Renewal quote received, under internal review",Negotiation in progress,"$187,200"
159,Training & Development,Corporate Training Program Agreement #1158,France,Sterling Consulting SAS,Internal - Procurement,Renewal contingent on performance KPIs,27-มี.ค.-2027,27-มี.ค.-2027,25-ก.พ.-2029,Nattapong K.,Budget approval pending for renewal,Renewed,"$159,600"
160,Waste Management,Hazardous Waste Management Contract #1159,Germany,Beacon Industries GmbH,Evergreen Holdings GmbH,Exclusive regional distribution rights included,23-ต.ค.-2024,30-ต.ค.-2024,08-ธ.ค.-2026,Chloe M.,Scope extension being discussed with partner,Upcoming renewal,"$181,700"
161,Consulting,Digital Transformation Consulting #1160,China,"Meridian Group Co., Ltd.","Lumen Holdings Co., Ltd.",Pricing subject to annual CPI adjustment,17-มี.ค.-2024,31-มี.ค.-2024,28-ธ.ค.-2027,Michael G.,Alternative vendors being benchmarked,Renewed,"$1,160,500"
162,Real Estate & Leasing,Equipment Leasing Agreement #1161,United Kingdom,Radiant Group Ltd.,Internal - Finance Dept.,"Multi-year framework agreement, reviewed yearly",17-ก.ค.-2023,17-ก.ค.-2023,05-ม.ค.-2025,Aiko J.,"Renewal quote received, under internal review",Expired/Not renewed,"$1,600,300"
163,Security,Access Control System Contract #1162,United States,NorthStar Capital Inc.,Internal - Corporate Affairs,Includes quarterly business review meetings,08-ธ.ค.-2024,22-ธ.ค.-2024,11-ธ.ค.-2026,Nathan N.,Vendor performance review scheduled,Upcoming renewal,"$95,900"
164,Construction & Maintenance,HVAC Maintenance Agreement #1163,France,Trident Logistics SAS,Global Innovations SAS,Exclusive regional distribution rights included,17-มิ.ย.-2021,24-มิ.ย.-2021,02-เม.ย.-2025,Carlos M.,Relationship manager reassigned this quarter,Expired/Not renewed,"$1,377,300"
165,Security,Physical Security & Guard Services #1164,Vietnam,Pinnacle Solutions JSC,Crown Technologies JSC,Includes 24/7 support SLA with penalty clauses,16-ก.พ.-2024,01-มี.ค.-2024,23-ก.ย.-2027,Minji H.,Flagged for cost optimization review,Renewed,"$375,100"
166,Legal,Litigation Support Contract #1165,Cambodia,"Alliance Systems Co., Ltd.","Orion Logistics Co., Ltd.","Auto-renew clause, 60 days notice required",25-ก.ค.-2024,25-ก.ค.-2024,13-ธ.ค.-2026,Fatima N.,Legal review in progress before renewal,Upcoming renewal,"$526,800"
167,Financial Services,Payment Gateway Services Agreement #1166,Vietnam,Anchor Group JSC,Metro Enterprises JSC,Renewal contingent on performance KPIs,04-ก.ย.-2025,04-ก.ย.-2025,01-พ.ย.-2027,Chloe F.,No issues reported this cycle,Renewed,"$583,000"
168,Waste Management,Hazardous Waste Management Contract #1167,Philippines,Sterling Technologies Inc.,Internal - Operations,Service level agreement reviewed annually,28-ก.พ.-2021,28-ก.พ.-2021,19-มิ.ย.-2024,Kanokwan E.,Scope extension being discussed with partner,Expired/Not renewed,"$297,800"
169,Cleaning & Facility,Facility Maintenance Contract #1168,Australia,Metro Ventures Pty Ltd,Internal - Corporate Affairs,Includes quarterly business review meetings,29-มิ.ย.-2027,06-ก.ค.-2027,11-ม.ค.-2029,Daniel M.,Relationship manager reassigned this quarter,Renewed,"$185,300"
170,Travel & Events,Conference Venue Agreement #1169,Australia,Radiant Solutions Pty Ltd,Horizon Dynamics Pty Ltd,Includes 24/7 support SLA with penalty clauses,25-เม.ย.-2023,02-พ.ค.-2023,21-ก.ค.-2025,Ahmed C.,Budget approval pending for renewal,Expired/Not renewed,"$331,700"
171,Insurance,Cargo Insurance Agreement #1170,Australia,Onyx Partners Pty Ltd,Internal - Finance Dept.,Service level agreement reviewed annually,16-ต.ค.-2025,16-ต.ค.-2025,18-พ.ย.-2026,Suchada B.,Relationship manager reassigned this quarter,Upcoming renewal,"$1,396,300"
172,IT Services,Network Infrastructure Services #1171,Germany,Quantum Partners GmbH,Nova Holdings GmbH,Includes quarterly business review meetings,21-ม.ค.-2025,21-ม.ค.-2025,25-ธ.ค.-2026,Anucha L.,Alternative vendors being benchmarked,Negotiation in progress,"$1,039,100"
173,Marketing,Media Buying Agreement #1172,Malaysia,Global Enterprises Sdn Bhd,Internal - Legal Dept.,Exclusive regional distribution rights included,28-มี.ค.-2026,28-มี.ค.-2026,13-เม.ย.-2027,David R.,Relationship manager reassigned this quarter,Renewed,"$739,100"
174,Marketing,Influencer Partnership Contract #1173,South Korea,"Atlas Consulting Co., Ltd.","Pacific Group Co., Ltd.","Auto-renew clause, 90 days notice required",20-ธ.ค.-2024,20-ธ.ค.-2024,08-ต.ค.-2026,Yuki J.,Vendor performance review scheduled,Upcoming renewal,"$486,800"
175,Training & Development,Corporate Training Program Agreement #1174,United States,Silverline Partners Inc.,Trident Dynamics Inc.,Pricing subject to annual CPI adjustment,12-ส.ค.-2023,12-ส.ค.-2023,06-ต.ค.-2026,Anucha D.,Scope extension being discussed with partner,Upcoming renewal,"$289,300"
176,Telecommunications,Internet Leased Line Contract #1175,Vietnam,Metro Technologies JSC,Prime Technologies JSC,"Multi-year framework agreement, reviewed yearly",25-พ.ค.-2024,01-มิ.ย.-2024,04-ต.ค.-2026,Carlos M.,No issues reported this cycle,Negotiation in progress,"$282,400"
177,Marketing,Media Buying Agreement #1176,Hong Kong,Global Trading Ltd.,Vertex Ventures Ltd.,Volume discount tier applies above threshold spend,06-ก.พ.-2024,06-ก.พ.-2024,27-ก.ย.-2027,Daniel L.,Legal review in progress before renewal,Renewed,"$34,700"
178,Consulting,Change Management Engagement #1177,Singapore,Summit Ventures Pte Ltd,Internal - IT Security,Volume discount tier applies above threshold spend,20-ม.ค.-2025,20-ม.ค.-2025,28-พ.ย.-2026,Chloe M.,Scope extension being discussed with partner,Upcoming renewal,"$137,000"
179,Cleaning & Facility,Office Facility Management Contract #1178,Taiwan,"Sterling Ventures Co., Ltd.",Internal - IT Security,Exclusive regional distribution rights included,08-ส.ค.-2026,08-ส.ค.-2026,04-ธ.ค.-2027,Priya N.,Relationship manager reassigned this quarter,Renewed,"$39,300"
180,Real Estate & Leasing,Office Space Lease Agreement #1179,Myanmar,"Summit Technologies Co., Ltd.","Evergreen Group Co., Ltd.",Includes quarterly business review meetings,15-พ.ย.-2022,29-พ.ย.-2022,04-พ.ย.-2026,James A.,Budget approval pending for renewal,Upcoming renewal,"$3,925,800"
181,Cleaning & Facility,Facility Maintenance Contract #1180,China,"Alliance Solutions Co., Ltd.",Internal - HR Dept.,Pricing subject to annual CPI adjustment,04-มิ.ย.-2027,11-มิ.ย.-2027,14-พ.ย.-2028,Wanida I.,Relationship manager reassigned this quarter,Renewed,"$164,800"
182,Fleet & Transportation,Fleet Maintenance Agreement #1181,Philippines,Orion Holdings Inc.,Internal - Marketing Dept.,Includes 24/7 support SLA with penalty clauses,06-ม.ค.-2026,06-ม.ค.-2026,06-เม.ย.-2027,Budi H.,Alternative vendors being benchmarked,Renewed,"$235,200"
183,Cleaning & Facility,Pest Control Services Agreement #1182,Philippines,Apex Networks Inc.,Internal - Admin Dept.,"Auto-renew clause, 30 days notice required",23-ธ.ค.-2021,23-ธ.ค.-2021,24-ม.ค.-2025,Michael I.,Scope extension being discussed with partner,Expired/Not renewed,"$180,700"
184,Printing & Publishing,Annual Report Design & Print Contract #1183,Singapore,Vanguard Consulting Pte Ltd,Titan Technologies Pte Ltd,Includes quarterly business review meetings,02-มี.ค.-2026,02-มี.ค.-2026,15-เม.ย.-2028,Anucha S.,Scope extension being discussed with partner,Renewed,"$114,900"
185,Training & Development,Corporate Training Program Agreement #1184,United States,Radiant Innovations Inc.,Quantum Industries Inc.,"Auto-renew clause, 60 days notice required",21-ธ.ค.-2023,21-ธ.ค.-2023,29-พ.ย.-2026,Somchai N.,Legal review in progress before renewal,Upcoming renewal,"$285,800"
186,Legal,IP & Trademark Registration Services #1185,Japan,Ivory Industries K.K.,Internal - IT Dept.,Pricing subject to annual CPI adjustment,14-พ.ย.-2022,21-พ.ย.-2022,20-ต.ค.-2026,Minji C.,"Renewal quote received, under internal review",Upcoming renewal,"$425,000"
187,Fleet & Transportation,Vehicle Leasing Agreement #1186,Malaysia,Granite Partners Sdn Bhd,Internal - HR Dept.,Pricing subject to annual CPI adjustment,18-เม.ย.-2025,18-เม.ย.-2025,15-ส.ค.-2027,Suchada N.,Budget approval pending for renewal,Renewed,"$249,700"
188,Construction & Maintenance,HVAC Maintenance Agreement #1187,France,Cascade Industries SAS,Internal - Admin Dept.,Renewal contingent on performance KPIs,08-เม.ย.-2023,08-เม.ย.-2023,17-พ.ย.-2026,Kanokwan E.,Scope extension being discussed with partner,Upcoming renewal,"$827,900"
189,Training & Development,Leadership Development Engagement #1188,India,Beacon Systems Pvt. Ltd.,Horizon Holdings Pvt. Ltd.,Pricing subject to annual CPI adjustment,02-ม.ค.-2025,02-ม.ค.-2025,01-พ.ย.-2026,Priya W.,Flagged for cost optimization review,Upcoming renewal,"$216,200"
190,Logistics,Customs Brokerage Agreement #1189,India,Unity Holdings Pvt. Ltd.,Internal - HR Dept.,"Multi-year framework agreement, reviewed yearly",20-ธ.ค.-2025,20-ธ.ค.-2025,25-ส.ค.-2027,Sarah D.,Scope extension being discussed with partner,Renewed,"$157,900"
191,Software Licensing,Enterprise Software License (ERP) #1190,United States,Horizon Systems Inc.,Meridian Solutions Inc.,Includes 24/7 support SLA with penalty clauses,21-ก.ค.-2023,21-ก.ค.-2023,30-พ.ค.-2026,Carlos O.,Vendor performance review scheduled,Expired/Not renewed,"$152,000"
192,Fleet & Transportation,Corporate Shuttle Service Contract #1191,Germany,Vanguard Innovations GmbH,Internal - IT Security,Service level agreement reviewed annually,23-เม.ย.-2024,23-เม.ย.-2024,07-พ.ย.-2026,Aiko L.,No issues reported this cycle,Negotiation in progress,"$412,500"
193,Real Estate & Leasing,Retail Unit Lease Contract #1192,Myanmar,"Metro Technologies Co., Ltd.",Internal - E-commerce,Renewal contingent on performance KPIs,21-มิ.ย.-2023,21-มิ.ย.-2023,26-ต.ค.-2026,Suchada C.,Flagged for cost optimization review,Negotiation in progress,"$3,231,100"
194,IT Services,Network Infrastructure Services #1193,United Kingdom,Falcon Innovations Ltd.,Internal - Finance Dept.,Includes quarterly business review meetings,30-พ.ย.-2023,14-ธ.ค.-2023,27-ก.ย.-2026,Michael M.,Relationship manager reassigned this quarter,Negotiation in progress,"$610,000"
195,Printing & Publishing,Signage & Print Production Agreement #1194,United States,Radiant Industries Inc.,Pacific Industries Inc.,Exclusive regional distribution rights included,22-ก.พ.-2025,08-มี.ค.-2025,31-พ.ค.-2027,Sarah I.,Vendor performance review scheduled,Renewed,"$170,100"
196,Security,Executive Protection Services #1195,South Korea,"Radiant Services Co., Ltd.","Falcon Solutions Co., Ltd.",Includes 24/7 support SLA with penalty clauses,11-ก.ค.-2020,25-ก.ค.-2020,28-เม.ย.-2024,Emily T.,"Renewal quote received, under internal review",Expired/Not renewed,"$164,900"
197,Logistics,Freight Forwarding Contract #1196,South Korea,"Solace Industries Co., Ltd.",Internal - Finance Dept.,Pricing subject to annual CPI adjustment,27-พ.ย.-2023,27-พ.ย.-2023,24-ต.ค.-2026,Laura W.,-,Negotiation in progress,"$1,657,900"
198,Cleaning & Facility,Facility Maintenance Contract #1197,Cambodia,"NorthStar Group Co., Ltd.","Orion Consulting Co., Ltd.",Exclusive regional distribution rights included,08-ม.ค.-2024,08-ม.ค.-2024,29-ต.ค.-2026,Grace T.,Budget approval pending for renewal,Upcoming renewal,"$341,800"
199,Security,Access Control System Contract #1198,Taiwan,"Trident Trading Co., Ltd.",Internal - Corporate Affairs,-,15-พ.ค.-2026,15-พ.ค.-2026,30-ม.ค.-2028,Nathan J.,No issues reported this cycle,Renewed,"$368,500"
200,Logistics,Fleet Logistics Services Contract #1199,Philippines,Solace Services Inc.,Trident Industries Inc.,Service level agreement reviewed annually,31-พ.ค.-2024,31-พ.ค.-2024,30-ก.ย.-2026,Kanokwan P.,Budget approval pending for renewal,Upcoming renewal,"$1,769,200"
201,Training & Development,E-Learning Platform License #1200,Thailand,"Unity Enterprises Co., Ltd.",Internal - Marketing Dept.,Service level agreement reviewed annually,17-มี.ค.-2024,24-มี.ค.-2024,23-พ.ค.-2027,Hiroshi D.,Relationship manager reassigned this quarter,Renewed,"$222,400"
202,Software Licensing,CRM Platform Subscription Agreement #1201,United States,Lumen Ventures Inc.,Internal - Finance Dept.,Volume discount tier applies above threshold spend,31-ม.ค.-2024,31-ม.ค.-2024,25-ก.ย.-2026,Wei O.,Budget approval pending for renewal,Upcoming renewal,"$973,200"
203,Security,Executive Protection Services #1202,United Kingdom,BlueSky Consulting Ltd.,Internal - Marketing Dept.,Service level agreement reviewed annually,16-ก.พ.-2027,02-มี.ค.-2027,01-ก.พ.-2029,Tanawat A.,"Renewal quote received, under internal review",Renewed,"$446,500"
204,Construction & Maintenance,Elevator Maintenance Contract #1203,Japan,Quantum Networks K.K.,Lumen Systems K.K.,"Auto-renew clause, 60 days notice required",09-ก.พ.-2023,09-ก.พ.-2023,10-พ.ย.-2026,Priya H.,"Renewal quote received, under internal review",Upcoming renewal,"$132,600"
205,Insurance,Property & Casualty Insurance Contract #1204,Myanmar,"Crest Enterprises Co., Ltd.",Internal - Admin Dept.,Includes quarterly business review meetings,31-ต.ค.-2024,07-พ.ย.-2024,31-ก.ค.-2027,Arjun C.,Flagged for cost optimization review,Renewed,"$722,300"
206,Software Licensing,Enterprise Software License (ERP) #1205,Philippines,Orion Ventures Inc.,Internal - Finance Dept.,Volume discount tier applies above threshold spend,06-พ.ค.-2025,20-พ.ค.-2025,21-พ.ย.-2027,Hiroshi O.,Budget approval pending for renewal,Renewed,"$208,400"
207,Waste Management,Hazardous Waste Management Contract #1206,Germany,Radiant Industries GmbH,Internal - HR Dept.,Exclusive regional distribution rights included,01-เม.ย.-2026,08-เม.ย.-2026,02-ส.ค.-2028,Daniel S.,Flagged for cost optimization review,Renewed,"$96,700"
208,Fleet & Transportation,Vehicle Leasing Agreement #1207,Hong Kong,Pinnacle Partners Ltd.,Internal - Finance Dept.,Exclusive regional distribution rights included,21-ม.ค.-2025,28-ม.ค.-2025,25-เม.ย.-2026,Wei G.,Vendor performance review scheduled,Expired/Not renewed,"$89,000"
209,Real Estate & Leasing,Retail Unit Lease Contract #1208,China,"Sterling Consulting Co., Ltd.",Internal - E-commerce,Service level agreement reviewed annually,05-พ.ค.-2023,12-พ.ค.-2023,16-เม.ย.-2027,Michael I.,No issues reported this cycle,Renewed,"$607,000"
210,Fleet & Transportation,Corporate Shuttle Service Contract #1209,Cambodia,"Pacific Group Co., Ltd.",Internal - Marketing Dept.,Exclusive regional distribution rights included,31-พ.ค.-2023,31-พ.ค.-2023,23-ม.ค.-2027,Ahmed N.,No issues reported this cycle,Negotiation in progress,"$171,500"
211,Real Estate & Leasing,Office Space Lease Agreement #1210,United Kingdom,Apex Ventures Ltd.,Bright Industries Ltd.,Includes 24/7 support SLA with penalty clauses,21-ก.ย.-2023,21-ก.ย.-2023,12-ส.ค.-2026,Tanawat I.,Scope extension being discussed with partner,Expired/Not renewed,"$1,589,200"
212,Cleaning & Facility,Office Facility Management Contract #1211,India,Anchor Services Pvt. Ltd.,Internal - HR Dept.,"Auto-renew clause, 90 days notice required",03-เม.ย.-2023,17-เม.ย.-2023,03-ม.ค.-2027,Carlos O.,Vendor performance review scheduled,Negotiation in progress,"$304,800"
213,Marketing,Media Buying Agreement #1212,India,Granite Ventures Pvt. Ltd.,Internal - E-commerce,"Auto-renew clause, 45 days notice required",20-มิ.ย.-2025,20-มิ.ย.-2025,16-ต.ค.-2026,Nattapong F.,Scope extension being discussed with partner,Upcoming renewal,"$49,100"
214,Telecommunications,Corporate Mobile Plan Agreement #1213,United States,Beacon Capital Inc.,Internal - Marketing Dept.,Pricing subject to annual CPI adjustment,29-มิ.ย.-2026,06-ก.ค.-2026,03-ก.ค.-2028,Sarah L.,Vendor performance review scheduled,Renewed,"$419,100"
215,Telecommunications,Internet Leased Line Contract #1214,Vietnam,Titan Solutions JSC,Internal - Legal Dept.,"Auto-renew clause, 60 days notice required",04-ก.ย.-2024,18-ก.ย.-2024,04-ม.ค.-2028,David H.,Vendor performance review scheduled,Renewed,"$33,600"
216,Security,Executive Protection Services #1215,Myanmar,"Global Industries Co., Ltd.",Internal - Operations,Renewal contingent on performance KPIs,20-ธ.ค.-2022,20-ธ.ค.-2022,19-พ.ค.-2025,Chloe M.,Alternative vendors being benchmarked,Expired/Not renewed,"$241,300"
217,Fleet & Transportation,Corporate Shuttle Service Contract #1216,Malaysia,Global Capital Sdn Bhd,Orion Technologies Sdn Bhd,Includes quarterly business review meetings,31-ธ.ค.-2023,31-ธ.ค.-2023,26-ต.ค.-2026,Kanokwan P.,Vendor performance review scheduled,Upcoming renewal,"$249,800"
218,Printing & Publishing,Signage & Print Production Agreement #1217,South Korea,"Summit Ventures Co., Ltd.","Vertex Solutions Co., Ltd.",-,24-ก.ย.-2023,01-ต.ค.-2023,06-ม.ค.-2027,Ploy J.,Scope extension being discussed with partner,Negotiation in progress,"$148,700"
219,Construction & Maintenance,Elevator Maintenance Contract #1218,South Korea,"Lumen Innovations Co., Ltd.","Falcon Capital Co., Ltd.",Renewal contingent on performance KPIs,12-ก.พ.-2023,12-ก.พ.-2023,03-ต.ค.-2026,Wei S.,Budget approval pending for renewal,Upcoming renewal,"$1,488,300"
220,Marketing,Influencer Partnership Contract #1219,South Korea,"Falcon Industries Co., Ltd.","Nova Networks Co., Ltd.",-,16-พ.ย.-2026,23-พ.ย.-2026,21-ก.ค.-2028,Yuki I.,No issues reported this cycle,Renewed,"$67,200"
221,Marketing,Creative & Branding Services #1220,United Arab Emirates,Quantum Capital LLC,Internal - IT Security,-,02-ม.ค.-2025,02-ม.ค.-2025,10-ต.ค.-2026,Priya N.,Vendor performance review scheduled,Upcoming renewal,"$321,500"
222,Construction & Maintenance,Elevator Maintenance Contract #1221,Philippines,Horizon Innovations Inc.,Internal - Legal Dept.,Includes 24/7 support SLA with penalty clauses,10-พ.ย.-2025,24-พ.ย.-2025,04-พ.ย.-2027,Suchada A.,Vendor performance review scheduled,Renewed,"$1,534,900"
223,Real Estate & Leasing,Retail Unit Lease Contract #1222,Germany,Delta Ventures GmbH,Internal - Finance Dept.,Renewal contingent on performance KPIs,24-มี.ค.-2027,24-มี.ค.-2027,20-เม.ย.-2028,Somchai B.,-,Renewed,"$3,796,400"
224,IT Services,Managed IT Services Agreement #1223,South Korea,"Crown Trading Co., Ltd.",Internal - Marketing Dept.,Renewal contingent on performance KPIs,25-ม.ค.-2024,25-ม.ค.-2024,26-ก.ย.-2026,Priya F.,Flagged for cost optimization review,Upcoming renewal,"$1,183,300"
225,Construction & Maintenance,HVAC Maintenance Agreement #1224,Germany,Vertex Services GmbH,Emerald Trading GmbH,-,24-ม.ค.-2025,24-ม.ค.-2025,19-ต.ค.-2026,Wei M.,Vendor performance review scheduled,Upcoming renewal,"$1,474,800"
226,Legal,Regulatory Filing Services #1225,United States,Apex Ventures Inc.,Unity Logistics Inc.,Exclusive regional distribution rights included,16-ม.ค.-2026,16-ม.ค.-2026,24-เม.ย.-2027,Suchada D.,Flagged for cost optimization review,Renewed,"$258,800"
227,Telecommunications,Satellite Communication Contract #1226,United Arab Emirates,NorthStar Enterprises LLC,Global Technologies LLC,-,22-มิ.ย.-2023,22-มิ.ย.-2023,26-ต.ค.-2026,Kanokwan R.,Legal review in progress before renewal,Negotiation in progress,"$367,900"
228,Legal,Regulatory Filing Services #1227,Malaysia,Emerald Enterprises Sdn Bhd,Internal - Operations,"Multi-year framework agreement, reviewed yearly",09-มี.ค.-2026,09-มี.ค.-2026,31-ม.ค.-2028,Carlos L.,Budget approval pending for renewal,Renewed,"$335,700"
229,HR & Payroll,Recruitment Services Agreement #1228,Thailand,"Global Consulting Co., Ltd.","Pinnacle Innovations Co., Ltd.",Includes quarterly business review meetings,27-เม.ย.-2024,27-เม.ย.-2024,03-ต.ค.-2026,Anucha R.,Relationship manager reassigned this quarter,Upcoming renewal,"$190,800"
230,Logistics,Customs Brokerage Agreement #1229,Malaysia,Evergreen Logistics Sdn Bhd,Orion Services Sdn Bhd,Service level agreement reviewed annually,28-มิ.ย.-2025,28-มิ.ย.-2025,17-ก.ค.-2026,Budi D.,Budget approval pending for renewal,Expired/Not renewed,"$1,210,900"
231,Training & Development,Corporate Training Program Agreement #1230,Myanmar,"Cascade Consulting Co., Ltd.",Internal - Supply Chain,Includes 24/7 support SLA with penalty clauses,29-ธ.ค.-2025,05-ม.ค.-2026,14-ก.ค.-2028,Budi M.,Vendor performance review scheduled,Renewed,"$210,100"
232,Legal,Litigation Support Contract #1231,Indonesia,Summit Holdings PT,Internal - Corporate Affairs,Includes 24/7 support SLA with penalty clauses,06-ก.พ.-2027,06-ก.พ.-2027,05-เม.ย.-2028,Ravi F.,Alternative vendors being benchmarked,Renewed,"$297,600"
233,Training & Development,Leadership Development Engagement #1232,Singapore,Meridian Systems Pte Ltd,Global Capital Pte Ltd,"Multi-year framework agreement, reviewed yearly",09-มิ.ย.-2027,16-มิ.ย.-2027,27-ธ.ค.-2028,David K.,Budget approval pending for renewal,Renewed,"$201,900"
234,Software Licensing,Business Intelligence Platform License #1233,Indonesia,Onyx Logistics PT,Internal - Legal Dept.,Includes quarterly business review meetings,05-ก.พ.-2024,05-ก.พ.-2024,22-พ.ย.-2026,Ploy F.,Flagged for cost optimization review,Upcoming renewal,"$1,009,400"
235,HR & Payroll,HR Systems Implementation Contract #1234,Taiwan,"Atlas Ventures Co., Ltd.","Horizon Dynamics Co., Ltd.","Auto-renew clause, 15 days notice required",24-ส.ค.-2022,24-ส.ค.-2022,01-มิ.ย.-2025,Ravi C.,Alternative vendors being benchmarked,Expired/Not renewed,"$392,600"
236,Manufacturing Supply,Component Manufacturing Contract #1235,Singapore,Onyx Solutions Pte Ltd,Solace Technologies Pte Ltd,-,28-มิ.ย.-2024,05-ก.ค.-2024,04-ต.ค.-2026,Siti K.,Relationship manager reassigned this quarter,Negotiation in progress,"$1,394,700"
237,Financial Services,Payment Gateway Services Agreement #1236,France,Alliance Group SAS,Crown Solutions SAS,Includes 24/7 support SLA with penalty clauses,16-ก.ย.-2026,16-ก.ย.-2026,20-เม.ย.-2028,Ahmed J.,Alternative vendors being benchmarked,Renewed,"$900,000"
238,Legal,IP & Trademark Registration Services #1237,China,"Trident Enterprises Co., Ltd.",Internal - HR Dept.,-,27-มี.ค.-2024,27-มี.ค.-2024,23-ก.ค.-2027,Siti G.,Relationship manager reassigned this quarter,Renewed,"$557,100"
239,Training & Development,Leadership Development Engagement #1238,Cambodia,"Granite Partners Co., Ltd.","Global Capital Co., Ltd.",Service level agreement reviewed annually,28-ก.ค.-2020,11-ส.ค.-2020,26-เม.ย.-2024,Suchada S.,Vendor performance review scheduled,Expired/Not renewed,"$236,500"
240,Cleaning & Facility,Pest Control Services Agreement #1239,Malaysia,Atlas Services Sdn Bhd,Internal - HR Dept.,Service level agreement reviewed annually,17-เม.ย.-2024,24-เม.ย.-2024,17-ธ.ค.-2026,Sarah I.,No issues reported this cycle,Negotiation in progress,"$283,600"
241,Printing & Publishing,Corporate Printing Services Agreement #1240,India,Onyx Services Pvt. Ltd.,Onyx Enterprises Pvt. Ltd.,Pricing subject to annual CPI adjustment,25-มิ.ย.-2026,25-มิ.ย.-2026,22-มี.ค.-2028,Fatima W.,Budget approval pending for renewal,Renewed,"$103,300"
242,Waste Management,Recycling Services Agreement #1241,United Arab Emirates,Radiant Networks LLC,Lumen Technologies LLC,"Multi-year framework agreement, reviewed yearly",15-ม.ค.-2025,15-ม.ค.-2025,08-พ.ย.-2026,Somchai R.,Vendor performance review scheduled,Upcoming renewal,"$204,400"
243,Insurance,Group Health Insurance Policy #1242,China,"NorthStar Logistics Co., Ltd.","Titan Enterprises Co., Ltd.",Renewal contingent on performance KPIs,15-ส.ค.-2024,29-ส.ค.-2024,01-ธ.ค.-2026,Ahmed O.,-,Upcoming renewal,"$601,700"
244,Software Licensing,Cybersecurity Software License #1243,United Kingdom,Zenith Services Ltd.,Summit Solutions Ltd.,Pricing subject to annual CPI adjustment,09-ต.ค.-2020,09-ต.ค.-2020,03-เม.ย.-2024,Carlos W.,Flagged for cost optimization review,Expired/Not renewed,"$2,736,700"
245,Real Estate & Leasing,Office Space Lease Agreement #1244,Japan,Quantum Technologies K.K.,Internal - IT Security,Renewal contingent on performance KPIs,23-มิ.ย.-2024,23-มิ.ย.-2024,04-ส.ค.-2027,Aiko F.,Vendor performance review scheduled,Renewed,"$2,171,100"
246,Security,Access Control System Contract #1245,Cambodia,"Unity Solutions Co., Ltd.",Internal - Procurement,Includes quarterly business review meetings,03-ก.ย.-2023,17-ก.ย.-2023,29-ธ.ค.-2024,Piyawan E.,No issues reported this cycle,Expired/Not renewed,"$423,900"
247,Waste Management,Hazardous Waste Management Contract #1246,United States,Meridian Services Inc.,Internal - Legal Dept.,"Multi-year framework agreement, reviewed yearly",26-ส.ค.-2023,26-ส.ค.-2023,29-พ.ย.-2026,Wanida R.,Budget approval pending for renewal,Upcoming renewal,"$111,300"
248,Financial Services,Corporate Banking Services Agreement #1247,India,Silverline Capital Pvt. Ltd.,Internal - E-commerce,Pricing subject to annual CPI adjustment,09-ก.ย.-2026,09-ก.ย.-2026,20-ม.ค.-2029,Budi L.,"Renewal quote received, under internal review",Renewed,"$692,100"
249,Software Licensing,Cybersecurity Software License #1248,China,"Lumen Technologies Co., Ltd.",Internal - E-commerce,Volume discount tier applies above threshold spend,14-พ.ย.-2024,14-พ.ย.-2024,13-ธ.ค.-2026,Ravi P.,Flagged for cost optimization review,Upcoming renewal,"$1,553,800"
250,Waste Management,Waste Collection & Disposal Contract #1249,Thailand,"Meridian Enterprises Co., Ltd.","Silverline Networks Co., Ltd.",Service level agreement reviewed annually,24-ก.พ.-2021,24-ก.พ.-2021,03-ส.ค.-2024,Fatima S.,Relationship manager reassigned this quarter,Expired/Not renewed,"$226,600"
251,Construction & Maintenance,Building Renovation Contract #1250,Singapore,Horizon Consulting Pte Ltd,Internal - Operations,Exclusive regional distribution rights included,26-มี.ค.-2025,02-เม.ย.-2025,08-ก.ค.-2028,David I.,Flagged for cost optimization review,Renewed,"$649,900"
252,IT Services,Data Center Colocation Contract #1251,Myanmar,"Meridian Logistics Co., Ltd.","Meridian Trading Co., Ltd.",Includes 24/7 support SLA with penalty clauses,04-พ.ค.-2024,04-พ.ค.-2024,28-ต.ค.-2025,Kanokwan J.,Alternative vendors being benchmarked,Expired/Not renewed,"$1,932,000"
253,IT Services,Data Center Colocation Contract #1252,United Arab Emirates,BlueSky Industries LLC,Internal - HR Dept.,Service level agreement reviewed annually,19-พ.ย.-2025,03-ธ.ค.-2025,25-ธ.ค.-2026,Arjun E.,-,Negotiation in progress,"$2,196,900"
254,IT Services,Network Infrastructure Services #1253,Cambodia,"Solace Ventures Co., Ltd.",Internal - Marketing Dept.,-,14-เม.ย.-2025,14-เม.ย.-2025,30-ม.ค.-2027,Fatima L.,Scope extension being discussed with partner,Negotiation in progress,"$525,300"
255,Legal,Regulatory Filing Services #1254,Philippines,Pinnacle Logistics Inc.,Onyx Dynamics Inc.,Includes 24/7 support SLA with penalty clauses,29-พ.ค.-2026,29-พ.ค.-2026,16-ธ.ค.-2027,Wanida J.,Budget approval pending for renewal,Renewed,"$439,500"
256,Cleaning & Facility,Facility Maintenance Contract #1255,South Korea,"Pacific Technologies Co., Ltd.",Internal - Admin Dept.,Pricing subject to annual CPI adjustment,16-ม.ค.-2025,30-ม.ค.-2025,08-ธ.ค.-2026,Ploy O.,Vendor performance review scheduled,Negotiation in progress,"$202,700"
257,IT Services,Network Infrastructure Services #1256,Australia,Metro Industries Pty Ltd,Delta Systems Pty Ltd,Includes 24/7 support SLA with penalty clauses,16-พ.ย.-2021,16-พ.ย.-2021,16-พ.ค.-2025,James K.,"Renewal quote received, under internal review",Expired/Not renewed,"$1,954,900"
258,Security,Executive Protection Services #1257,Myanmar,"Horizon Systems Co., Ltd.","Vertex Enterprises Co., Ltd.",-,12-มิ.ย.-2020,12-มิ.ย.-2020,15-เม.ย.-2024,Wanida C.,No issues reported this cycle,Expired/Not renewed,"$409,100"
259,Consulting,Change Management Engagement #1258,Singapore,Onyx Systems Pte Ltd,Internal - E-commerce,Volume discount tier applies above threshold spend,26-ก.พ.-2025,05-มี.ค.-2025,04-ธ.ค.-2026,Emily L.,Budget approval pending for renewal,Negotiation in progress,"$621,300"
260,Printing & Publishing,Corporate Printing Services Agreement #1259,Thailand,"Metro Holdings Co., Ltd.","Vertex Dynamics Co., Ltd.","Auto-renew clause, 30 days notice required",25-ธ.ค.-2022,01-ม.ค.-2023,26-ต.ค.-2024,Aiko T.,Relationship manager reassigned this quarter,Expired/Not renewed,"$188,100"
261,HR & Payroll,Recruitment Services Agreement #1260,Vietnam,Unity Trading JSC,Internal - IT Security,Pricing subject to annual CPI adjustment,09-เม.ย.-2027,09-เม.ย.-2027,12-ก.ค.-2028,Yuki M.,Flagged for cost optimization review,Renewed,"$392,500"
262,Telecommunications,VoIP Services Agreement #1261,China,"Radiant Holdings Co., Ltd.",Internal - HR Dept.,Pricing subject to annual CPI adjustment,19-ธ.ค.-2022,26-ธ.ค.-2022,17-พ.ย.-2026,Wanida R.,Relationship manager reassigned this quarter,Negotiation in progress,"$260,000"
263,Real Estate & Leasing,Office Space Lease Agreement #1262,Thailand,"Granite Partners Co., Ltd.",Internal - Admin Dept.,Volume discount tier applies above threshold spend,17-ก.ย.-2023,01-ต.ค.-2023,11-ต.ค.-2026,Minji G.,Alternative vendors being benchmarked,Upcoming renewal,"$3,600,600"
264,Construction & Maintenance,HVAC Maintenance Agreement #1263,Malaysia,Crest Innovations Sdn Bhd,Internal - Corporate Affairs,"Auto-renew clause, 90 days notice required",28-พ.ย.-2024,28-พ.ย.-2024,23-ต.ค.-2026,Daniel A.,Vendor performance review scheduled,Negotiation in progress,"$1,268,300"
265,Logistics,Fleet Logistics Services Contract #1264,Philippines,Unity Holdings Inc.,Internal - HR Dept.,Includes 24/7 support SLA with penalty clauses,05-ก.ค.-2022,19-ก.ค.-2022,23-ม.ค.-2026,Nattapong J.,Scope extension being discussed with partner,Expired/Not renewed,"$1,787,400"
266,Manufacturing Supply,OEM Production Agreement #1265,Myanmar,"NorthStar Holdings Co., Ltd.",Internal - E-commerce,Service level agreement reviewed annually,13-ส.ค.-2023,13-ส.ค.-2023,30-ธ.ค.-2024,Wei K.,-,Expired/Not renewed,"$1,575,000"
267,Consulting,Strategy Advisory Retainer #1266,Hong Kong,Granite Networks Ltd.,Solace Group Ltd.,Service level agreement reviewed annually,04-ธ.ค.-2024,04-ธ.ค.-2024,29-ก.ย.-2028,Tanawat W.,Flagged for cost optimization review,Renewed,"$148,100"
268,IT Services,Data Center Colocation Contract #1267,Germany,Ivory Networks GmbH,Internal - IT Dept.,-,08-มี.ค.-2022,08-มี.ค.-2022,26-เม.ย.-2025,Chloe H.,Alternative vendors being benchmarked,Expired/Not renewed,"$1,505,500"
269,Cleaning & Facility,Pest Control Services Agreement #1268,China,"Crest Industries Co., Ltd.","Horizon Technologies Co., Ltd.",Exclusive regional distribution rights included,17-ต.ค.-2022,17-ต.ค.-2022,21-ก.ย.-2026,Hiroshi G.,Budget approval pending for renewal,Upcoming renewal,"$186,700"
270,Manufacturing Supply,OEM Production Agreement #1269,United States,Pacific Partners Inc.,Internal - Corporate Affairs,Exclusive regional distribution rights included,19-ก.ย.-2025,26-ก.ย.-2025,12-เม.ย.-2028,Hiroshi S.,Flagged for cost optimization review,Renewed,"$3,044,400"
271,Travel & Events,Conference Venue Agreement #1270,Philippines,Orion Innovations Inc.,Internal - Operations,Service level agreement reviewed annually,10-มิ.ย.-2027,10-มิ.ย.-2027,07-ก.พ.-2029,Ahmed M.,Scope extension being discussed with partner,Renewed,"$184,200"
272,Printing & Publishing,Corporate Printing Services Agreement #1271,United Kingdom,Bright Logistics Ltd.,Internal - IT Security,"Multi-year framework agreement, reviewed yearly",01-ก.ค.-2025,01-ก.ค.-2025,08-ธ.ค.-2028,Anucha E.,"Renewal quote received, under internal review",Renewed,"$17,500"
273,Real Estate & Leasing,Retail Unit Lease Contract #1272,Singapore,Atlas Ventures Pte Ltd,Internal - E-commerce,Renewal contingent on performance KPIs,06-มิ.ย.-2027,06-มิ.ย.-2027,26-มิ.ย.-2028,Suchada F.,Scope extension being discussed with partner,Renewed,"$4,260,300"
274,Logistics,Freight Forwarding Contract #1273,Myanmar,"Granite Capital Co., Ltd.","Trident Holdings Co., Ltd.",Pricing subject to annual CPI adjustment,19-มี.ค.-2026,19-มี.ค.-2026,12-ก.ย.-2027,Yuki H.,Alternative vendors being benchmarked,Renewed,"$1,414,400"
275,Fleet & Transportation,Fleet Maintenance Agreement #1274,Japan,Ivory Solutions K.K.,Meridian Consulting K.K.,"Multi-year framework agreement, reviewed yearly",30-ก.ย.-2022,30-ก.ย.-2022,10-ก.ย.-2025,Arjun S.,Alternative vendors being benchmarked,Expired/Not renewed,"$219,100"
276,Fleet & Transportation,Fleet Maintenance Agreement #1275,Thailand,"Unity Holdings Co., Ltd.",Internal - Marketing Dept.,-,04-ธ.ค.-2022,04-ธ.ค.-2022,20-ต.ค.-2026,Wanida R.,Relationship manager reassigned this quarter,Negotiation in progress,"$791,000"
277,Software Licensing,Enterprise Software License (ERP) #1276,Cambodia,"Crest Industries Co., Ltd.","Beacon Dynamics Co., Ltd.",Exclusive regional distribution rights included,02-ต.ค.-2024,02-ต.ค.-2024,27-ธ.ค.-2026,Tanawat D.,Flagged for cost optimization review,Negotiation in progress,"$2,405,500"
278,Waste Management,Hazardous Waste Management Contract #1277,Thailand,"Unity Industries Co., Ltd.",Internal - HR Dept.,-,01-ก.พ.-2024,01-ก.พ.-2024,03-ต.ค.-2027,Laura C.,Vendor performance review scheduled,Renewed,"$112,500"
279,Consulting,Strategy Advisory Retainer #1278,United Arab Emirates,Quantum Industries LLC,Unity Enterprises LLC,Volume discount tier applies above threshold spend,19-ต.ค.-2023,19-ต.ค.-2023,02-ก.ย.-2025,Carlos H.,No issues reported this cycle,Expired/Not renewed,"$179,100"
280,IT Services,Managed IT Services Agreement #1279,Taiwan,"Apex Innovations Co., Ltd.",Internal - Supply Chain,-,24-เม.ย.-2024,01-พ.ค.-2024,25-พ.ย.-2026,Minji P.,-,Upcoming renewal,"$617,500"
281,Printing & Publishing,Signage & Print Production Agreement #1280,Germany,Crest Logistics GmbH,Internal - HR Dept.,"Auto-renew clause, 15 days notice required",14-ต.ค.-2020,21-ต.ค.-2020,16-ก.ย.-2024,Aiko O.,Scope extension being discussed with partner,Expired/Not renewed,"$66,600"
282,Software Licensing,CRM Platform Subscription Agreement #1281,Cambodia,"Pacific Services Co., Ltd.",Internal - Operations,"Multi-year framework agreement, reviewed yearly",29-พ.ย.-2023,29-พ.ย.-2023,17-ธ.ค.-2026,Hiroshi H.,Budget approval pending for renewal,Negotiation in progress,"$1,508,800"
283,Financial Services,Treasury Management Contract #1282,United Kingdom,Cascade Dynamics Ltd.,Internal - Legal Dept.,Service level agreement reviewed annually,02-ก.ย.-2021,09-ก.ย.-2021,10-ก.พ.-2025,Kanokwan I.,-,Expired/Not renewed,"$220,200"
284,Security,CCTV Monitoring Agreement #1283,Germany,Emerald Partners GmbH,Ivory Services GmbH,Service level agreement reviewed annually,25-ก.ค.-2027,01-ส.ค.-2027,05-พ.ย.-2028,Priya I.,Scope extension being discussed with partner,Renewed,"$63,000"
285,Telecommunications,VoIP Services Agreement #1284,United Arab Emirates,Pacific Dynamics LLC,Unity Trading LLC,-,04-ต.ค.-2023,18-ต.ค.-2023,06-ต.ค.-2026,Hiroshi L.,Vendor performance review scheduled,Upcoming renewal,"$155,300"
286,Insurance,Cyber Liability Insurance Policy #1285,United States,Sterling Capital Inc.,Internal - Procurement,Pricing subject to annual CPI adjustment,29-ก.ย.-2026,29-ก.ย.-2026,21-ก.ค.-2028,Anucha M.,No issues reported this cycle,Renewed,"$971,700"
287,Fleet & Transportation,Corporate Shuttle Service Contract #1286,United Kingdom,Meridian Consulting Ltd.,Internal - Admin Dept.,Pricing subject to annual CPI adjustment,26-ก.ย.-2025,26-ก.ย.-2025,13-ธ.ค.-2028,Michael J.,Flagged for cost optimization review,Renewed,"$801,200"
288,Training & Development,Leadership Development Engagement #1287,Germany,BlueSky Holdings GmbH,Vertex Industries GmbH,Includes 24/7 support SLA with penalty clauses,04-มิ.ย.-2025,04-มิ.ย.-2025,31-ธ.ค.-2026,Hiroshi C.,-,Negotiation in progress,"$28,500"
289,IT Services,IT Helpdesk & Support Contract #1288,United Kingdom,Ivory Consulting Ltd.,Internal - Corporate Affairs,Service level agreement reviewed annually,14-เม.ย.-2024,21-เม.ย.-2024,23-พ.ย.-2026,Anucha M.,Vendor performance review scheduled,Negotiation in progress,"$1,596,100"
290,IT Services,Data Center Colocation Contract #1289,Singapore,Falcon Services Pte Ltd,Beacon Systems Pte Ltd,-,07-ก.ย.-2022,21-ก.ย.-2022,17-ก.ย.-2024,Ravi E.,Flagged for cost optimization review,Expired/Not renewed,"$1,526,200"
291,Waste Management,Recycling Services Agreement #1290,India,Falcon Innovations Pvt. Ltd.,Internal - Marketing Dept.,Service level agreement reviewed annually,28-ธ.ค.-2024,28-ธ.ค.-2024,10-ก.ย.-2027,Priya L.,Legal review in progress before renewal,Renewed,"$10,000"
292,Travel & Events,Corporate Travel Management Agreement #1291,Taiwan,"Global Innovations Co., Ltd.","Crest Technologies Co., Ltd.",Renewal contingent on performance KPIs,07-มี.ค.-2024,07-มี.ค.-2024,11-เม.ย.-2027,Chloe J.,Alternative vendors being benchmarked,Renewed,"$170,600"
293,HR & Payroll,HR Systems Implementation Contract #1292,Philippines,Atlas Ventures Inc.,Internal - Marketing Dept.,Renewal contingent on performance KPIs,06-มิ.ย.-2022,06-มิ.ย.-2022,13-ธ.ค.-2024,Sarah R.,Alternative vendors being benchmarked,Expired/Not renewed,"$264,700"
294,Consulting,Change Management Engagement #1293,Vietnam,Evergreen Partners JSC,Internal - IT Security,"Auto-renew clause, 90 days notice required",01-ส.ค.-2026,01-ส.ค.-2026,19-ส.ค.-2028,Ravi I.,-,Renewed,"$62,500"
295,Security,Physical Security & Guard Services #1294,Malaysia,Titan Systems Sdn Bhd,Internal - Finance Dept.,Includes 24/7 support SLA with penalty clauses,05-ก.ย.-2024,05-ก.ย.-2024,23-พ.ย.-2026,David C.,Relationship manager reassigned this quarter,Upcoming renewal,"$218,800"
296,Logistics,Freight Forwarding Contract #1295,Australia,Horizon Partners Pty Ltd,Internal - HR Dept.,"Multi-year framework agreement, reviewed yearly",03-ก.ย.-2023,03-ก.ย.-2023,23-ต.ค.-2026,Tanawat F.,Relationship manager reassigned this quarter,Upcoming renewal,"$263,400"
297,HR & Payroll,Recruitment Services Agreement #1296,Singapore,Quantum Dynamics Pte Ltd,Pacific Capital Pte Ltd,"Auto-renew clause, 90 days notice required",27-เม.ย.-2025,27-เม.ย.-2025,17-ก.พ.-2028,Tanawat M.,Flagged for cost optimization review,Renewed,"$257,200"
298,Legal,IP & Trademark Registration Services #1297,China,"Crest Technologies Co., Ltd.",Internal - IT Dept.,-,31-ม.ค.-2027,31-ม.ค.-2027,01-มี.ค.-2028,Budi H.,Alternative vendors being benchmarked,Renewed,"$479,700"
299,HR & Payroll,Outsourced Payroll Processing Contract #1298,Thailand,"Apex Innovations Co., Ltd.","NorthStar Trading Co., Ltd.",Service level agreement reviewed annually,03-ก.พ.-2026,03-ก.พ.-2026,27-ธ.ค.-2028,Sarah F.,"Renewal quote received, under internal review",Renewed,"$38,000"
300,Cleaning & Facility,Janitorial Services Agreement #1299,United Arab Emirates,Crown Services LLC,Falcon Dynamics LLC,Includes 24/7 support SLA with penalty clauses,30-พ.ค.-2024,30-พ.ค.-2024,25-ต.ค.-2026,Nattapong M.,Legal review in progress before renewal,Negotiation in progress,"$175,000"
301,Waste Management,Hazardous Waste Management Contract #1300,United Arab Emirates,Quantum Holdings LLC,Internal - Supply Chain,Includes 24/7 support SLA with penalty clauses,03-ก.พ.-2023,03-ก.พ.-2023,27-ธ.ค.-2024,Siti I.,Legal review in progress before renewal,Expired/Not renewed,"$164,000"
302,Waste Management,Hazardous Waste Management Contract #1301,United States,Beacon Solutions Inc.,Granite Ventures Inc.,Renewal contingent on performance KPIs,08-ธ.ค.-2025,08-ธ.ค.-2025,10-เม.ย.-2028,Aiko A.,Scope extension being discussed with partner,Renewed,"$219,100"
303,Printing & Publishing,Annual Report Design & Print Contract #1302,United Arab Emirates,Onyx Partners LLC,Internal - Supply Chain,Service level agreement reviewed annually,31-ก.ค.-2025,31-ก.ค.-2025,14-ธ.ค.-2026,Michael D.,-,Upcoming renewal,"$167,900"
304,Consulting,Change Management Engagement #1303,Malaysia,Emerald Enterprises Sdn Bhd,Internal - Corporate Affairs,-,23-มิ.ย.-2026,23-มิ.ย.-2026,28-พ.ย.-2028,Ploy R.,-,Renewed,"$465,000"
305,Consulting,Change Management Engagement #1304,United Arab Emirates,Horizon Dynamics LLC,Summit Trading LLC,Includes quarterly business review meetings,16-ธ.ค.-2021,16-ธ.ค.-2021,03-ธ.ค.-2025,Yuki B.,Scope extension being discussed with partner,Expired/Not renewed,"$891,800"
306,Printing & Publishing,Corporate Printing Services Agreement #1305,Malaysia,Pacific Industries Sdn Bhd,Internal - Admin Dept.,-,06-มิ.ย.-2024,06-มิ.ย.-2024,04-ต.ค.-2027,Sarah T.,Relationship manager reassigned this quarter,Renewed,"$154,400"
307,Manufacturing Supply,OEM Production Agreement #1306,Malaysia,BlueSky Holdings Sdn Bhd,Internal - E-commerce,Pricing subject to annual CPI adjustment,15-มิ.ย.-2022,15-มิ.ย.-2022,05-มิ.ย.-2025,Wei S.,Alternative vendors being benchmarked,Expired/Not renewed,"$2,245,300"
308,Manufacturing Supply,Packaging Supply Contract #1307,Australia,Solace Industries Pty Ltd,Internal - Admin Dept.,Includes quarterly business review meetings,10-มี.ค.-2022,10-มี.ค.-2022,31-พ.ค.-2025,Hiroshi L.,-,Expired/Not renewed,"$2,932,600"
309,Printing & Publishing,Corporate Printing Services Agreement #1308,Indonesia,Nova Solutions PT,Internal - Admin Dept.,-,24-ก.พ.-2022,10-มี.ค.-2022,25-ก.ย.-2024,Michael A.,Vendor performance review scheduled,Expired/Not renewed,"$104,700"
310,Legal,Compliance Advisory Agreement #1309,Singapore,Beacon Trading Pte Ltd,Internal - Operations,"Multi-year framework agreement, reviewed yearly",18-พ.ค.-2025,01-มิ.ย.-2025,06-ธ.ค.-2026,Sarah H.,Budget approval pending for renewal,Negotiation in progress,"$248,900"
311,Travel & Events,Corporate Travel Management Agreement #1310,Philippines,Emerald Group Inc.,Internal - Operations,Exclusive regional distribution rights included,20-ส.ค.-2021,20-ส.ค.-2021,04-ก.ค.-2024,Nathan C.,"Renewal quote received, under internal review",Expired/Not renewed,"$353,100"
312,HR & Payroll,Outsourced Payroll Processing Contract #1311,Myanmar,"Global Ventures Co., Ltd.",Internal - E-commerce,Exclusive regional distribution rights included,10-พ.ค.-2024,10-พ.ค.-2024,03-มี.ค.-2028,Michael S.,No issues reported this cycle,Renewed,"$74,000"
313,Fleet & Transportation,Vehicle Leasing Agreement #1312,Hong Kong,Horizon Industries Ltd.,Internal - HR Dept.,Volume discount tier applies above threshold spend,11-ส.ค.-2025,25-ส.ค.-2025,03-ธ.ค.-2026,James K.,Flagged for cost optimization review,Upcoming renewal,"$371,300"
314,Manufacturing Supply,Packaging Supply Contract #1313,Indonesia,Vertex Innovations PT,Internal - Finance Dept.,Exclusive regional distribution rights included,06-พ.ค.-2026,06-พ.ค.-2026,21-ก.ย.-2028,Carlos S.,No issues reported this cycle,Renewed,"$379,400"
315,Marketing,Influencer Partnership Contract #1314,Malaysia,Zenith Networks Sdn Bhd,Internal - Admin Dept.,Includes 24/7 support SLA with penalty clauses,01-มี.ค.-2026,01-มี.ค.-2026,10-ก.พ.-2028,Ahmed W.,Vendor performance review scheduled,Renewed,"$562,300"
316,Training & Development,Corporate Training Program Agreement #1315,Singapore,Crown Enterprises Pte Ltd,NorthStar Consulting Pte Ltd,Volume discount tier applies above threshold spend,23-ส.ค.-2023,23-ส.ค.-2023,03-เม.ย.-2026,Suchada H.,Relationship manager reassigned this quarter,Expired/Not renewed,"$109,500"
317,Travel & Events,Conference Venue Agreement #1316,Thailand,"Bright Enterprises Co., Ltd.","Silverline Enterprises Co., Ltd.",Renewal contingent on performance KPIs,13-ก.ค.-2026,20-ก.ค.-2026,26-ส.ค.-2027,Hiroshi S.,Legal review in progress before renewal,Renewed,"$237,400"
318,Security,Physical Security & Guard Services #1317,Singapore,Titan Enterprises Pte Ltd,Trident Systems Pte Ltd,"Auto-renew clause, 45 days notice required",07-มิ.ย.-2024,07-มิ.ย.-2024,14-ธ.ค.-2026,Siti A.,Alternative vendors being benchmarked,Upcoming renewal,"$434,200"
319,HR & Payroll,Recruitment Services Agreement #1318,United Kingdom,Granite Group Ltd.,Emerald Consulting Ltd.,Renewal contingent on performance KPIs,23-ธ.ค.-2023,23-ธ.ค.-2023,04-ก.พ.-2025,Carlos R.,Budget approval pending for renewal,Expired/Not renewed,"$110,200"
320,Travel & Events,Event Management Services Contract #1319,United Kingdom,BlueSky Solutions Ltd.,Internal - Supply Chain,Exclusive regional distribution rights included,20-ก.ย.-2022,20-ก.ย.-2022,06-เม.ย.-2025,Priya H.,Flagged for cost optimization review,Expired/Not renewed,"$254,100"
321,Telecommunications,Satellite Communication Contract #1320,South Korea,"NorthStar Services Co., Ltd.","Vertex Consulting Co., Ltd.",Pricing subject to annual CPI adjustment,10-มิ.ย.-2023,10-มิ.ย.-2023,30-ต.ค.-2026,David N.,Flagged for cost optimization review,Negotiation in progress,"$638,600"
322,Cleaning & Facility,Janitorial Services Agreement #1321,Japan,Vertex Enterprises K.K.,Nova Capital K.K.,Renewal contingent on performance KPIs,15-ธ.ค.-2026,15-ธ.ค.-2026,02-พ.ย.-2028,Chloe E.,Vendor performance review scheduled,Renewed,"$33,100"
323,Construction & Maintenance,Elevator Maintenance Contract #1322,Indonesia,Prime Services PT,Zenith Networks PT,-,11-มี.ค.-2025,11-มี.ค.-2025,15-ต.ค.-2026,Ravi I.,Legal review in progress before renewal,Upcoming renewal,"$389,900"
324,Real Estate & Leasing,Equipment Leasing Agreement #1323,Cambodia,"Trident Industries Co., Ltd.",Internal - Admin Dept.,Includes 24/7 support SLA with penalty clauses,06-ก.พ.-2025,20-ก.พ.-2025,21-พ.ย.-2026,Nattapong L.,Vendor performance review scheduled,Upcoming renewal,"$4,238,400"
325,Software Licensing,Enterprise Software License (ERP) #1324,United Arab Emirates,Crest Partners LLC,Internal - Admin Dept.,Volume discount tier applies above threshold spend,08-เม.ย.-2023,08-เม.ย.-2023,06-ก.ค.-2025,Daniel A.,Relationship manager reassigned this quarter,Expired/Not renewed,"$2,279,400"
326,Real Estate & Leasing,Office Space Lease Agreement #1325,United Arab Emirates,Sterling Dynamics LLC,Delta Ventures LLC,Includes 24/7 support SLA with penalty clauses,26-ก.พ.-2023,26-ก.พ.-2023,05-ก.พ.-2027,Nathan K.,-,Negotiation in progress,"$2,627,200"
327,HR & Payroll,Outsourced Payroll Processing Contract #1326,Hong Kong,Lumen Ventures Ltd.,Apex Ventures Ltd.,Includes quarterly business review meetings,27-มิ.ย.-2025,04-ก.ค.-2025,09-ก.พ.-2028,Carlos J.,-,Renewed,"$79,100"
328,Printing & Publishing,Corporate Printing Services Agreement #1327,Indonesia,Beacon Dynamics PT,Internal - E-commerce,Includes 24/7 support SLA with penalty clauses,10-ธ.ค.-2022,17-ธ.ค.-2022,19-ก.ย.-2024,Aiko T.,Vendor performance review scheduled,Expired/Not renewed,"$85,600"
329,Training & Development,Leadership Development Engagement #1328,Cambodia,"Quantum Dynamics Co., Ltd.",Internal - Supply Chain,Exclusive regional distribution rights included,05-พ.ย.-2023,05-พ.ย.-2023,17-พ.ย.-2026,Wei D.,No issues reported this cycle,Upcoming renewal,"$161,900"
330,Security,Executive Protection Services #1329,United Kingdom,Onyx Ventures Ltd.,Internal - Legal Dept.,Includes 24/7 support SLA with penalty clauses,10-พ.ย.-2024,17-พ.ย.-2024,02-มี.ค.-2026,Emily F.,Vendor performance review scheduled,Expired/Not renewed,"$164,400"
331,Legal,Corporate Legal Advisory Retainer #1330,Indonesia,Quantum Solutions PT,Internal - Operations,"Multi-year framework agreement, reviewed yearly",29-ม.ค.-2024,12-ก.พ.-2024,22-ก.พ.-2025,Siti P.,No issues reported this cycle,Expired/Not renewed,"$531,400"
332,Travel & Events,Corporate Travel Management Agreement #1331,France,Zenith Dynamics SAS,Internal - Corporate Affairs,"Auto-renew clause, 45 days notice required",12-ธ.ค.-2024,12-ธ.ค.-2024,10-ก.พ.-2027,Sarah S.,-,Negotiation in progress,"$82,100"
333,Cleaning & Facility,Office Facility Management Contract #1332,Singapore,Pinnacle Technologies Pte Ltd,Internal - Marketing Dept.,-,02-ส.ค.-2023,16-ส.ค.-2023,20-มี.ค.-2026,Kanokwan N.,Flagged for cost optimization review,Expired/Not renewed,"$234,700"
334,Security,Executive Protection Services #1333,France,Radiant Trading SAS,Horizon Technologies SAS,Includes 24/7 support SLA with penalty clauses,09-ก.พ.-2021,23-ก.พ.-2021,17-ก.ค.-2024,Yuki M.,"Renewal quote received, under internal review",Expired/Not renewed,"$46,500"
335,Telecommunications,Internet Leased Line Contract #1334,Australia,Ivory Networks Pty Ltd,Internal - Procurement,-,20-ม.ค.-2025,20-ม.ค.-2025,07-ม.ค.-2029,Suchada D.,Alternative vendors being benchmarked,Renewed,"$348,900"
336,Real Estate & Leasing,Retail Unit Lease Contract #1335,Australia,Unity Capital Pty Ltd,Internal - Corporate Affairs,-,26-พ.ย.-2024,03-ธ.ค.-2024,17-ก.ย.-2028,James W.,Legal review in progress before renewal,Renewed,"$4,049,500"
337,Consulting,Strategy Advisory Retainer #1336,Thailand,"Alliance Solutions Co., Ltd.",Internal - Marketing Dept.,Includes quarterly business review meetings,27-ส.ค.-2024,27-ส.ค.-2024,04-พ.ย.-2026,Daniel N.,"Renewal quote received, under internal review",Upcoming renewal,"$783,100"
338,Insurance,Cargo Insurance Agreement #1337,India,Granite Services Pvt. Ltd.,Alliance Services Pvt. Ltd.,Pricing subject to annual CPI adjustment,09-พ.ค.-2025,09-พ.ค.-2025,03-พ.ค.-2027,Grace T.,Relationship manager reassigned this quarter,Renewed,"$515,900"
339,Logistics,Last-Mile Delivery Partnership #1338,Indonesia,Crest Partners PT,Internal - E-commerce,Pricing subject to annual CPI adjustment,04-ส.ค.-2022,04-ส.ค.-2022,06-ก.ค.-2026,Siti N.,Flagged for cost optimization review,Expired/Not renewed,"$1,038,600"
340,IT Services,IT Helpdesk & Support Contract #1339,Japan,Pinnacle Services K.K.,Falcon Consulting K.K.,Exclusive regional distribution rights included,28-ธ.ค.-2022,28-ธ.ค.-2022,26-ธ.ค.-2026,Minji A.,No issues reported this cycle,Negotiation in progress,"$1,461,800"
341,Legal,Litigation Support Contract #1340,India,Sterling Logistics Pvt. Ltd.,Internal - Marketing Dept.,Volume discount tier applies above threshold spend,08-พ.ย.-2025,22-พ.ย.-2025,07-ก.พ.-2028,Sarah L.,-,Renewed,"$191,900"
342,Consulting,Strategy Advisory Retainer #1341,Vietnam,Anchor Capital JSC,Internal - Finance Dept.,Service level agreement reviewed annually,05-ก.ย.-2020,05-ก.ย.-2020,12-ส.ค.-2024,Carlos K.,Flagged for cost optimization review,Expired/Not renewed,"$939,600"
343,Cleaning & Facility,Office Facility Management Contract #1342,Japan,Apex Dynamics K.K.,Internal - E-commerce,"Auto-renew clause, 15 days notice required",04-เม.ย.-2023,04-เม.ย.-2023,28-ก.ย.-2024,Somchai J.,Flagged for cost optimization review,Expired/Not renewed,"$168,700"
344,Insurance,Cargo Insurance Agreement #1343,Thailand,"Pinnacle Technologies Co., Ltd.",Internal - Admin Dept.,Includes quarterly business review meetings,15-เม.ย.-2024,22-เม.ย.-2024,04-ก.พ.-2027,Carlos G.,Vendor performance review scheduled,Negotiation in progress,"$1,016,600"
345,Telecommunications,VoIP Services Agreement #1344,Malaysia,Global Capital Sdn Bhd,Internal - E-commerce,-,13-มิ.ย.-2024,13-มิ.ย.-2024,27-ต.ค.-2026,Michael I.,Flagged for cost optimization review,Upcoming renewal,"$68,400"
346,Training & Development,Corporate Training Program Agreement #1345,Singapore,Vertex Solutions Pte Ltd,Internal - IT Security,-,04-ก.ย.-2023,04-ก.ย.-2023,14-พ.ย.-2026,Kanokwan M.,No issues reported this cycle,Upcoming renewal,"$214,400"
347,Financial Services,Audit & Assurance Engagement #1346,India,Bright Enterprises Pvt. Ltd.,Lumen Consulting Pvt. Ltd.,Includes 24/7 support SLA with penalty clauses,31-ม.ค.-2021,31-ม.ค.-2021,16-ก.ย.-2024,James C.,Scope extension being discussed with partner,Expired/Not renewed,"$471,900"
348,HR & Payroll,Employee Benefits Administration #1347,Indonesia,Trident Systems PT,Vanguard Holdings PT,Includes 24/7 support SLA with penalty clauses,10-ต.ค.-2023,10-ต.ค.-2023,09-มิ.ย.-2027,Michael O.,Legal review in progress before renewal,Renewed,"$150,300"
349,Financial Services,Corporate Banking Services Agreement #1348,Myanmar,"Pinnacle Partners Co., Ltd.",Internal - HR Dept.,Exclusive regional distribution rights included,05-ก.พ.-2024,12-ก.พ.-2024,07-ก.พ.-2028,Michael S.,No issues reported this cycle,Renewed,"$418,800"
350,HR & Payroll,Recruitment Services Agreement #1349,Taiwan,"BlueSky Innovations Co., Ltd.",Internal - Supply Chain,Volume discount tier applies above threshold spend,22-พ.ย.-2025,22-พ.ย.-2025,19-มี.ค.-2028,Chloe N.,Relationship manager reassigned this quarter,Renewed,"$270,100"
351,Legal,Litigation Support Contract #1350,Cambodia,"Solace Dynamics Co., Ltd.",Internal - Marketing Dept.,Exclusive regional distribution rights included,29-ต.ค.-2024,12-พ.ย.-2024,22-มิ.ย.-2026,Aiko J.,Relationship manager reassigned this quarter,Expired/Not renewed,"$466,200"
352,Logistics,Warehouse Lease & Operation Agreement #1351,Vietnam,Silverline Partners JSC,Global Partners JSC,Pricing subject to annual CPI adjustment,09-ธ.ค.-2024,09-ธ.ค.-2024,13-ม.ค.-2027,Ravi S.,No issues reported this cycle,Negotiation in progress,"$1,242,700"
353,Insurance,Cyber Liability Insurance Policy #1352,Germany,Falcon Consulting GmbH,Internal - Corporate Affairs,Pricing subject to annual CPI adjustment,14-ส.ค.-2025,14-ส.ค.-2025,30-พ.ย.-2026,James J.,Legal review in progress before renewal,Upcoming renewal,"$1,063,900"
354,IT Services,Managed IT Services Agreement #1353,South Korea,"Delta Ventures Co., Ltd.",Internal - Procurement,Renewal contingent on performance KPIs,09-พ.ย.-2025,16-พ.ย.-2025,06-พ.ย.-2027,Grace M.,Budget approval pending for renewal,Renewed,"$416,500"
355,Manufacturing Supply,Raw Material Supply Agreement #1354,Indonesia,Titan Partners PT,Internal - Marketing Dept.,Exclusive regional distribution rights included,01-มี.ค.-2026,01-มี.ค.-2026,21-ส.ค.-2027,Emily P.,No issues reported this cycle,Renewed,"$2,604,700"
356,Manufacturing Supply,Packaging Supply Contract #1355,Myanmar,"Evergreen Dynamics Co., Ltd.",Internal - E-commerce,"Multi-year framework agreement, reviewed yearly",09-ธ.ค.-2025,23-ธ.ค.-2025,07-ม.ค.-2027,Nathan L.,Legal review in progress before renewal,Negotiation in progress,"$2,042,800"
357,Manufacturing Supply,Packaging Supply Contract #1356,Taiwan,"Pinnacle Trading Co., Ltd.",Internal - IT Dept.,Includes quarterly business review meetings,24-ส.ค.-2025,07-ก.ย.-2025,24-มิ.ย.-2027,Yuki D.,Flagged for cost optimization review,Renewed,"$3,936,000"
358,Marketing,Digital Marketing Retainer #1357,Hong Kong,Trident Consulting Ltd.,Internal - IT Security,Renewal contingent on performance KPIs,04-พ.ย.-2022,04-พ.ย.-2022,03-พ.ย.-2026,Priya W.,No issues reported this cycle,Upcoming renewal,"$432,600"
359,Construction & Maintenance,Elevator Maintenance Contract #1358,Germany,Falcon Technologies GmbH,Internal - IT Dept.,Includes quarterly business review meetings,22-พ.ย.-2026,06-ธ.ค.-2026,16-พ.ย.-2028,Hiroshi B.,-,Renewed,"$126,900"
360,Insurance,Cargo Insurance Agreement #1359,United Arab Emirates,Horizon Partners LLC,Internal - Operations,-,27-ต.ค.-2025,27-ต.ค.-2025,25-พ.ย.-2026,James W.,Relationship manager reassigned this quarter,Negotiation in progress,"$917,600"
361,Financial Services,Corporate Banking Services Agreement #1360,Philippines,Unity Industries Inc.,Internal - E-commerce,Exclusive regional distribution rights included,13-ก.พ.-2023,20-ก.พ.-2023,31-ธ.ค.-2024,Laura C.,Scope extension being discussed with partner,Expired/Not renewed,"$760,200"
362,Training & Development,Corporate Training Program Agreement #1361,Philippines,Silverline Trading Inc.,Internal - Operations,Renewal contingent on performance KPIs,18-พ.ย.-2025,25-พ.ย.-2025,03-ส.ค.-2028,Suchada F.,Alternative vendors being benchmarked,Renewed,"$226,400"
363,Software Licensing,Enterprise Software License (ERP) #1362,United Arab Emirates,Unity Partners LLC,Internal - HR Dept.,Renewal contingent on performance KPIs,21-ธ.ค.-2022,21-ธ.ค.-2022,10-ธ.ค.-2026,Arjun O.,Alternative vendors being benchmarked,Negotiation in progress,"$314,700"
364,Real Estate & Leasing,Retail Unit Lease Contract #1363,China,"Bright Systems Co., Ltd.",Internal - Marketing Dept.,Renewal contingent on performance KPIs,05-มี.ค.-2022,19-มี.ค.-2022,26-ก.ค.-2024,Grace O.,Vendor performance review scheduled,Expired/Not renewed,"$3,864,000"
365,Construction & Maintenance,Building Renovation Contract #1364,Taiwan,"Global Solutions Co., Ltd.","Global Networks Co., Ltd.",-,05-ก.ค.-2024,05-ก.ค.-2024,02-ธ.ค.-2026,Kanokwan O.,-,Negotiation in progress,"$92,200"
366,Real Estate & Leasing,Equipment Leasing Agreement #1365,Japan,Solace Group K.K.,Alliance Consulting K.K.,Includes quarterly business review meetings,14-ม.ค.-2027,14-ม.ค.-2027,26-ม.ค.-2029,James M.,Relationship manager reassigned this quarter,Renewed,"$3,493,500"
367,Marketing,Brand Campaign Agreement #1366,France,Cascade Networks SAS,Sterling Systems SAS,Includes quarterly business review meetings,03-มิ.ย.-2022,03-มิ.ย.-2022,06-ส.ค.-2025,Wanida I.,Vendor performance review scheduled,Expired/Not renewed,"$896,400"
368,Training & Development,Leadership Development Engagement #1367,Vietnam,Emerald Enterprises JSC,Internal - Legal Dept.,Includes 24/7 support SLA with penalty clauses,11-ส.ค.-2024,25-ส.ค.-2024,15-พ.ย.-2026,Ploy D.,"Renewal quote received, under internal review",Upcoming renewal,"$196,600"
369,Logistics,Warehouse Lease & Operation Agreement #1368,Vietnam,Meridian Systems JSC,Prime Innovations JSC,-,25-ก.พ.-2026,25-ก.พ.-2026,01-ม.ค.-2028,Somchai B.,Flagged for cost optimization review,Renewed,"$1,633,100"
370,Travel & Events,Corporate Travel Management Agreement #1369,United Arab Emirates,Delta Ventures LLC,Meridian Industries LLC,Exclusive regional distribution rights included,24-พ.ย.-2023,24-พ.ย.-2023,28-พ.ย.-2026,Nathan P.,"Renewal quote received, under internal review",Upcoming renewal,"$275,900"
371,Financial Services,Treasury Management Contract #1370,Taiwan,"Bright Consulting Co., Ltd.","Titan Enterprises Co., Ltd.",Pricing subject to annual CPI adjustment,28-พ.ย.-2024,28-พ.ย.-2024,04-ก.พ.-2028,Piyawan M.,"Renewal quote received, under internal review",Renewed,"$641,700"
372,Training & Development,Leadership Development Engagement #1371,Japan,Vertex Logistics K.K.,Internal - Procurement,Includes 24/7 support SLA with penalty clauses,10-พ.ค.-2024,17-พ.ค.-2024,06-ก.พ.-2027,Sarah P.,-,Negotiation in progress,"$164,800"
373,Construction & Maintenance,Civil Works Contract #1372,Singapore,Bright Logistics Pte Ltd,Internal - Admin Dept.,"Auto-renew clause, 60 days notice required",26-ก.ค.-2025,26-ก.ค.-2025,09-ต.ค.-2026,Emily T.,No issues reported this cycle,Negotiation in progress,"$990,600"
374,Logistics,Last-Mile Delivery Partnership #1373,South Korea,"Vertex Solutions Co., Ltd.",Internal - IT Dept.,-,23-ก.ค.-2027,23-ก.ค.-2027,29-พ.ย.-2028,Kanokwan O.,Scope extension being discussed with partner,Renewed,"$249,800"
375,Marketing,Digital Marketing Retainer #1374,Japan,Delta Services K.K.,Vanguard Services K.K.,Pricing subject to annual CPI adjustment,02-เม.ย.-2022,02-เม.ย.-2022,11-มิ.ย.-2024,James K.,"Renewal quote received, under internal review",Expired/Not renewed,"$541,900"
376,Telecommunications,Satellite Communication Contract #1375,Indonesia,Zenith Holdings PT,Onyx Holdings PT,Includes 24/7 support SLA with penalty clauses,25-ส.ค.-2023,25-ส.ค.-2023,03-ต.ค.-2026,Sarah T.,-,Upcoming renewal,"$30,600"
377,IT Services,IT Helpdesk & Support Contract #1376,Philippines,Horizon Technologies Inc.,Internal - Finance Dept.,Service level agreement reviewed annually,06-มี.ค.-2025,13-มี.ค.-2025,20-ก.ย.-2028,Fatima E.,-,Renewed,"$659,000"
378,Real Estate & Leasing,Retail Unit Lease Contract #1377,Philippines,Emerald Consulting Inc.,Internal - Operations,-,05-ก.พ.-2026,19-ก.พ.-2026,17-ต.ค.-2027,Daniel A.,Flagged for cost optimization review,Renewed,"$4,885,100"
379,Printing & Publishing,Corporate Printing Services Agreement #1378,South Korea,"Beacon Enterprises Co., Ltd.",Internal - Admin Dept.,Includes quarterly business review meetings,18-มิ.ย.-2026,18-มิ.ย.-2026,14-ก.ย.-2027,Emily P.,Alternative vendors being benchmarked,Renewed,"$130,700"
380,Telecommunications,Corporate Mobile Plan Agreement #1379,Australia,Trident Dynamics Pty Ltd,Internal - Procurement,"Multi-year framework agreement, reviewed yearly",04-มิ.ย.-2021,04-มิ.ย.-2021,23-เม.ย.-2025,Aiko F.,No issues reported this cycle,Expired/Not renewed,"$68,200"
381,Fleet & Transportation,Vehicle Leasing Agreement #1380,Australia,Zenith Enterprises Pty Ltd,Sterling Industries Pty Ltd,Volume discount tier applies above threshold spend,22-ก.ย.-2024,29-ก.ย.-2024,12-พ.ย.-2026,Michael H.,No issues reported this cycle,Upcoming renewal,"$804,400"
382,Travel & Events,Event Management Services Contract #1381,Singapore,Delta Partners Pte Ltd,Internal - Corporate Affairs,"Multi-year framework agreement, reviewed yearly",15-ธ.ค.-2024,15-ธ.ค.-2024,16-ม.ค.-2027,Aiko M.,Vendor performance review scheduled,Negotiation in progress,"$390,500"
383,Logistics,Customs Brokerage Agreement #1382,Cambodia,"Summit Systems Co., Ltd.",Internal - Finance Dept.,-,12-พ.ค.-2023,26-พ.ค.-2023,19-ม.ค.-2026,Daniel F.,No issues reported this cycle,Expired/Not renewed,"$324,400"
384,Waste Management,Hazardous Waste Management Contract #1383,South Korea,"Horizon Networks Co., Ltd.","Emerald Enterprises Co., Ltd.",-,21-ส.ค.-2024,21-ส.ค.-2024,08-ม.ค.-2027,Tanawat O.,No issues reported this cycle,Negotiation in progress,"$104,900"
385,Cleaning & Facility,Office Facility Management Contract #1384,Cambodia,"Global Networks Co., Ltd.","Apex Innovations Co., Ltd.",Renewal contingent on performance KPIs,28-มี.ค.-2023,04-เม.ย.-2023,16-ต.ค.-2026,Chloe R.,Alternative vendors being benchmarked,Negotiation in progress,"$91,800"
386,Consulting,Business Process Improvement Engagement #1385,Indonesia,Falcon Technologies PT,Internal - Marketing Dept.,Service level agreement reviewed annually,23-ก.ย.-2025,30-ก.ย.-2025,18-พ.ย.-2026,Tanawat J.,Vendor performance review scheduled,Upcoming renewal,"$578,000"
387,Financial Services,Payment Gateway Services Agreement #1386,France,Global Consulting SAS,Internal - Procurement,Pricing subject to annual CPI adjustment,07-พ.ย.-2025,07-พ.ย.-2025,05-ม.ค.-2028,Piyawan J.,Flagged for cost optimization review,Renewed,"$631,800"
388,Financial Services,Corporate Banking Services Agreement #1387,Singapore,Alliance Ventures Pte Ltd,Internal - Corporate Affairs,"Multi-year framework agreement, reviewed yearly",03-ก.ค.-2025,17-ก.ค.-2025,01-ธ.ค.-2026,Yuki L.,Budget approval pending for renewal,Upcoming renewal,"$718,100"
389,HR & Payroll,Recruitment Services Agreement #1388,Taiwan,"Alliance Innovations Co., Ltd.","Radiant Enterprises Co., Ltd.",Pricing subject to annual CPI adjustment,20-พ.ย.-2021,20-พ.ย.-2021,04-เม.ย.-2025,Michael L.,Relationship manager reassigned this quarter,Expired/Not renewed,"$36,000"
390,Travel & Events,Conference Venue Agreement #1389,Hong Kong,Ivory Group Ltd.,Internal - E-commerce,Includes 24/7 support SLA with penalty clauses,11-ต.ค.-2027,11-ต.ค.-2027,21-ก.พ.-2029,Arjun O.,"Renewal quote received, under internal review",Renewed,"$357,800"
391,Software Licensing,Enterprise Software License (ERP) #1390,Philippines,Titan Consulting Inc.,Internal - Operations,Renewal contingent on performance KPIs,16-พ.ย.-2022,16-พ.ย.-2022,17-ต.ค.-2026,Emily P.,Relationship manager reassigned this quarter,Upcoming renewal,"$897,200"
392,Financial Services,Corporate Banking Services Agreement #1391,Germany,Anchor Solutions GmbH,Internal - Marketing Dept.,Renewal contingent on performance KPIs,27-มิ.ย.-2025,27-มิ.ย.-2025,29-พ.ค.-2028,David R.,Relationship manager reassigned this quarter,Renewed,"$501,600"
393,Training & Development,E-Learning Platform License #1392,India,Pinnacle Partners Pvt. Ltd.,Nova Holdings Pvt. Ltd.,Includes 24/7 support SLA with penalty clauses,29-ส.ค.-2025,29-ส.ค.-2025,03-ธ.ค.-2026,David P.,No issues reported this cycle,Negotiation in progress,"$112,400"
394,Security,Access Control System Contract #1393,Taiwan,"Titan Holdings Co., Ltd.","NorthStar Holdings Co., Ltd.",Service level agreement reviewed annually,01-พ.ค.-2023,08-พ.ค.-2023,21-ม.ค.-2025,Budi B.,Flagged for cost optimization review,Expired/Not renewed,"$141,300"
395,Logistics,Warehouse Lease & Operation Agreement #1394,Australia,Falcon Partners Pty Ltd,Internal - E-commerce,Pricing subject to annual CPI adjustment,26-ก.ย.-2021,26-ก.ย.-2021,14-ก.ค.-2025,Priya D.,-,Expired/Not renewed,"$1,708,600"
396,Waste Management,Hazardous Waste Management Contract #1395,Hong Kong,Bright Technologies Ltd.,Internal - Operations,"Auto-renew clause, 30 days notice required",06-ส.ค.-2025,06-ส.ค.-2025,29-มิ.ย.-2028,Emily T.,Flagged for cost optimization review,Renewed,"$222,200"
397,Legal,Litigation Support Contract #1396,India,Prime Ventures Pvt. Ltd.,Internal - Admin Dept.,Includes quarterly business review meetings,27-พ.ย.-2022,27-พ.ย.-2022,09-พ.ย.-2026,Ahmed C.,-,Negotiation in progress,"$472,100"
398,Marketing,Creative & Branding Services #1397,Taiwan,"Anchor Consulting Co., Ltd.","Vanguard Enterprises Co., Ltd.",Exclusive regional distribution rights included,15-พ.ค.-2024,22-พ.ค.-2024,31-พ.ค.-2027,Michael W.,Alternative vendors being benchmarked,Renewed,"$150,200"
399,Financial Services,Corporate Banking Services Agreement #1398,Thailand,"Titan Trading Co., Ltd.",Internal - Finance Dept.,Exclusive regional distribution rights included,09-ธ.ค.-2024,09-ธ.ค.-2024,02-มิ.ย.-2028,Fatima O.,Vendor performance review scheduled,Renewed,"$188,900"
400,Fleet & Transportation,Fleet Maintenance Agreement #1399,Myanmar,"Horizon Partners Co., Ltd.",Internal - Finance Dept.,Includes quarterly business review meetings,28-พ.ย.-2021,28-พ.ย.-2021,05-ม.ค.-2025,Laura C.,Vendor performance review scheduled,Expired/Not renewed,"$25,800"
401,Waste Management,Recycling Services Agreement #1400,France,Pinnacle Partners SAS,Internal - HR Dept.,Includes 24/7 support SLA with penalty clauses,06-ก.พ.-2023,13-ก.พ.-2023,27-ต.ค.-2025,Ploy B.,-,Expired/Not renewed,"$172,200"
402,IT Services,Network Infrastructure Services #1401,Indonesia,Unity Technologies PT,Crest Group PT,Includes quarterly business review meetings,10-ก.ย.-2026,10-ก.ย.-2026,23-ม.ค.-2029,Daniel F.,"Renewal quote received, under internal review",Renewed,"$368,800"
403,Real Estate & Leasing,Equipment Leasing Agreement #1402,United States,Radiant Innovations Inc.,Internal - Operations,Service level agreement reviewed annually,12-เม.ย.-2024,12-เม.ย.-2024,25-ก.ย.-2026,Tanawat D.,Relationship manager reassigned this quarter,Negotiation in progress,"$2,929,200"
404,Cleaning & Facility,Facility Maintenance Contract #1403,United States,BlueSky Logistics Inc.,Internal - HR Dept.,Service level agreement reviewed annually,23-พ.ย.-2022,23-พ.ย.-2022,10-ต.ค.-2026,Suchada J.,No issues reported this cycle,Negotiation in progress,"$270,600"
405,Security,Executive Protection Services #1404,Taiwan,"Sterling Services Co., Ltd.","Nova Systems Co., Ltd.",Pricing subject to annual CPI adjustment,03-ส.ค.-2026,03-ส.ค.-2026,29-ส.ค.-2027,Kanokwan S.,Alternative vendors being benchmarked,Renewed,"$266,300"
406,Construction & Maintenance,HVAC Maintenance Agreement #1405,Philippines,Pacific Enterprises Inc.,Internal - Admin Dept.,Includes 24/7 support SLA with penalty clauses,26-ต.ค.-2025,26-ต.ค.-2025,21-มิ.ย.-2027,Budi N.,Legal review in progress before renewal,Renewed,"$1,848,700"
407,Financial Services,Payment Gateway Services Agreement #1406,Indonesia,Anchor Capital PT,Bright Holdings PT,Service level agreement reviewed annually,20-ก.ค.-2024,20-ก.ค.-2024,27-ต.ค.-2026,Nattapong D.,Alternative vendors being benchmarked,Negotiation in progress,"$151,600"
408,Legal,Corporate Legal Advisory Retainer #1407,Vietnam,Prime Innovations JSC,Apex Enterprises JSC,Includes quarterly business review meetings,27-พ.ย.-2026,27-พ.ย.-2026,27-ก.ค.-2028,Piyawan R.,"Renewal quote received, under internal review",Renewed,"$40,300"
409,Legal,Corporate Legal Advisory Retainer #1408,Myanmar,"Silverline Enterprises Co., Ltd.",Internal - Supply Chain,Renewal contingent on performance KPIs,10-ธ.ค.-2022,10-ธ.ค.-2022,21-พ.ย.-2025,Anucha E.,Scope extension being discussed with partner,Expired/Not renewed,"$108,900"
410,Printing & Publishing,Corporate Printing Services Agreement #1409,Cambodia,"Meridian Group Co., Ltd.","Global Capital Co., Ltd.",Renewal contingent on performance KPIs,20-พ.ย.-2025,20-พ.ย.-2025,28-พ.ย.-2026,Carlos J.,Budget approval pending for renewal,Upcoming renewal,"$185,200"
411,Fleet & Transportation,Corporate Shuttle Service Contract #1410,Philippines,Anchor Group Inc.,Internal - Supply Chain,Volume discount tier applies above threshold spend,07-ต.ค.-2026,07-ต.ค.-2026,25-พ.ค.-2028,Chloe G.,Vendor performance review scheduled,Renewed,"$128,800"
412,Travel & Events,Corporate Travel Management Agreement #1411,United States,Titan Logistics Inc.,Internal - Finance Dept.,Includes quarterly business review meetings,22-ส.ค.-2024,22-ส.ค.-2024,17-ก.พ.-2028,Nathan J.,Scope extension being discussed with partner,Renewed,"$226,000"
413,Marketing,Creative & Branding Services #1412,United Arab Emirates,Orion Holdings LLC,Internal - IT Security,Exclusive regional distribution rights included,17-ส.ค.-2027,17-ส.ค.-2027,06-ก.พ.-2029,Kanokwan M.,"Renewal quote received, under internal review",Renewed,"$146,200"
414,Security,CCTV Monitoring Agreement #1413,Vietnam,Orion Enterprises JSC,Internal - Corporate Affairs,-,02-พ.ย.-2020,02-พ.ย.-2020,20-ส.ค.-2024,Budi H.,Legal review in progress before renewal,Expired/Not renewed,"$385,900"
415,Software Licensing,CRM Platform Subscription Agreement #1414,United States,Crest Ventures Inc.,Granite Systems Inc.,Service level agreement reviewed annually,08-ก.พ.-2023,08-ก.พ.-2023,22-พ.ย.-2026,Siti D.,"Renewal quote received, under internal review",Upcoming renewal,"$1,894,400"
416,Logistics,Warehouse Lease & Operation Agreement #1415,Vietnam,Emerald Solutions JSC,Atlas Services JSC,"Multi-year framework agreement, reviewed yearly",16-ก.ค.-2023,23-ก.ค.-2023,21-มิ.ย.-2027,Priya W.,Relationship manager reassigned this quarter,Renewed,"$1,437,300"
417,Travel & Events,Corporate Travel Management Agreement #1416,Hong Kong,Unity Services Ltd.,Lumen Solutions Ltd.,"Auto-renew clause, 30 days notice required",25-ต.ค.-2023,01-พ.ย.-2023,10-ธ.ค.-2026,Chloe D.,Flagged for cost optimization review,Negotiation in progress,"$189,300"
418,Insurance,Cyber Liability Insurance Policy #1417,Philippines,Emerald Networks Inc.,Internal - Procurement,Service level agreement reviewed annually,23-ธ.ค.-2024,30-ธ.ค.-2024,18-ส.ค.-2028,Ploy D.,-,Renewed,"$856,500"
419,Software Licensing,Cybersecurity Software License #1418,China,"Emerald Ventures Co., Ltd.",Internal - Supply Chain,-,07-ม.ค.-2025,07-ม.ค.-2025,26-ก.ย.-2026,Michael B.,Budget approval pending for renewal,Upcoming renewal,"$1,062,900"
420,Software Licensing,Enterprise Software License (ERP) #1419,Malaysia,Delta Trading Sdn Bhd,Zenith Trading Sdn Bhd,Volume discount tier applies above threshold spend,19-มิ.ย.-2025,19-มิ.ย.-2025,09-ธ.ค.-2026,Sarah H.,Vendor performance review scheduled,Negotiation in progress,"$2,610,100"
421,IT Services,Data Center Colocation Contract #1420,Taiwan,"Sterling Logistics Co., Ltd.",Internal - HR Dept.,Exclusive regional distribution rights included,06-ต.ค.-2025,06-ต.ค.-2025,20-พ.ย.-2026,Daniel I.,No issues reported this cycle,Upcoming renewal,"$994,100"
422,Legal,Compliance Advisory Agreement #1421,United Arab Emirates,Pacific Enterprises LLC,Internal - E-commerce,Volume discount tier applies above threshold spend,16-พ.ย.-2024,23-พ.ย.-2024,10-ม.ค.-2027,Wei W.,Scope extension being discussed with partner,Negotiation in progress,"$386,700"
423,Insurance,Group Health Insurance Policy #1422,China,"Summit Technologies Co., Ltd.","Vanguard Industries Co., Ltd.",Pricing subject to annual CPI adjustment,10-ต.ค.-2022,17-ต.ค.-2022,08-ต.ค.-2026,Kanokwan T.,Legal review in progress before renewal,Negotiation in progress,"$657,800"
424,Printing & Publishing,Annual Report Design & Print Contract #1423,India,Delta Services Pvt. Ltd.,Internal - HR Dept.,"Multi-year framework agreement, reviewed yearly",01-พ.ย.-2022,01-พ.ย.-2022,23-ก.ย.-2026,Siti S.,Legal review in progress before renewal,Upcoming renewal,"$117,500"
425,Waste Management,Recycling Services Agreement #1424,Myanmar,"Delta Logistics Co., Ltd.",Internal - Supply Chain,Volume discount tier applies above threshold spend,15-พ.ค.-2023,22-พ.ค.-2023,29-ต.ค.-2026,Emily H.,Alternative vendors being benchmarked,Upcoming renewal,"$102,400"
426,Telecommunications,Internet Leased Line Contract #1425,India,BlueSky Systems Pvt. Ltd.,Metro Ventures Pvt. Ltd.,Exclusive regional distribution rights included,19-ม.ค.-2024,26-ม.ค.-2024,22-ต.ค.-2026,Budi E.,-,Upcoming renewal,"$350,100"
427,Consulting,Strategy Advisory Retainer #1426,Philippines,Cascade Partners Inc.,Internal - Operations,Volume discount tier applies above threshold spend,17-ม.ค.-2025,17-ม.ค.-2025,07-ก.ค.-2026,Piyawan P.,Budget approval pending for renewal,Expired/Not renewed,"$737,900"
428,Marketing,Media Buying Agreement #1427,United Kingdom,Vertex Industries Ltd.,Internal - Procurement,Volume discount tier applies above threshold spend,09-ธ.ค.-2024,09-ธ.ค.-2024,18-พ.ย.-2028,Budi R.,No issues reported this cycle,Renewed,"$456,900"
429,Legal,IP & Trademark Registration Services #1428,Australia,Bright Ventures Pty Ltd,Metro Networks Pty Ltd,-,03-พ.ค.-2023,10-พ.ค.-2023,26-ต.ค.-2026,Emily D.,Relationship manager reassigned this quarter,Upcoming renewal,"$163,800"
430,Waste Management,Hazardous Waste Management Contract #1429,United States,Alliance Services Inc.,Internal - Finance Dept.,Includes quarterly business review meetings,18-มี.ค.-2023,25-มี.ค.-2023,06-เม.ย.-2026,Sarah I.,No issues reported this cycle,Expired/Not renewed,"$217,500"
431,Logistics,Last-Mile Delivery Partnership #1430,Singapore,Metro Systems Pte Ltd,Internal - Operations,Exclusive regional distribution rights included,06-ต.ค.-2020,13-ต.ค.-2020,06-เม.ย.-2024,Budi S.,Legal review in progress before renewal,Expired/Not renewed,"$63,800"
432,Marketing,Influencer Partnership Contract #1431,South Korea,"Nova Enterprises Co., Ltd.","BlueSky Dynamics Co., Ltd.",Pricing subject to annual CPI adjustment,02-ม.ค.-2023,09-ม.ค.-2023,11-ต.ค.-2026,Daniel B.,"Renewal quote received, under internal review",Negotiation in progress,"$668,500"
433,Security,Executive Protection Services #1432,China,"Granite Consulting Co., Ltd.",Internal - Corporate Affairs,Service level agreement reviewed annually,28-ต.ค.-2022,04-พ.ย.-2022,14-พ.ย.-2024,Siti A.,Alternative vendors being benchmarked,Expired/Not renewed,"$398,600"
434,Consulting,Strategy Advisory Retainer #1433,India,Sterling Consulting Pvt. Ltd.,Internal - Admin Dept.,Pricing subject to annual CPI adjustment,03-มี.ค.-2025,03-มี.ค.-2025,18-ส.ค.-2027,Daniel K.,Scope extension being discussed with partner,Renewed,"$837,500"
435,Marketing,Media Buying Agreement #1434,Germany,Orion Holdings GmbH,Internal - HR Dept.,"Multi-year framework agreement, reviewed yearly",28-ต.ค.-2022,28-ต.ค.-2022,07-ก.พ.-2025,David A.,Vendor performance review scheduled,Expired/Not renewed,"$877,200"
436,Logistics,Freight Forwarding Contract #1435,United Kingdom,Trident Networks Ltd.,Internal - Legal Dept.,Includes 24/7 support SLA with penalty clauses,23-มี.ค.-2025,06-เม.ย.-2025,04-พ.ค.-2026,Yuki F.,"Renewal quote received, under internal review",Expired/Not renewed,"$811,500"
437,HR & Payroll,HR Systems Implementation Contract #1436,Japan,Quantum Systems K.K.,Internal - Finance Dept.,"Multi-year framework agreement, reviewed yearly",12-ต.ค.-2022,12-ต.ค.-2022,26-ธ.ค.-2024,James N.,Vendor performance review scheduled,Expired/Not renewed,"$294,800"
438,Manufacturing Supply,Component Manufacturing Contract #1437,Indonesia,Prime Technologies PT,Metro Dynamics PT,Pricing subject to annual CPI adjustment,23-ม.ค.-2027,23-ม.ค.-2027,16-ก.ค.-2028,Yuki T.,Scope extension being discussed with partner,Renewed,"$1,928,600"
439,Software Licensing,Enterprise Software License (ERP) #1438,Germany,Solace Systems GmbH,Internal - E-commerce,-,29-เม.ย.-2022,13-พ.ค.-2022,07-พ.ค.-2025,Suchada K.,-,Expired/Not renewed,"$2,819,500"
440,Telecommunications,VoIP Services Agreement #1439,Hong Kong,Trident Ventures Ltd.,Internal - HR Dept.,Pricing subject to annual CPI adjustment,28-เม.ย.-2024,28-เม.ย.-2024,13-ต.ค.-2026,James S.,Vendor performance review scheduled,Upcoming renewal,"$362,500"
441,Marketing,Influencer Partnership Contract #1440,Australia,Ivory Networks Pty Ltd,Internal - Marketing Dept.,Includes quarterly business review meetings,01-ม.ค.-2025,08-ม.ค.-2025,16-ม.ค.-2028,Piyawan E.,Legal review in progress before renewal,Renewed,"$269,000"
442,Printing & Publishing,Corporate Printing Services Agreement #1441,Australia,Delta Holdings Pty Ltd,Internal - Finance Dept.,Includes quarterly business review meetings,14-มิ.ย.-2024,14-มิ.ย.-2024,27-ก.ย.-2026,Ravi B.,Relationship manager reassigned this quarter,Upcoming renewal,"$12,000"
443,Manufacturing Supply,Packaging Supply Contract #1442,Malaysia,Emerald Logistics Sdn Bhd,Internal - Procurement,Includes quarterly business review meetings,29-ม.ค.-2025,29-ม.ค.-2025,09-ต.ค.-2026,Siti P.,Vendor performance review scheduled,Upcoming renewal,"$465,000"
444,Printing & Publishing,Signage & Print Production Agreement #1443,China,"Pinnacle Enterprises Co., Ltd.",Internal - IT Dept.,"Auto-renew clause, 45 days notice required",09-มี.ค.-2022,09-มี.ค.-2022,23-ธ.ค.-2025,Aiko N.,"Renewal quote received, under internal review",Expired/Not renewed,"$178,000"
445,Software Licensing,Enterprise Software License (ERP) #1444,United States,Radiant Group Inc.,NorthStar Solutions Inc.,-,24-ธ.ค.-2026,24-ธ.ค.-2026,04-ม.ค.-2028,Siti P.,Budget approval pending for renewal,Renewed,"$2,910,100"
446,Fleet & Transportation,Vehicle Leasing Agreement #1445,Indonesia,Silverline Logistics PT,Titan Services PT,"Multi-year framework agreement, reviewed yearly",24-ม.ค.-2024,31-ม.ค.-2024,07-ส.ค.-2025,Wanida S.,"Renewal quote received, under internal review",Expired/Not renewed,"$244,500"
447,IT Services,Cloud Hosting Agreement #1446,Japan,BlueSky Ventures K.K.,Titan Partners K.K.,Volume discount tier applies above threshold spend,30-ต.ค.-2021,13-พ.ย.-2021,09-ส.ค.-2024,Priya P.,Flagged for cost optimization review,Expired/Not renewed,"$397,700"
448,Consulting,Change Management Engagement #1447,United Arab Emirates,Anchor Ventures LLC,Internal - Corporate Affairs,Volume discount tier applies above threshold spend,20-พ.ย.-2022,27-พ.ย.-2022,12-ธ.ค.-2024,Anucha N.,Flagged for cost optimization review,Expired/Not renewed,"$771,600"
449,Construction & Maintenance,Building Renovation Contract #1448,France,Crown Partners SAS,Ivory Capital SAS,Includes quarterly business review meetings,29-พ.ย.-2025,29-พ.ย.-2025,05-ส.ค.-2028,Arjun O.,Flagged for cost optimization review,Renewed,"$1,968,800"
450,Manufacturing Supply,Raw Material Supply Agreement #1449,India,Pinnacle Logistics Pvt. Ltd.,Internal - IT Dept.,Volume discount tier applies above threshold spend,14-ก.ค.-2024,14-ก.ค.-2024,14-ธ.ค.-2026,Chloe N.,-,Upcoming renewal,"$1,094,000"
451,Legal,Litigation Support Contract #1450,France,Evergreen Holdings SAS,Apex Consulting SAS,Pricing subject to annual CPI adjustment,20-ธ.ค.-2024,03-ม.ค.-2025,12-ก.ค.-2028,Priya K.,Scope extension being discussed with partner,Renewed,"$487,600"
452,Security,Physical Security & Guard Services #1451,Vietnam,Solace Systems JSC,Pacific Networks JSC,-,01-ก.พ.-2023,08-ก.พ.-2023,12-ต.ค.-2026,Somchai M.,Legal review in progress before renewal,Upcoming renewal,"$350,500"
453,Real Estate & Leasing,Office Space Lease Agreement #1452,Myanmar,"Orion Ventures Co., Ltd.","Horizon Partners Co., Ltd.",Service level agreement reviewed annually,03-ก.ย.-2024,03-ก.ย.-2024,23-ก.ย.-2026,Somchai G.,Alternative vendors being benchmarked,Upcoming renewal,"$1,085,700"
454,Waste Management,Recycling Services Agreement #1453,Japan,Horizon Technologies K.K.,NorthStar Innovations K.K.,Includes 24/7 support SLA with penalty clauses,06-เม.ย.-2023,13-เม.ย.-2023,10-ต.ค.-2026,Nattapong D.,Scope extension being discussed with partner,Upcoming renewal,"$146,700"
455,Consulting,Business Process Improvement Engagement #1454,India,Pinnacle Ventures Pvt. Ltd.,Internal - IT Dept.,Includes 24/7 support SLA with penalty clauses,22-ธ.ค.-2021,22-ธ.ค.-2021,08-ส.ค.-2024,Chloe N.,No issues reported this cycle,Expired/Not renewed,"$605,500"
456,Real Estate & Leasing,Equipment Leasing Agreement #1455,United Arab Emirates,Crown Logistics LLC,Internal - HR Dept.,-,04-ส.ค.-2023,11-ส.ค.-2023,12-ธ.ค.-2026,Michael S.,Relationship manager reassigned this quarter,Upcoming renewal,"$628,900"
457,Manufacturing Supply,Packaging Supply Contract #1456,Thailand,"BlueSky Technologies Co., Ltd.","Crest Trading Co., Ltd.",Exclusive regional distribution rights included,02-พ.ค.-2023,02-พ.ค.-2023,16-ธ.ค.-2026,David R.,Budget approval pending for renewal,Negotiation in progress,"$3,544,400"
458,Travel & Events,Corporate Travel Management Agreement #1457,Philippines,Trident Enterprises Inc.,Internal - Procurement,Includes 24/7 support SLA with penalty clauses,08-ม.ค.-2023,08-ม.ค.-2023,11-ต.ค.-2026,Tanawat E.,Scope extension being discussed with partner,Upcoming renewal,"$319,500"
459,Consulting,Digital Transformation Consulting #1458,Taiwan,"Summit Solutions Co., Ltd.",Internal - Operations,Volume discount tier applies above threshold spend,30-ม.ค.-2024,30-ม.ค.-2024,04-เม.ย.-2025,Wei F.,Scope extension being discussed with partner,Expired/Not renewed,"$431,800"
460,Legal,Compliance Advisory Agreement #1459,Taiwan,"Crown Innovations Co., Ltd.",Internal - Supply Chain,"Auto-renew clause, 60 days notice required",25-พ.ย.-2022,09-ธ.ค.-2022,29-ต.ค.-2026,Piyawan S.,Relationship manager reassigned this quarter,Negotiation in progress,"$406,600"
461,Legal,Corporate Legal Advisory Retainer #1460,Malaysia,Trident Group Sdn Bhd,Apex Capital Sdn Bhd,Renewal contingent on performance KPIs,11-ต.ค.-2023,11-ต.ค.-2023,27-ส.ค.-2025,Wei D.,"Renewal quote received, under internal review",Expired/Not renewed,"$429,300"
462,Cleaning & Facility,Pest Control Services Agreement #1461,United States,Bright Partners Inc.,Internal - Admin Dept.,Volume discount tier applies above threshold spend,21-ก.พ.-2024,21-ก.พ.-2024,20-ม.ค.-2027,Daniel A.,Budget approval pending for renewal,Negotiation in progress,"$181,700"
463,Manufacturing Supply,Component Manufacturing Contract #1462,United States,Metro Partners Inc.,Ivory Networks Inc.,Pricing subject to annual CPI adjustment,17-ต.ค.-2024,31-ต.ค.-2024,27-พ.ค.-2028,James N.,Relationship manager reassigned this quarter,Renewed,"$3,199,000"
464,Cleaning & Facility,Pest Control Services Agreement #1463,Thailand,"Ivory Consulting Co., Ltd.",Internal - Supply Chain,Renewal contingent on performance KPIs,06-พ.ย.-2024,20-พ.ย.-2024,25-ก.ย.-2026,Wei N.,Alternative vendors being benchmarked,Upcoming renewal,"$29,700"
465,Software Licensing,CRM Platform Subscription Agreement #1464,Taiwan,"Nova Services Co., Ltd.","Global Systems Co., Ltd.",Exclusive regional distribution rights included,21-เม.ย.-2025,21-เม.ย.-2025,12-ต.ค.-2028,Grace O.,Legal review in progress before renewal,Renewed,"$2,665,800"
466,Marketing,Brand Campaign Agreement #1465,Singapore,Lumen Services Pte Ltd,Internal - Procurement,Service level agreement reviewed annually,16-ก.พ.-2024,01-มี.ค.-2024,30-พ.ย.-2026,Arjun G.,-,Upcoming renewal,"$319,800"
467,Waste Management,Hazardous Waste Management Contract #1466,Cambodia,"Unity Industries Co., Ltd.","Nova Networks Co., Ltd.",Volume discount tier applies above threshold spend,05-ก.พ.-2022,05-ก.พ.-2022,10-ธ.ค.-2025,Budi B.,Legal review in progress before renewal,Expired/Not renewed,"$45,900"
468,Fleet & Transportation,Corporate Shuttle Service Contract #1467,Thailand,"Beacon Services Co., Ltd.","Radiant Industries Co., Ltd.","Multi-year framework agreement, reviewed yearly",22-ม.ค.-2027,29-ม.ค.-2027,10-พ.ย.-2028,Priya J.,Budget approval pending for renewal,Renewed,"$477,300"
469,Printing & Publishing,Signage & Print Production Agreement #1468,Cambodia,"Quantum Trading Co., Ltd.",Internal - Legal Dept.,Includes 24/7 support SLA with penalty clauses,12-พ.ค.-2023,12-พ.ค.-2023,28-ก.ย.-2026,Chloe N.,Budget approval pending for renewal,Upcoming renewal,"$97,900"
470,Printing & Publishing,Signage & Print Production Agreement #1469,United Kingdom,Radiant Capital Ltd.,Unity Innovations Ltd.,Service level agreement reviewed annually,17-เม.ย.-2025,17-เม.ย.-2025,17-ส.ค.-2028,Chloe O.,Relationship manager reassigned this quarter,Renewed,"$33,100"
471,Cleaning & Facility,Office Facility Management Contract #1470,Hong Kong,Ivory Group Ltd.,Beacon Innovations Ltd.,-,08-ก.ค.-2023,08-ก.ค.-2023,21-ต.ค.-2026,Wei S.,-,Negotiation in progress,"$51,100"
472,Printing & Publishing,Annual Report Design & Print Contract #1471,Indonesia,Alliance Trading PT,Internal - Supply Chain,Includes quarterly business review meetings,08-ธ.ค.-2024,22-ธ.ค.-2024,09-ต.ค.-2026,Arjun P.,Scope extension being discussed with partner,Upcoming renewal,"$87,200"
473,Security,Physical Security & Guard Services #1472,United Arab Emirates,Global Group LLC,Internal - Marketing Dept.,Includes 24/7 support SLA with penalty clauses,22-เม.ย.-2025,22-เม.ย.-2025,03-พ.ย.-2028,Daniel P.,Vendor performance review scheduled,Renewed,"$394,000"
474,Cleaning & Facility,Office Facility Management Contract #1473,Hong Kong,Beacon Dynamics Ltd.,NorthStar Services Ltd.,Includes 24/7 support SLA with penalty clauses,23-ม.ค.-2024,06-ก.พ.-2024,31-ธ.ค.-2026,Daniel M.,"Renewal quote received, under internal review",Negotiation in progress,"$25,600"
475,Security,Physical Security & Guard Services #1474,Thailand,"Pinnacle Technologies Co., Ltd.",Internal - Marketing Dept.,Renewal contingent on performance KPIs,25-มิ.ย.-2023,25-มิ.ย.-2023,28-พ.ค.-2027,Carlos W.,"Renewal quote received, under internal review",Renewed,"$379,000"
476,Waste Management,Waste Collection & Disposal Contract #1475,Philippines,Prime Systems Inc.,Metro Dynamics Inc.,Exclusive regional distribution rights included,04-ก.ค.-2027,04-ก.ค.-2027,19-ส.ค.-2028,Michael M.,Flagged for cost optimization review,Renewed,"$136,700"
477,Construction & Maintenance,HVAC Maintenance Agreement #1476,United Kingdom,Unity Consulting Ltd.,Internal - Marketing Dept.,Service level agreement reviewed annually,21-พ.ย.-2024,21-พ.ย.-2024,02-ต.ค.-2026,Arjun E.,No issues reported this cycle,Upcoming renewal,"$1,905,500"
478,Construction & Maintenance,Elevator Maintenance Contract #1477,Philippines,Prime Logistics Inc.,Internal - Marketing Dept.,"Multi-year framework agreement, reviewed yearly",03-พ.ย.-2022,03-พ.ย.-2022,11-ธ.ค.-2025,Emily N.,No issues reported this cycle,Expired/Not renewed,"$127,500"
479,HR & Payroll,Employee Benefits Administration #1478,United Arab Emirates,Granite Capital LLC,Internal - Marketing Dept.,"Multi-year framework agreement, reviewed yearly",04-ม.ค.-2027,11-ม.ค.-2027,24-พ.ค.-2028,Suchada K.,Legal review in progress before renewal,Renewed,"$26,100"
480,Waste Management,Hazardous Waste Management Contract #1479,Cambodia,"Pacific Industries Co., Ltd.","Vertex Technologies Co., Ltd.",Service level agreement reviewed annually,21-ก.พ.-2023,21-ก.พ.-2023,11-ธ.ค.-2026,Daniel O.,Flagged for cost optimization review,Upcoming renewal,"$237,000"
481,Security,Physical Security & Guard Services #1480,South Korea,"Lumen Networks Co., Ltd.","Onyx Dynamics Co., Ltd.",Includes 24/7 support SLA with penalty clauses,23-เม.ย.-2022,23-เม.ย.-2022,05-ธ.ค.-2024,Somchai O.,No issues reported this cycle,Expired/Not renewed,"$15,300"
482,Telecommunications,VoIP Services Agreement #1481,United Kingdom,Falcon Enterprises Ltd.,Internal - E-commerce,Volume discount tier applies above threshold spend,11-มิ.ย.-2027,11-มิ.ย.-2027,31-ต.ค.-2028,Piyawan F.,Flagged for cost optimization review,Renewed,"$81,000"
483,Telecommunications,VoIP Services Agreement #1482,Germany,Silverline Capital GmbH,Sterling Services GmbH,-,13-ม.ค.-2024,13-ม.ค.-2024,12-ธ.ค.-2026,Ravi I.,-,Negotiation in progress,"$332,700"
484,Cleaning & Facility,Janitorial Services Agreement #1483,Thailand,"Solace Innovations Co., Ltd.",Internal - IT Dept.,Volume discount tier applies above threshold spend,08-ธ.ค.-2020,15-ธ.ค.-2020,11-ก.ย.-2024,Daniel S.,-,Expired/Not renewed,"$193,000"
485,Training & Development,Corporate Training Program Agreement #1484,Malaysia,Falcon Ventures Sdn Bhd,Falcon Ventures Sdn Bhd,"Auto-renew clause, 45 days notice required",21-เม.ย.-2024,21-เม.ย.-2024,18-ต.ค.-2027,Somchai D.,Budget approval pending for renewal,Renewed,"$74,200"
486,Consulting,Change Management Engagement #1485,Vietnam,Trident Technologies JSC,Crown Industries JSC,Exclusive regional distribution rights included,30-ต.ค.-2025,30-ต.ค.-2025,13-พ.ย.-2026,Yuki B.,Legal review in progress before renewal,Negotiation in progress,"$1,181,700"
487,Fleet & Transportation,Fleet Maintenance Agreement #1486,Hong Kong,Emerald Holdings Ltd.,Internal - IT Security,"Multi-year framework agreement, reviewed yearly",22-ก.ย.-2025,22-ก.ย.-2025,09-มิ.ย.-2027,Aiko C.,Legal review in progress before renewal,Renewed,"$841,500"
488,Consulting,Change Management Engagement #1487,Thailand,"Lumen Systems Co., Ltd.","Beacon Solutions Co., Ltd.",Includes 24/7 support SLA with penalty clauses,10-พ.ย.-2025,10-พ.ย.-2025,24-พ.ค.-2028,Suchada K.,Budget approval pending for renewal,Renewed,"$829,000"
489,Printing & Publishing,Signage & Print Production Agreement #1488,Singapore,Crown Logistics Pte Ltd,Internal - HR Dept.,"Auto-renew clause, 30 days notice required",30-พ.ย.-2023,30-พ.ย.-2023,15-ต.ค.-2026,Ravi K.,Alternative vendors being benchmarked,Upcoming renewal,"$176,600"
490,Marketing,Digital Marketing Retainer #1489,South Korea,"Quantum Holdings Co., Ltd.",Internal - Marketing Dept.,Includes 24/7 support SLA with penalty clauses,13-มิ.ย.-2024,13-มิ.ย.-2024,28-เม.ย.-2027,Nattapong P.,Budget approval pending for renewal,Renewed,"$237,500"
491,Logistics,Freight Forwarding Contract #1490,Australia,Ivory Industries Pty Ltd,Solace Dynamics Pty Ltd,Volume discount tier applies above threshold spend,15-ก.ค.-2025,22-ก.ค.-2025,28-ก.ย.-2026,Ravi T.,-,Upcoming renewal,"$598,200"
492,Training & Development,Corporate Training Program Agreement #1491,Singapore,Nova Networks Pte Ltd,Internal - IT Security,"Multi-year framework agreement, reviewed yearly",20-ธ.ค.-2023,03-ม.ค.-2024,17-ก.ค.-2025,Suchada J.,No issues reported this cycle,Expired/Not renewed,"$228,100"
493,IT Services,Network Infrastructure Services #1492,France,Atlas Dynamics SAS,Trident Group SAS,-,28-ต.ค.-2026,28-ต.ค.-2026,25-พ.ย.-2028,Nattapong O.,No issues reported this cycle,Renewed,"$328,500"
494,Consulting,Change Management Engagement #1493,Cambodia,"Vertex Capital Co., Ltd.",Internal - HR Dept.,Exclusive regional distribution rights included,01-มิ.ย.-2025,01-มิ.ย.-2025,02-ต.ค.-2026,Ravi F.,Budget approval pending for renewal,Negotiation in progress,"$401,500"
495,Insurance,Cargo Insurance Agreement #1494,Cambodia,"Lumen Partners Co., Ltd.",Internal - Operations,Renewal contingent on performance KPIs,29-พ.ค.-2023,29-พ.ค.-2023,20-มี.ค.-2025,Arjun L.,Alternative vendors being benchmarked,Expired/Not renewed,"$379,000"
496,Financial Services,Audit & Assurance Engagement #1495,Japan,Quantum Enterprises K.K.,Bright Enterprises K.K.,Pricing subject to annual CPI adjustment,16-ธ.ค.-2025,30-ธ.ค.-2025,16-พ.ย.-2028,Siti W.,"Renewal quote received, under internal review",Renewed,"$320,600"
497,Training & Development,E-Learning Platform License #1496,Singapore,Emerald Industries Pte Ltd,Crown Industries Pte Ltd,"Auto-renew clause, 45 days notice required",29-ม.ค.-2025,29-ม.ค.-2025,08-มี.ค.-2028,Fatima H.,-,Renewed,"$126,100"
498,Marketing,Brand Campaign Agreement #1497,United States,Prime Group Inc.,Internal - Finance Dept.,Includes quarterly business review meetings,02-ม.ค.-2024,02-ม.ค.-2024,10-ก.พ.-2026,Yuki B.,Budget approval pending for renewal,Expired/Not renewed,"$173,200"
499,Waste Management,Waste Collection & Disposal Contract #1498,South Korea,"Evergreen Enterprises Co., Ltd.",Internal - Operations,"Multi-year framework agreement, reviewed yearly",26-พ.ย.-2023,26-พ.ย.-2023,19-ต.ค.-2026,Nattapong E.,Budget approval pending for renewal,Negotiation in progress,"$98,500"
500,Security,Access Control System Contract #1499,Hong Kong,Trident Networks Ltd.,Meridian Group Ltd.,"Multi-year framework agreement, reviewed yearly",04-ต.ค.-2023,04-ต.ค.-2023,08-พ.ย.-2026,James G.,No issues reported this cycle,Upcoming renewal,"$305,800"
501,Fleet & Transportation,Vehicle Leasing Agreement #1500,Japan,Lumen Technologies K.K.,Sterling Industries K.K.,Includes 24/7 support SLA with penalty clauses,16-เม.ย.-2021,16-เม.ย.-2021,11-ม.ค.-2025,Minji E.,"Renewal quote received, under internal review",Expired/Not renewed,"$660,000"
502,Security,CCTV Monitoring Agreement #1501,Hong Kong,Atlas Capital Ltd.,Internal - E-commerce,-,01-ม.ค.-2025,08-ม.ค.-2025,23-ก.ย.-2028,Aiko K.,No issues reported this cycle,Renewed,"$244,800"
503,Logistics,Customs Brokerage Agreement #1502,Japan,Crown Enterprises K.K.,Internal - Admin Dept.,Volume discount tier applies above threshold spend,08-มิ.ย.-2026,08-มิ.ย.-2026,24-เม.ย.-2028,Fatima J.,"Renewal quote received, under internal review",Renewed,"$495,400"
504,Insurance,Cyber Liability Insurance Policy #1503,France,Ivory Trading SAS,Internal - IT Dept.,Pricing subject to annual CPI adjustment,05-มี.ค.-2025,05-มี.ค.-2025,19-มิ.ย.-2028,Laura N.,Alternative vendors being benchmarked,Renewed,"$1,212,600"
505,IT Services,Network Infrastructure Services #1504,Philippines,Anchor Industries Inc.,Internal - Marketing Dept.,Volume discount tier applies above threshold spend,17-ต.ค.-2023,17-ต.ค.-2023,25-มี.ค.-2025,Anucha J.,"Renewal quote received, under internal review",Expired/Not renewed,"$2,322,400"
506,Financial Services,Payment Gateway Services Agreement #1505,Singapore,Lumen Enterprises Pte Ltd,Internal - IT Security,Service level agreement reviewed annually,19-ส.ค.-2026,19-ส.ค.-2026,03-มี.ค.-2029,Hiroshi J.,Legal review in progress before renewal,Renewed,"$714,500"
507,IT Services,Data Center Colocation Contract #1506,India,Titan Trading Pvt. Ltd.,Vanguard Ventures Pvt. Ltd.,"Multi-year framework agreement, reviewed yearly",11-มิ.ย.-2024,11-มิ.ย.-2024,03-ก.ย.-2027,Somchai P.,Scope extension being discussed with partner,Renewed,"$629,200"
508,Printing & Publishing,Corporate Printing Services Agreement #1507,Cambodia,"Onyx Dynamics Co., Ltd.","Beacon Services Co., Ltd.",Renewal contingent on performance KPIs,26-มี.ค.-2026,02-เม.ย.-2026,04-มิ.ย.-2028,Michael G.,Budget approval pending for renewal,Renewed,"$92,700"
509,Cleaning & Facility,Facility Maintenance Contract #1508,Cambodia,"Vertex Technologies Co., Ltd.","Global Innovations Co., Ltd.",-,16-ก.ย.-2025,16-ก.ย.-2025,21-พ.ค.-2028,Laura H.,Vendor performance review scheduled,Renewed,"$209,600"
510,Cleaning & Facility,Office Facility Management Contract #1509,Australia,Pinnacle Ventures Pty Ltd,Silverline Ventures Pty Ltd,Volume discount tier applies above threshold spend,24-ส.ค.-2024,24-ส.ค.-2024,05-มี.ค.-2028,Nathan G.,Vendor performance review scheduled,Renewed,"$41,700"
511,Logistics,Customs Brokerage Agreement #1510,Myanmar,"Emerald Solutions Co., Ltd.",Internal - Marketing Dept.,Renewal contingent on performance KPIs,05-ก.ย.-2025,12-ก.ย.-2025,02-ก.พ.-2027,Arjun G.,Vendor performance review scheduled,Negotiation in progress,"$150,500"
512,Construction & Maintenance,Civil Works Contract #1511,Germany,Vanguard Holdings GmbH,Vertex Networks GmbH,Includes 24/7 support SLA with penalty clauses,12-พ.ค.-2024,12-พ.ค.-2024,02-ก.พ.-2026,Wanida M.,No issues reported this cycle,Expired/Not renewed,"$636,800"
513,Fleet & Transportation,Corporate Shuttle Service Contract #1512,India,Radiant Enterprises Pvt. Ltd.,Internal - IT Security,-,11-เม.ย.-2023,11-เม.ย.-2023,09-ต.ค.-2026,Minji G.,Flagged for cost optimization review,Upcoming renewal,"$745,600"
514,Construction & Maintenance,Building Renovation Contract #1513,Cambodia,"Emerald Dynamics Co., Ltd.",Internal - IT Dept.,Service level agreement reviewed annually,14-ก.ย.-2023,28-ก.ย.-2023,06-ธ.ค.-2026,Arjun O.,Scope extension being discussed with partner,Negotiation in progress,"$1,651,300"
515,Security,Access Control System Contract #1514,Myanmar,"Delta Dynamics Co., Ltd.",Internal - IT Security,Renewal contingent on performance KPIs,13-ม.ค.-2025,13-ม.ค.-2025,18-พ.ค.-2027,Kanokwan M.,"Renewal quote received, under internal review",Renewed,"$147,800"
516,Consulting,Digital Transformation Consulting #1515,United Arab Emirates,Zenith Group LLC,Meridian Group LLC,Volume discount tier applies above threshold spend,16-ธ.ค.-2022,16-ธ.ค.-2022,17-ต.ค.-2026,Daniel O.,Alternative vendors being benchmarked,Upcoming renewal,"$576,100"
517,Construction & Maintenance,Building Renovation Contract #1516,United Kingdom,Quantum Ventures Ltd.,Internal - Operations,Renewal contingent on performance KPIs,27-ต.ค.-2024,03-พ.ย.-2024,22-ก.ค.-2028,James K.,Relationship manager reassigned this quarter,Renewed,"$159,800"
518,Cleaning & Facility,Office Facility Management Contract #1517,United Arab Emirates,Cascade Holdings LLC,Internal - IT Dept.,"Auto-renew clause, 45 days notice required",01-ธ.ค.-2024,01-ธ.ค.-2024,10-พ.ย.-2026,Aiko J.,Vendor performance review scheduled,Upcoming renewal,"$238,300"
519,Training & Development,E-Learning Platform License #1518,United States,Evergreen Enterprises Inc.,Lumen Enterprises Inc.,Includes 24/7 support SLA with penalty clauses,06-ก.ค.-2027,13-ก.ค.-2027,07-ก.พ.-2029,Suchada R.,No issues reported this cycle,Renewed,"$210,200"
520,IT Services,IT Helpdesk & Support Contract #1519,Singapore,Atlas Enterprises Pte Ltd,Orion Industries Pte Ltd,Volume discount tier applies above threshold spend,28-พ.ค.-2024,28-พ.ค.-2024,18-เม.ย.-2027,Anucha A.,"Renewal quote received, under internal review",Renewed,"$1,725,500"
521,Security,Executive Protection Services #1520,Philippines,Apex Networks Inc.,Internal - Supply Chain,"Multi-year framework agreement, reviewed yearly",13-พ.ย.-2023,20-พ.ย.-2023,06-ก.พ.-2027,Carlos W.,Budget approval pending for renewal,Negotiation in progress,"$73,600"
522,Construction & Maintenance,HVAC Maintenance Agreement #1521,Philippines,Global Ventures Inc.,Global Ventures Inc.,"Multi-year framework agreement, reviewed yearly",02-ต.ค.-2023,02-ต.ค.-2023,26-ต.ค.-2026,Siti H.,Legal review in progress before renewal,Upcoming renewal,"$158,000"
523,Real Estate & Leasing,Equipment Leasing Agreement #1522,United Arab Emirates,Pacific Holdings LLC,Internal - Marketing Dept.,Pricing subject to annual CPI adjustment,07-ต.ค.-2024,07-ต.ค.-2024,18-ส.ค.-2027,Michael M.,"Renewal quote received, under internal review",Renewed,"$3,195,000"
524,Construction & Maintenance,HVAC Maintenance Agreement #1523,Thailand,"Solace Dynamics Co., Ltd.",Internal - IT Security,"Multi-year framework agreement, reviewed yearly",13-ม.ค.-2024,13-ม.ค.-2024,06-ต.ค.-2026,Somchai H.,"Renewal quote received, under internal review",Upcoming renewal,"$1,482,400"
525,Logistics,Customs Brokerage Agreement #1524,Indonesia,Orion Innovations PT,Internal - Legal Dept.,"Auto-renew clause, 90 days notice required",10-มี.ค.-2024,10-มี.ค.-2024,12-ม.ค.-2027,Fatima B.,Alternative vendors being benchmarked,Negotiation in progress,"$536,700"
526,Insurance,Group Health Insurance Policy #1525,Thailand,"Crown Services Co., Ltd.",Internal - Admin Dept.,"Auto-renew clause, 15 days notice required",27-พ.ค.-2024,27-พ.ค.-2024,28-เม.ย.-2028,Sarah H.,Relationship manager reassigned this quarter,Renewed,"$299,800"
527,Marketing,Brand Campaign Agreement #1526,Japan,Summit Partners K.K.,Vertex Consulting K.K.,"Multi-year framework agreement, reviewed yearly",31-ต.ค.-2024,31-ต.ค.-2024,13-มิ.ย.-2028,Fatima H.,Alternative vendors being benchmarked,Renewed,"$164,500"
528,Security,Access Control System Contract #1527,Myanmar,"Metro Technologies Co., Ltd.",Internal - Finance Dept.,Includes 24/7 support SLA with penalty clauses,07-ส.ค.-2023,14-ส.ค.-2023,06-พ.ย.-2026,Minji P.,Flagged for cost optimization review,Upcoming renewal,"$96,400"
529,Real Estate & Leasing,Retail Unit Lease Contract #1528,Germany,NorthStar Innovations GmbH,Internal - HR Dept.,Includes quarterly business review meetings,13-ก.ย.-2025,13-ก.ย.-2025,07-ก.ย.-2027,Anucha J.,Legal review in progress before renewal,Renewed,"$1,933,200"
530,Software Licensing,Business Intelligence Platform License #1529,Taiwan,"Solace Innovations Co., Ltd.",Internal - Legal Dept.,Pricing subject to annual CPI adjustment,19-ก.ค.-2025,02-ส.ค.-2025,28-ส.ค.-2026,Carlos E.,Alternative vendors being benchmarked,Expired/Not renewed,"$2,197,800"
531,Manufacturing Supply,Raw Material Supply Agreement #1530,United Kingdom,Orion Ventures Ltd.,Internal - IT Security,Exclusive regional distribution rights included,15-ก.พ.-2023,01-มี.ค.-2023,27-เม.ย.-2026,Daniel B.,Budget approval pending for renewal,Expired/Not renewed,"$733,200"
532,Printing & Publishing,Corporate Printing Services Agreement #1531,United Arab Emirates,Orion Logistics LLC,Delta Industries LLC,Includes 24/7 support SLA with penalty clauses,01-ก.ค.-2024,01-ก.ค.-2024,27-ส.ค.-2025,Tanawat B.,Legal review in progress before renewal,Expired/Not renewed,"$56,000"
533,HR & Payroll,HR Systems Implementation Contract #1532,Myanmar,"Radiant Holdings Co., Ltd.",Internal - Marketing Dept.,Service level agreement reviewed annually,16-ก.ค.-2022,16-ก.ค.-2022,11-มิ.ย.-2026,Grace T.,Legal review in progress before renewal,Expired/Not renewed,"$352,300"
534,Insurance,Cyber Liability Insurance Policy #1533,Hong Kong,Lumen Ventures Ltd.,Internal - Procurement,Exclusive regional distribution rights included,03-มิ.ย.-2026,03-มิ.ย.-2026,21-มี.ค.-2028,Anucha D.,-,Renewed,"$1,130,600"
535,Security,CCTV Monitoring Agreement #1534,United Arab Emirates,Global Group LLC,Internal - Procurement,Service level agreement reviewed annually,29-ก.ย.-2025,29-ก.ย.-2025,25-ก.ย.-2027,Daniel J.,Relationship manager reassigned this quarter,Renewed,"$105,400"
536,Security,Access Control System Contract #1535,Hong Kong,Alliance Dynamics Ltd.,Internal - Admin Dept.,-,27-เม.ย.-2025,04-พ.ค.-2025,17-ต.ค.-2027,Carlos B.,Vendor performance review scheduled,Renewed,"$228,800"
537,Marketing,Influencer Partnership Contract #1536,India,Horizon Ventures Pvt. Ltd.,Internal - Marketing Dept.,"Auto-renew clause, 90 days notice required",01-ก.ค.-2025,01-ก.ค.-2025,23-ม.ค.-2027,Nattapong T.,-,Negotiation in progress,"$73,700"
538,Legal,Compliance Advisory Agreement #1537,Japan,Ivory Solutions K.K.,Internal - E-commerce,Pricing subject to annual CPI adjustment,27-ก.ค.-2021,27-ก.ค.-2021,22-ธ.ค.-2024,Ploy P.,Scope extension being discussed with partner,Expired/Not renewed,"$231,900"
539,Financial Services,Corporate Banking Services Agreement #1538,United Kingdom,Atlas Logistics Ltd.,Bright Group Ltd.,Renewal contingent on performance KPIs,19-มิ.ย.-2026,03-ก.ค.-2026,24-ส.ค.-2027,Siti M.,Scope extension being discussed with partner,Renewed,"$149,200"
540,Financial Services,Treasury Management Contract #1539,France,Trident Innovations SAS,Internal - IT Security,"Multi-year framework agreement, reviewed yearly",05-ส.ค.-2025,05-ส.ค.-2025,06-พ.ย.-2026,Somchai K.,Relationship manager reassigned this quarter,Upcoming renewal,"$687,600"
541,Software Licensing,Enterprise Software License (ERP) #1540,Myanmar,"Horizon Trading Co., Ltd.",Internal - Finance Dept.,Renewal contingent on performance KPIs,14-ก.ย.-2023,28-ก.ย.-2023,28-ส.ค.-2027,Nathan J.,Vendor performance review scheduled,Renewed,"$2,360,000"
542,Travel & Events,Corporate Travel Management Agreement #1541,Vietnam,Nova Dynamics JSC,Internal - Finance Dept.,"Auto-renew clause, 30 days notice required",30-พ.ย.-2024,30-พ.ย.-2024,14-พ.ย.-2026,Tanawat S.,Budget approval pending for renewal,Negotiation in progress,"$51,100"
543,Software Licensing,Business Intelligence Platform License #1542,China,"Crown Systems Co., Ltd.","Alliance Partners Co., Ltd.",Exclusive regional distribution rights included,11-ก.ย.-2023,11-ก.ย.-2023,20-ม.ค.-2025,Anucha K.,Alternative vendors being benchmarked,Expired/Not renewed,"$1,146,600"
544,HR & Payroll,Outsourced Payroll Processing Contract #1543,South Korea,"Unity Group Co., Ltd.",Internal - Marketing Dept.,Pricing subject to annual CPI adjustment,23-พ.ย.-2022,07-ธ.ค.-2022,31-ก.ค.-2024,Laura T.,No issues reported this cycle,Expired/Not renewed,"$156,600"
545,IT Services,Network Infrastructure Services #1544,India,Summit Enterprises Pvt. Ltd.,Delta Services Pvt. Ltd.,Renewal contingent on performance KPIs,01-ก.ย.-2026,01-ก.ย.-2026,28-พ.ย.-2028,James R.,Budget approval pending for renewal,Renewed,"$1,036,700"
546,Cleaning & Facility,Janitorial Services Agreement #1545,India,Crown Innovations Pvt. Ltd.,NorthStar Technologies Pvt. Ltd.,-,20-พ.ค.-2025,20-พ.ค.-2025,27-ม.ค.-2027,Piyawan W.,Scope extension being discussed with partner,Negotiation in progress,"$348,900"
547,Travel & Events,Conference Venue Agreement #1546,India,Atlas Logistics Pvt. Ltd.,Bright Partners Pvt. Ltd.,Includes quarterly business review meetings,19-พ.ค.-2025,26-พ.ค.-2025,27-พ.ค.-2027,Fatima H.,-,Renewed,"$293,700"
548,Waste Management,Recycling Services Agreement #1547,United Kingdom,Bright Networks Ltd.,Falcon Ventures Ltd.,Service level agreement reviewed annually,01-ธ.ค.-2025,15-ธ.ค.-2025,18-ม.ค.-2028,Wanida R.,No issues reported this cycle,Renewed,"$124,200"
549,Logistics,Customs Brokerage Agreement #1548,India,Beacon Holdings Pvt. Ltd.,Internal - Finance Dept.,-,23-ต.ค.-2025,23-ต.ค.-2025,10-พ.ย.-2026,Arjun E.,Vendor performance review scheduled,Negotiation in progress,"$1,320,400"
550,Software Licensing,CRM Platform Subscription Agreement #1549,Germany,BlueSky Logistics GmbH,Internal - Finance Dept.,Service level agreement reviewed annually,29-พ.ย.-2021,13-ธ.ค.-2021,05-พ.ย.-2024,Suchada D.,Scope extension being discussed with partner,Expired/Not renewed,"$1,315,600"
551,Logistics,Fleet Logistics Services Contract #1550,Malaysia,Metro Ventures Sdn Bhd,Internal - Procurement,Exclusive regional distribution rights included,02-ธ.ค.-2022,09-ธ.ค.-2022,09-มิ.ย.-2024,Aiko M.,Relationship manager reassigned this quarter,Expired/Not renewed,"$1,563,600"
552,Financial Services,Treasury Management Contract #1551,Thailand,"Alliance Group Co., Ltd.",Internal - Finance Dept.,Volume discount tier applies above threshold spend,04-มี.ค.-2025,04-มี.ค.-2025,10-พ.ย.-2028,Nattapong T.,Vendor performance review scheduled,Renewed,"$702,900"
553,Software Licensing,Cybersecurity Software License #1552,United Arab Emirates,Delta Technologies LLC,Internal - Marketing Dept.,Renewal contingent on performance KPIs,26-มิ.ย.-2023,10-ก.ค.-2023,23-ก.ย.-2026,Wanida S.,"Renewal quote received, under internal review",Upcoming renewal,"$2,457,000"
554,Printing & Publishing,Corporate Printing Services Agreement #1553,Cambodia,"Lumen Group Co., Ltd.","Silverline Group Co., Ltd.","Multi-year framework agreement, reviewed yearly",13-มิ.ย.-2026,13-มิ.ย.-2026,19-ก.พ.-2028,Aiko A.,"Renewal quote received, under internal review",Renewed,"$30,100"
555,Waste Management,Recycling Services Agreement #1554,China,"Apex Consulting Co., Ltd.","Granite Technologies Co., Ltd.",Renewal contingent on performance KPIs,29-ต.ค.-2023,29-ต.ค.-2023,28-ต.ค.-2024,Wei N.,Flagged for cost optimization review,Expired/Not renewed,"$97,200"
556,Training & Development,Leadership Development Engagement #1555,Indonesia,Pinnacle Innovations PT,Ivory Trading PT,Includes quarterly business review meetings,19-ม.ค.-2025,19-ม.ค.-2025,19-พ.ค.-2027,Fatima D.,Vendor performance review scheduled,Renewed,"$64,500"
557,Real Estate & Leasing,Equipment Leasing Agreement #1556,Taiwan,"Silverline Trading Co., Ltd.",Internal - Procurement,Volume discount tier applies above threshold spend,05-พ.ย.-2024,05-พ.ย.-2024,26-ธ.ค.-2027,Chloe C.,Alternative vendors being benchmarked,Renewed,"$2,030,300"
558,Cleaning & Facility,Janitorial Services Agreement #1557,Taiwan,"Silverline Consulting Co., Ltd.",Internal - Operations,Pricing subject to annual CPI adjustment,02-ต.ค.-2026,09-ต.ค.-2026,08-ก.ย.-2028,Yuki T.,Alternative vendors being benchmarked,Renewed,"$289,300"
559,IT Services,Cloud Hosting Agreement #1558,Myanmar,"Metro Consulting Co., Ltd.",Internal - E-commerce,Service level agreement reviewed annually,01-ต.ค.-2023,01-ต.ค.-2023,13-ต.ค.-2026,Daniel C.,Legal review in progress before renewal,Negotiation in progress,"$1,962,900"
560,IT Services,Cloud Hosting Agreement #1559,Malaysia,Atlas Industries Sdn Bhd,Internal - Marketing Dept.,-,15-พ.ค.-2024,15-พ.ค.-2024,11-ก.พ.-2028,Aiko R.,Flagged for cost optimization review,Renewed,"$1,360,100"
561,Telecommunications,Internet Leased Line Contract #1560,Myanmar,"Pacific Logistics Co., Ltd.",Internal - HR Dept.,"Auto-renew clause, 90 days notice required",03-ก.ย.-2024,17-ก.ย.-2024,20-พ.ค.-2028,Ahmed S.,Vendor performance review scheduled,Renewed,"$106,700"
562,Cleaning & Facility,Facility Maintenance Contract #1561,Indonesia,Atlas Systems PT,Internal - Procurement,Includes 24/7 support SLA with penalty clauses,30-มิ.ย.-2026,07-ก.ค.-2026,15-ก.ค.-2028,Sarah W.,Legal review in progress before renewal,Renewed,"$345,300"
563,Telecommunications,VoIP Services Agreement #1562,Germany,Ivory Industries GmbH,Internal - Marketing Dept.,Volume discount tier applies above threshold spend,13-มิ.ย.-2023,13-มิ.ย.-2023,21-พ.ย.-2024,Daniel K.,No issues reported this cycle,Expired/Not renewed,"$516,400"
564,Logistics,Fleet Logistics Services Contract #1563,Vietnam,Titan Innovations JSC,Global Networks JSC,-,03-มี.ค.-2025,03-มี.ค.-2025,25-ก.พ.-2029,James P.,-,Renewed,"$759,600"
565,Manufacturing Supply,Packaging Supply Contract #1564,Taiwan,"Falcon Industries Co., Ltd.","Ivory Logistics Co., Ltd.",Renewal contingent on performance KPIs,04-ต.ค.-2024,04-ต.ค.-2024,06-มี.ค.-2026,Wei R.,-,Expired/Not renewed,"$3,373,700"
566,Manufacturing Supply,OEM Production Agreement #1565,United Arab Emirates,Atlas Holdings LLC,Internal - Marketing Dept.,Includes quarterly business review meetings,09-ส.ค.-2022,09-ส.ค.-2022,06-เม.ย.-2024,Sarah S.,Scope extension being discussed with partner,Expired/Not renewed,"$1,266,800"
567,IT Services,Managed IT Services Agreement #1566,Cambodia,"Vanguard Enterprises Co., Ltd.","Granite Logistics Co., Ltd.","Auto-renew clause, 45 days notice required",15-มี.ค.-2024,15-มี.ค.-2024,16-ม.ค.-2027,Ploy B.,Vendor performance review scheduled,Negotiation in progress,"$936,400"
568,Software Licensing,Enterprise Software License (ERP) #1567,United States,Global Group Inc.,Internal - Admin Dept.,Includes quarterly business review meetings,08-พ.ย.-2025,08-พ.ย.-2025,22-พ.ย.-2026,Emily N.,Relationship manager reassigned this quarter,Upcoming renewal,"$2,314,100"
569,Software Licensing,Cybersecurity Software License #1568,United States,Nova Trading Inc.,Internal - Legal Dept.,Exclusive regional distribution rights included,31-ก.ค.-2026,31-ก.ค.-2026,26-มิ.ย.-2028,Kanokwan O.,Budget approval pending for renewal,Renewed,"$1,077,400"
570,Consulting,Change Management Engagement #1569,Malaysia,Quantum Technologies Sdn Bhd,Internal - HR Dept.,Includes 24/7 support SLA with penalty clauses,08-ก.พ.-2023,08-ก.พ.-2023,16-ต.ค.-2026,Laura B.,Relationship manager reassigned this quarter,Upcoming renewal,"$177,800"
571,Cleaning & Facility,Office Facility Management Contract #1570,Australia,Vanguard Capital Pty Ltd,Atlas Partners Pty Ltd,"Multi-year framework agreement, reviewed yearly",15-ม.ค.-2023,15-ม.ค.-2023,04-พ.ย.-2026,Kanokwan A.,Budget approval pending for renewal,Upcoming renewal,"$270,900"
572,Manufacturing Supply,Packaging Supply Contract #1571,Myanmar,"Global Networks Co., Ltd.",Internal - Operations,Volume discount tier applies above threshold spend,18-ธ.ค.-2022,18-ธ.ค.-2022,30-ต.ค.-2026,Anucha N.,Scope extension being discussed with partner,Negotiation in progress,"$1,072,900"
573,Manufacturing Supply,Component Manufacturing Contract #1572,Japan,Crest Group K.K.,Granite Holdings K.K.,Service level agreement reviewed annually,25-ส.ค.-2025,25-ส.ค.-2025,11-พ.ย.-2026,Emily H.,-,Upcoming renewal,"$3,962,600"
574,Real Estate & Leasing,Retail Unit Lease Contract #1573,Japan,Horizon Logistics K.K.,Internal - E-commerce,"Auto-renew clause, 45 days notice required",04-ก.ย.-2025,18-ก.ย.-2025,21-ม.ค.-2027,David H.,"Renewal quote received, under internal review",Negotiation in progress,"$2,164,000"
575,Telecommunications,Corporate Mobile Plan Agreement #1574,United States,Cascade Trading Inc.,Metro Services Inc.,Includes quarterly business review meetings,25-ก.พ.-2024,25-ก.พ.-2024,14-ธ.ค.-2026,Aiko B.,"Renewal quote received, under internal review",Upcoming renewal,"$214,000"
576,Manufacturing Supply,Raw Material Supply Agreement #1575,Philippines,Unity Innovations Inc.,Internal - Operations,Pricing subject to annual CPI adjustment,06-ต.ค.-2024,06-ต.ค.-2024,15-ส.ค.-2027,Kanokwan A.,Flagged for cost optimization review,Renewed,"$2,991,000"
577,Real Estate & Leasing,Office Space Lease Agreement #1576,United States,Metro Systems Inc.,Internal - HR Dept.,"Multi-year framework agreement, reviewed yearly",09-เม.ย.-2027,09-เม.ย.-2027,10-ธ.ค.-2028,Kanokwan E.,Relationship manager reassigned this quarter,Renewed,"$2,953,500"
578,Legal,IP & Trademark Registration Services #1577,Vietnam,Lumen Services JSC,Internal - Finance Dept.,Pricing subject to annual CPI adjustment,31-พ.ค.-2024,14-มิ.ย.-2024,13-พ.ย.-2026,Emily B.,"Renewal quote received, under internal review",Upcoming renewal,"$585,400"
579,Manufacturing Supply,Raw Material Supply Agreement #1578,Vietnam,Crest Networks JSC,Internal - E-commerce,"Auto-renew clause, 30 days notice required",10-มี.ค.-2024,10-มี.ค.-2024,24-ต.ค.-2026,Wei W.,Alternative vendors being benchmarked,Negotiation in progress,"$3,827,600"
580,Travel & Events,Event Management Services Contract #1579,Taiwan,"Granite Consulting Co., Ltd.",Internal - E-commerce,"Multi-year framework agreement, reviewed yearly",21-ต.ค.-2025,21-ต.ค.-2025,01-พ.ย.-2027,Nathan M.,-,Renewed,"$72,400"
581,Printing & Publishing,Annual Report Design & Print Contract #1580,France,Granite Capital SAS,Internal - Admin Dept.,"Auto-renew clause, 30 days notice required",04-ก.ค.-2025,18-ก.ค.-2025,19-ต.ค.-2026,Minji S.,Legal review in progress before renewal,Upcoming renewal,"$51,500"
582,Cleaning & Facility,Office Facility Management Contract #1581,China,"Summit Industries Co., Ltd.","Silverline Group Co., Ltd.",Service level agreement reviewed annually,03-เม.ย.-2024,17-เม.ย.-2024,04-ต.ค.-2025,Ahmed W.,No issues reported this cycle,Expired/Not renewed,"$99,800"
583,Insurance,Property & Casualty Insurance Contract #1582,Australia,Summit Solutions Pty Ltd,Crown Systems Pty Ltd,Includes quarterly business review meetings,12-เม.ย.-2027,19-เม.ย.-2027,21-พ.ย.-2028,Hiroshi A.,Flagged for cost optimization review,Renewed,"$1,420,100"
584,Consulting,Change Management Engagement #1583,France,Crown Services SAS,Internal - Corporate Affairs,Volume discount tier applies above threshold spend,18-ธ.ค.-2023,18-ธ.ค.-2023,10-ม.ค.-2027,Emily O.,Vendor performance review scheduled,Negotiation in progress,"$1,086,500"
585,Training & Development,Corporate Training Program Agreement #1584,Philippines,Evergreen Enterprises Inc.,Internal - Procurement,Service level agreement reviewed annually,07-ส.ค.-2023,21-ส.ค.-2023,05-พ.ย.-2026,Arjun A.,Alternative vendors being benchmarked,Negotiation in progress,"$64,500"
586,HR & Payroll,Outsourced Payroll Processing Contract #1585,France,Vanguard Group SAS,Vertex Solutions SAS,Volume discount tier applies above threshold spend,25-มิ.ย.-2025,25-มิ.ย.-2025,22-ก.ย.-2026,Nathan M.,Vendor performance review scheduled,Upcoming renewal,"$110,600"
587,Real Estate & Leasing,Equipment Leasing Agreement #1586,Thailand,"Global Group Co., Ltd.",Internal - Supply Chain,Includes 24/7 support SLA with penalty clauses,07-มิ.ย.-2023,07-มิ.ย.-2023,02-ธ.ค.-2026,Anucha G.,Scope extension being discussed with partner,Upcoming renewal,"$1,571,600"
588,Logistics,Freight Forwarding Contract #1587,Taiwan,"Cascade Group Co., Ltd.",Internal - IT Dept.,"Auto-renew clause, 30 days notice required",17-ส.ค.-2026,17-ส.ค.-2026,02-มิ.ย.-2028,Arjun D.,Alternative vendors being benchmarked,Renewed,"$1,646,300"
589,Software Licensing,Business Intelligence Platform License #1588,Indonesia,Falcon Technologies PT,Internal - IT Security,Includes quarterly business review meetings,03-ก.ค.-2024,03-ก.ค.-2024,05-ต.ค.-2026,Budi P.,"Renewal quote received, under internal review",Upcoming renewal,"$2,870,500"
590,Real Estate & Leasing,Equipment Leasing Agreement #1589,Australia,Alliance Trading Pty Ltd,Horizon Logistics Pty Ltd,Includes quarterly business review meetings,27-ก.พ.-2026,06-มี.ค.-2026,11-มี.ค.-2028,Emily F.,Legal review in progress before renewal,Renewed,"$793,600"
591,Financial Services,Corporate Banking Services Agreement #1590,Malaysia,Cascade Innovations Sdn Bhd,Unity Consulting Sdn Bhd,Volume discount tier applies above threshold spend,22-มิ.ย.-2023,29-มิ.ย.-2023,29-ธ.ค.-2026,Emily E.,Alternative vendors being benchmarked,Negotiation in progress,"$820,200"
592,Telecommunications,VoIP Services Agreement #1591,Indonesia,Horizon Services PT,Evergreen Ventures PT,"Multi-year framework agreement, reviewed yearly",19-ก.ค.-2025,19-ก.ค.-2025,31-พ.ค.-2028,Michael P.,Alternative vendors being benchmarked,Renewed,"$565,500"
593,Waste Management,Recycling Services Agreement #1592,United Arab Emirates,Lumen Innovations LLC,Internal - Admin Dept.,"Auto-renew clause, 30 days notice required",03-ก.ค.-2026,03-ก.ค.-2026,24-ก.ย.-2028,Anucha T.,-,Renewed,"$78,200"
594,Financial Services,Payment Gateway Services Agreement #1593,Taiwan,"Crest Partners Co., Ltd.","Summit Trading Co., Ltd.","Multi-year framework agreement, reviewed yearly",10-มิ.ย.-2025,10-มิ.ย.-2025,19-ต.ค.-2028,James J.,Vendor performance review scheduled,Renewed,"$234,400"
595,Legal,Corporate Legal Advisory Retainer #1594,Indonesia,Atlas Solutions PT,Delta Trading PT,Service level agreement reviewed annually,17-ม.ค.-2025,17-ม.ค.-2025,06-ธ.ค.-2026,Kanokwan T.,Scope extension being discussed with partner,Upcoming renewal,"$100,900"
596,Marketing,Creative & Branding Services #1595,Thailand,"Pinnacle Networks Co., Ltd.",Internal - Legal Dept.,Includes 24/7 support SLA with penalty clauses,10-มิ.ย.-2024,17-มิ.ย.-2024,04-ก.พ.-2028,James R.,Legal review in progress before renewal,Renewed,"$655,900"
597,Legal,Regulatory Filing Services #1596,Indonesia,Summit Logistics PT,Internal - Legal Dept.,Includes quarterly business review meetings,08-มิ.ย.-2023,22-มิ.ย.-2023,07-ม.ค.-2027,Wei A.,Flagged for cost optimization review,Negotiation in progress,"$431,200"
598,Insurance,Cyber Liability Insurance Policy #1597,South Korea,"Delta Holdings Co., Ltd.",Internal - Marketing Dept.,Renewal contingent on performance KPIs,02-มี.ค.-2025,09-มี.ค.-2025,31-พ.ค.-2027,James G.,"Renewal quote received, under internal review",Renewed,"$300,000"
599,Training & Development,E-Learning Platform License #1598,United Arab Emirates,Sterling Ventures LLC,BlueSky Logistics LLC,Pricing subject to annual CPI adjustment,11-พ.ค.-2025,11-พ.ค.-2025,17-ต.ค.-2026,Chloe G.,Scope extension being discussed with partner,Negotiation in progress,"$184,900"
600,Insurance,Group Health Insurance Policy #1599,Philippines,Lumen Group Inc.,Internal - Corporate Affairs,-,12-พ.ย.-2027,12-พ.ย.-2027,16-ม.ค.-2029,Priya G.,-,Renewed,"$425,700"
601,Fleet & Transportation,Vehicle Leasing Agreement #1600,United Arab Emirates,Apex Logistics LLC,Internal - Operations,Pricing subject to annual CPI adjustment,05-มี.ค.-2023,05-มี.ค.-2023,07-เม.ย.-2025,Ahmed J.,"Renewal quote received, under internal review",Expired/Not renewed,"$681,600"
602,Construction & Maintenance,Building Renovation Contract #1601,Germany,Granite Group GmbH,Internal - Legal Dept.,Includes 24/7 support SLA with penalty clauses,25-ก.ย.-2024,25-ก.ย.-2024,12-พ.ค.-2027,Nathan P.,"Renewal quote received, under internal review",Renewed,"$324,300"
603,HR & Payroll,Employee Benefits Administration #1602,Japan,NorthStar Holdings K.K.,Granite Capital K.K.,Exclusive regional distribution rights included,24-ก.ค.-2023,24-ก.ค.-2023,22-ธ.ค.-2026,Ravi E.,Scope extension being discussed with partner,Negotiation in progress,"$357,900"
604,Real Estate & Leasing,Office Space Lease Agreement #1603,Myanmar,"Meridian Partners Co., Ltd.",Internal - Finance Dept.,Pricing subject to annual CPI adjustment,18-เม.ย.-2024,25-เม.ย.-2024,20-ต.ค.-2025,Somchai E.,Legal review in progress before renewal,Expired/Not renewed,"$515,900"
605,Security,Access Control System Contract #1604,Vietnam,Cascade Trading JSC,Internal - Marketing Dept.,-,22-มิ.ย.-2022,22-มิ.ย.-2022,13-ธ.ค.-2025,Siti I.,-,Expired/Not renewed,"$470,800"
606,Financial Services,Payment Gateway Services Agreement #1605,India,Vanguard Networks Pvt. Ltd.,Vertex Dynamics Pvt. Ltd.,"Auto-renew clause, 90 days notice required",04-ม.ค.-2023,11-ม.ค.-2023,12-พ.ย.-2026,Michael L.,-,Upcoming renewal,"$284,900"
607,HR & Payroll,Recruitment Services Agreement #1606,Taiwan,"Global Partners Co., Ltd.","Titan Ventures Co., Ltd.",Renewal contingent on performance KPIs,10-ก.ค.-2025,10-ก.ค.-2025,17-ม.ค.-2027,Grace C.,"Renewal quote received, under internal review",Negotiation in progress,"$194,400"
608,Marketing,Influencer Partnership Contract #1607,Philippines,Pacific Ventures Inc.,Quantum Ventures Inc.,Includes 24/7 support SLA with penalty clauses,07-พ.ย.-2024,14-พ.ย.-2024,23-ม.ค.-2027,Wanida K.,Flagged for cost optimization review,Negotiation in progress,"$120,600"
609,Cleaning & Facility,Pest Control Services Agreement #1608,United Arab Emirates,NorthStar Enterprises LLC,Internal - IT Dept.,"Auto-renew clause, 60 days notice required",23-ก.พ.-2023,23-ก.พ.-2023,05-พ.ค.-2025,Suchada L.,Legal review in progress before renewal,Expired/Not renewed,"$81,900"
610,Telecommunications,Corporate Mobile Plan Agreement #1609,Philippines,Horizon Partners Inc.,Internal - HR Dept.,"Auto-renew clause, 15 days notice required",31-ธ.ค.-2022,31-ธ.ค.-2022,13-มี.ค.-2025,Priya O.,Alternative vendors being benchmarked,Expired/Not renewed,"$145,200"
611,Construction & Maintenance,Civil Works Contract #1610,India,BlueSky Enterprises Pvt. Ltd.,Internal - HR Dept.,-,04-เม.ย.-2024,04-เม.ย.-2024,15-ก.ย.-2027,Tanawat S.,-,Renewed,"$1,827,400"
612,Waste Management,Recycling Services Agreement #1611,Myanmar,"Quantum Consulting Co., Ltd.","Radiant Partners Co., Ltd.",Volume discount tier applies above threshold spend,13-ม.ค.-2025,20-ม.ค.-2025,18-พ.ย.-2026,Michael A.,Legal review in progress before renewal,Upcoming renewal,"$260,600"
613,Printing & Publishing,Signage & Print Production Agreement #1612,Thailand,"Anchor Partners Co., Ltd.",Internal - IT Security,-,18-มิ.ย.-2023,02-ก.ค.-2023,08-พ.ย.-2026,Kanokwan B.,Scope extension being discussed with partner,Negotiation in progress,"$156,000"
614,Financial Services,Corporate Banking Services Agreement #1613,Japan,Quantum Solutions K.K.,Internal - Supply Chain,Pricing subject to annual CPI adjustment,15-ต.ค.-2023,22-ต.ค.-2023,09-ส.ค.-2027,Priya J.,Flagged for cost optimization review,Renewed,"$431,600"
615,Manufacturing Supply,OEM Production Agreement #1614,Hong Kong,Bright Group Ltd.,Beacon Networks Ltd.,Exclusive regional distribution rights included,25-เม.ย.-2025,02-พ.ค.-2025,10-ต.ค.-2028,Aiko S.,No issues reported this cycle,Renewed,"$1,211,600"
616,Legal,Litigation Support Contract #1615,Vietnam,Pacific Consulting JSC,Internal - Corporate Affairs,"Auto-renew clause, 45 days notice required",05-มิ.ย.-2027,12-มิ.ย.-2027,01-ม.ค.-2029,Kanokwan P.,Alternative vendors being benchmarked,Renewed,"$309,500"
617,Consulting,Business Process Improvement Engagement #1616,South Korea,"Beacon Ventures Co., Ltd.",Internal - Finance Dept.,"Multi-year framework agreement, reviewed yearly",05-พ.ย.-2025,05-พ.ย.-2025,23-ม.ค.-2029,Ahmed O.,Legal review in progress before renewal,Renewed,"$1,130,000"
618,Telecommunications,Corporate Mobile Plan Agreement #1617,China,"Nova Networks Co., Ltd.","Global Networks Co., Ltd.",Service level agreement reviewed annually,27-พ.ย.-2022,11-ธ.ค.-2022,07-พ.ย.-2026,Somchai A.,Alternative vendors being benchmarked,Upcoming renewal,"$235,900"
619,HR & Payroll,Outsourced Payroll Processing Contract #1618,Taiwan,"Vanguard Enterprises Co., Ltd.",Internal - HR Dept.,Renewal contingent on performance KPIs,02-ส.ค.-2023,09-ส.ค.-2023,29-ก.ค.-2025,Chloe E.,Alternative vendors being benchmarked,Expired/Not renewed,"$363,100"
620,HR & Payroll,HR Systems Implementation Contract #1619,Malaysia,Vertex Capital Sdn Bhd,Internal - Corporate Affairs,Exclusive regional distribution rights included,10-ก.ย.-2024,10-ก.ย.-2024,01-พ.ย.-2026,Hiroshi S.,No issues reported this cycle,Upcoming renewal,"$50,900"
621,Cleaning & Facility,Janitorial Services Agreement #1620,Thailand,"Trident Consulting Co., Ltd.",Internal - IT Dept.,"Multi-year framework agreement, reviewed yearly",15-ก.ย.-2024,15-ก.ย.-2024,13-ธ.ค.-2026,Siti L.,Legal review in progress before renewal,Upcoming renewal,"$75,900"
622,Logistics,Fleet Logistics Services Contract #1621,China,"Horizon Partners Co., Ltd.",Internal - IT Security,Includes quarterly business review meetings,29-มี.ค.-2027,29-มี.ค.-2027,04-ธ.ค.-2028,Kanokwan D.,"Renewal quote received, under internal review",Renewed,"$298,200"
623,Marketing,Digital Marketing Retainer #1622,United Arab Emirates,Orion Enterprises LLC,Internal - Finance Dept.,Exclusive regional distribution rights included,01-ส.ค.-2027,01-ส.ค.-2027,03-ม.ค.-2029,Daniel C.,Relationship manager reassigned this quarter,Renewed,"$624,900"
624,Security,Physical Security & Guard Services #1623,Philippines,Nova Solutions Inc.,Pinnacle Logistics Inc.,Includes quarterly business review meetings,13-ธ.ค.-2027,13-ธ.ค.-2027,22-ธ.ค.-2028,Laura L.,Scope extension being discussed with partner,Renewed,"$268,000"
625,Real Estate & Leasing,Office Space Lease Agreement #1624,Thailand,"Lumen Solutions Co., Ltd.",Internal - Legal Dept.,Service level agreement reviewed annually,02-ต.ค.-2023,02-ต.ค.-2023,02-ส.ค.-2026,Yuki D.,Legal review in progress before renewal,Expired/Not renewed,"$1,137,800"
626,Travel & Events,Conference Venue Agreement #1625,Japan,Horizon Trading K.K.,Titan Dynamics K.K.,Includes quarterly business review meetings,18-เม.ย.-2026,18-เม.ย.-2026,17-พ.ค.-2028,Ploy N.,"Renewal quote received, under internal review",Renewed,"$77,500"
627,Fleet & Transportation,Corporate Shuttle Service Contract #1626,Cambodia,"Nova Holdings Co., Ltd.","Emerald Networks Co., Ltd.","Multi-year framework agreement, reviewed yearly",05-ก.ค.-2026,19-ก.ค.-2026,24-ก.พ.-2028,Chloe W.,Budget approval pending for renewal,Renewed,"$357,100"
628,Financial Services,Audit & Assurance Engagement #1627,Vietnam,Anchor Holdings JSC,Granite Systems JSC,Volume discount tier applies above threshold spend,20-พ.ย.-2020,20-พ.ย.-2020,10-พ.ย.-2024,Arjun W.,Budget approval pending for renewal,Expired/Not renewed,"$416,400"
629,Manufacturing Supply,OEM Production Agreement #1628,Philippines,Falcon Industries Inc.,Internal - IT Security,Pricing subject to annual CPI adjustment,10-เม.ย.-2025,10-เม.ย.-2025,29-เม.ย.-2026,Yuki E.,Relationship manager reassigned this quarter,Expired/Not renewed,"$2,784,300"
630,Fleet & Transportation,Vehicle Leasing Agreement #1629,Australia,Crown Consulting Pty Ltd,Internal - Corporate Affairs,Exclusive regional distribution rights included,03-ก.ค.-2027,17-ก.ค.-2027,16-ธ.ค.-2028,Fatima D.,Budget approval pending for renewal,Renewed,"$805,500"
631,Construction & Maintenance,Elevator Maintenance Contract #1630,Japan,Quantum Logistics K.K.,Emerald Logistics K.K.,-,29-พ.ย.-2023,13-ธ.ค.-2023,12-ต.ค.-2026,Daniel D.,Legal review in progress before renewal,Upcoming renewal,"$781,100"
632,IT Services,Cloud Hosting Agreement #1631,Cambodia,"Global Dynamics Co., Ltd.",Internal - HR Dept.,Exclusive regional distribution rights included,26-ต.ค.-2023,26-ต.ค.-2023,14-มิ.ย.-2027,Piyawan K.,Legal review in progress before renewal,Renewed,"$2,088,200"
633,Construction & Maintenance,Civil Works Contract #1632,United States,Vanguard Consulting Inc.,Internal - Supply Chain,-,11-เม.ย.-2023,11-เม.ย.-2023,15-ม.ค.-2027,Suchada M.,-,Negotiation in progress,"$1,690,100"
634,HR & Payroll,HR Systems Implementation Contract #1633,Singapore,Global Partners Pte Ltd,Internal - Supply Chain,"Auto-renew clause, 15 days notice required",28-ต.ค.-2025,28-ต.ค.-2025,07-พ.ย.-2026,David F.,-,Upcoming renewal,"$115,000"
635,Insurance,Property & Casualty Insurance Contract #1634,Vietnam,Unity Services JSC,Atlas Systems JSC,Exclusive regional distribution rights included,27-ต.ค.-2024,27-ต.ค.-2024,11-ส.ค.-2027,James T.,"Renewal quote received, under internal review",Renewed,"$1,137,000"
636,Printing & Publishing,Signage & Print Production Agreement #1635,Hong Kong,Metro Innovations Ltd.,Cascade Services Ltd.,"Multi-year framework agreement, reviewed yearly",12-พ.ค.-2025,12-พ.ค.-2025,28-ต.ค.-2026,Tanawat H.,"Renewal quote received, under internal review",Upcoming renewal,"$113,900"
637,Marketing,Creative & Branding Services #1636,United Arab Emirates,Summit Enterprises LLC,Internal - Admin Dept.,Renewal contingent on performance KPIs,01-ม.ค.-2026,15-ม.ค.-2026,17-มี.ค.-2028,Nathan G.,Legal review in progress before renewal,Renewed,"$690,200"
638,Training & Development,E-Learning Platform License #1637,Indonesia,Granite Group PT,Crown Trading PT,Service level agreement reviewed annually,29-เม.ย.-2026,29-เม.ย.-2026,17-พ.ค.-2028,Ravi W.,No issues reported this cycle,Renewed,"$90,600"
639,Legal,Litigation Support Contract #1638,Indonesia,Beacon Group PT,Metro Solutions PT,Volume discount tier applies above threshold spend,16-ธ.ค.-2022,23-ธ.ค.-2022,14-ธ.ค.-2026,Aiko I.,"Renewal quote received, under internal review",Upcoming renewal,"$220,900"
640,Financial Services,Payment Gateway Services Agreement #1639,Germany,Silverline Partners GmbH,Internal - HR Dept.,Exclusive regional distribution rights included,01-ก.ค.-2025,08-ก.ค.-2025,16-ต.ค.-2026,Suchada O.,Legal review in progress before renewal,Negotiation in progress,"$740,000"
641,Consulting,Change Management Engagement #1640,United Kingdom,Evergreen Systems Ltd.,Internal - Finance Dept.,"Auto-renew clause, 90 days notice required",03-พ.ค.-2025,03-พ.ค.-2025,26-ก.ค.-2027,Kanokwan B.,Legal review in progress before renewal,Renewed,"$101,600"
642,HR & Payroll,HR Systems Implementation Contract #1641,Vietnam,Lumen Group JSC,Internal - Corporate Affairs,"Multi-year framework agreement, reviewed yearly",15-ม.ค.-2023,15-ม.ค.-2023,25-ต.ค.-2026,Grace M.,Legal review in progress before renewal,Upcoming renewal,"$80,800"
643,Real Estate & Leasing,Equipment Leasing Agreement #1642,India,Global Group Pvt. Ltd.,Internal - Procurement,Volume discount tier applies above threshold spend,28-พ.ค.-2022,28-พ.ค.-2022,27-ก.ย.-2024,Tanawat J.,Vendor performance review scheduled,Expired/Not renewed,"$1,609,800"
644,Construction & Maintenance,Building Renovation Contract #1643,France,NorthStar Solutions SAS,Delta Services SAS,Includes 24/7 support SLA with penalty clauses,06-ก.พ.-2025,20-ก.พ.-2025,11-มี.ค.-2026,Aiko I.,-,Expired/Not renewed,"$720,500"
645,Travel & Events,Conference Venue Agreement #1644,South Korea,"Crest Group Co., Ltd.",Internal - IT Dept.,Pricing subject to annual CPI adjustment,26-พ.ย.-2025,26-พ.ย.-2025,22-ก.ย.-2027,Arjun H.,Relationship manager reassigned this quarter,Renewed,"$49,000"
646,Financial Services,Corporate Banking Services Agreement #1645,Taiwan,"Unity Innovations Co., Ltd.",Internal - Finance Dept.,Renewal contingent on performance KPIs,29-ธ.ค.-2024,29-ธ.ค.-2024,15-ก.ย.-2028,Ahmed J.,Vendor performance review scheduled,Renewed,"$291,800"
647,Manufacturing Supply,Packaging Supply Contract #1646,South Korea,"NorthStar Trading Co., Ltd.",Internal - Admin Dept.,Renewal contingent on performance KPIs,06-ก.ย.-2024,06-ก.ย.-2024,19-ต.ค.-2027,Yuki G.,Flagged for cost optimization review,Renewed,"$3,865,300"
648,Security,Executive Protection Services #1647,China,"Falcon Services Co., Ltd.",Internal - HR Dept.,Includes 24/7 support SLA with penalty clauses,10-ธ.ค.-2023,24-ธ.ค.-2023,26-พ.ย.-2026,Priya G.,Budget approval pending for renewal,Upcoming renewal,"$74,600"
649,Insurance,Property & Casualty Insurance Contract #1648,Malaysia,Global Innovations Sdn Bhd,NorthStar Dynamics Sdn Bhd,Includes quarterly business review meetings,28-ธ.ค.-2024,04-ม.ค.-2025,17-ก.ย.-2027,Arjun W.,Relationship manager reassigned this quarter,Renewed,"$453,700"
650,Logistics,Freight Forwarding Contract #1649,Japan,Titan Group K.K.,Internal - Operations,Includes quarterly business review meetings,23-ธ.ค.-2025,23-ธ.ค.-2025,04-เม.ย.-2027,Chloe L.,Flagged for cost optimization review,Renewed,"$291,000"
651,Cleaning & Facility,Office Facility Management Contract #1650,Vietnam,Cascade Partners JSC,Quantum Networks JSC,Volume discount tier applies above threshold spend,07-มิ.ย.-2024,14-มิ.ย.-2024,05-พ.ย.-2026,Arjun H.,Legal review in progress before renewal,Upcoming renewal,"$153,700"
652,Real Estate & Leasing,Equipment Leasing Agreement #1651,India,Evergreen Networks Pvt. Ltd.,Sterling Partners Pvt. Ltd.,Includes quarterly business review meetings,18-ต.ค.-2024,18-ต.ค.-2024,30-พ.ย.-2026,Carlos I.,Relationship manager reassigned this quarter,Upcoming renewal,"$1,559,700"
653,Waste Management,Recycling Services Agreement #1652,Philippines,Atlas Networks Inc.,Internal - E-commerce,Includes 24/7 support SLA with penalty clauses,25-ส.ค.-2021,01-ก.ย.-2021,02-ก.ย.-2024,Michael R.,Alternative vendors being benchmarked,Expired/Not renewed,"$112,700"
654,Training & Development,Corporate Training Program Agreement #1653,Thailand,"Onyx Solutions Co., Ltd.","Zenith Consulting Co., Ltd.",-,21-ก.ค.-2026,04-ส.ค.-2026,20-เม.ย.-2028,Priya H.,-,Renewed,"$167,500"
655,Software Licensing,Business Intelligence Platform License #1654,Indonesia,Vanguard Solutions PT,Internal - E-commerce,Includes quarterly business review meetings,08-พ.ค.-2025,08-พ.ค.-2025,13-ธ.ค.-2026,Suchada C.,Relationship manager reassigned this quarter,Upcoming renewal,"$1,793,200"
656,Construction & Maintenance,HVAC Maintenance Agreement #1655,Singapore,Alliance Capital Pte Ltd,Summit Enterprises Pte Ltd,"Auto-renew clause, 60 days notice required",22-ก.พ.-2024,22-ก.พ.-2024,30-ต.ค.-2026,Ploy E.,No issues reported this cycle,Negotiation in progress,"$1,445,300"
657,Consulting,Business Process Improvement Engagement #1656,Malaysia,Meridian Solutions Sdn Bhd,Internal - Marketing Dept.,Volume discount tier applies above threshold spend,17-พ.ย.-2022,24-พ.ย.-2022,24-ก.ย.-2026,Sarah G.,Alternative vendors being benchmarked,Upcoming renewal,"$493,200"
658,Travel & Events,Event Management Services Contract #1657,Philippines,Metro Systems Inc.,Anchor Group Inc.,Renewal contingent on performance KPIs,09-ส.ค.-2024,09-ส.ค.-2024,14-ธ.ค.-2026,Emily A.,Relationship manager reassigned this quarter,Upcoming renewal,"$209,500"
659,Travel & Events,Conference Venue Agreement #1658,India,Titan Group Pvt. Ltd.,Emerald Trading Pvt. Ltd.,Service level agreement reviewed annually,06-มี.ค.-2023,13-มี.ค.-2023,18-ต.ค.-2026,Minji M.,Legal review in progress before renewal,Negotiation in progress,"$327,300"
660,Training & Development,Corporate Training Program Agreement #1659,Malaysia,Pinnacle Ventures Sdn Bhd,Internal - Operations,Includes 24/7 support SLA with penalty clauses,16-พ.ย.-2023,23-พ.ย.-2023,03-ก.ย.-2025,Ravi B.,-,Expired/Not renewed,"$265,900"
661,Security,CCTV Monitoring Agreement #1660,United States,Granite Capital Inc.,Internal - Procurement,Service level agreement reviewed annually,28-เม.ย.-2025,05-พ.ค.-2025,29-มี.ค.-2028,Wanida F.,Legal review in progress before renewal,Renewed,"$361,900"
662,Software Licensing,Cybersecurity Software License #1661,Vietnam,Crest Ventures JSC,Solace Holdings JSC,Exclusive regional distribution rights included,23-พ.ย.-2025,07-ธ.ค.-2025,18-พ.ย.-2028,James K.,-,Renewed,"$1,862,000"
663,IT Services,Network Infrastructure Services #1662,Philippines,Crown Group Inc.,Emerald Innovations Inc.,"Auto-renew clause, 90 days notice required",12-ส.ค.-2023,19-ส.ค.-2023,13-ต.ค.-2026,David H.,Legal review in progress before renewal,Upcoming renewal,"$2,312,100"
664,Legal,IP & Trademark Registration Services #1663,Singapore,Meridian Dynamics Pte Ltd,Solace Solutions Pte Ltd,"Multi-year framework agreement, reviewed yearly",13-ก.ค.-2026,27-ก.ค.-2026,24-เม.ย.-2028,Michael D.,Relationship manager reassigned this quarter,Renewed,"$340,500"
665,Training & Development,Corporate Training Program Agreement #1664,India,Crown Enterprises Pvt. Ltd.,Delta Capital Pvt. Ltd.,Service level agreement reviewed annually,01-มิ.ย.-2025,01-มิ.ย.-2025,15-ธ.ค.-2026,Anucha T.,Budget approval pending for renewal,Upcoming renewal,"$19,600"
666,Manufacturing Supply,Packaging Supply Contract #1665,Cambodia,"Lumen Consulting Co., Ltd.",Internal - IT Security,Renewal contingent on performance KPIs,11-ต.ค.-2024,11-ต.ค.-2024,01-ส.ค.-2028,Carlos G.,"Renewal quote received, under internal review",Renewed,"$1,490,300"
667,Training & Development,Leadership Development Engagement #1666,Germany,Atlas Consulting GmbH,Internal - Legal Dept.,"Auto-renew clause, 30 days notice required",23-มิ.ย.-2025,07-ก.ค.-2025,20-ต.ค.-2026,Priya D.,Legal review in progress before renewal,Upcoming renewal,"$166,800"
668,Telecommunications,Corporate Mobile Plan Agreement #1667,United Kingdom,Falcon Consulting Ltd.,BlueSky Technologies Ltd.,Renewal contingent on performance KPIs,01-ก.ค.-2022,08-ก.ค.-2022,07-เม.ย.-2025,Sarah R.,No issues reported this cycle,Expired/Not renewed,"$440,700"
669,Travel & Events,Corporate Travel Management Agreement #1668,China,"Prime Logistics Co., Ltd.",Internal - Operations,Volume discount tier applies above threshold spend,25-ม.ค.-2024,25-ม.ค.-2024,30-พ.ย.-2026,Laura B.,No issues reported this cycle,Upcoming renewal,"$101,900"
670,Logistics,Freight Forwarding Contract #1669,United States,Meridian Networks Inc.,Internal - Corporate Affairs,"Multi-year framework agreement, reviewed yearly",02-มี.ค.-2025,02-มี.ค.-2025,01-ต.ค.-2026,Tanawat E.,Alternative vendors being benchmarked,Negotiation in progress,"$919,000"
671,Travel & Events,Conference Venue Agreement #1670,India,Crown Solutions Pvt. Ltd.,Prime Enterprises Pvt. Ltd.,Exclusive regional distribution rights included,19-มี.ค.-2024,26-มี.ค.-2024,27-พ.ค.-2027,Nathan A.,Flagged for cost optimization review,Renewed,"$281,200"
672,Cleaning & Facility,Janitorial Services Agreement #1671,Malaysia,Anchor Group Sdn Bhd,Orion Trading Sdn Bhd,"Multi-year framework agreement, reviewed yearly",14-ก.ย.-2023,14-ก.ย.-2023,01-ม.ค.-2026,Laura N.,Flagged for cost optimization review,Expired/Not renewed,"$210,100"
673,Fleet & Transportation,Vehicle Leasing Agreement #1672,Singapore,Global Industries Pte Ltd,Meridian Logistics Pte Ltd,"Multi-year framework agreement, reviewed yearly",11-ธ.ค.-2023,25-ธ.ค.-2023,10-ธ.ค.-2026,Ravi F.,Vendor performance review scheduled,Negotiation in progress,"$596,600"
674,Real Estate & Leasing,Equipment Leasing Agreement #1673,United Kingdom,Crest Group Ltd.,Meridian Systems Ltd.,Pricing subject to annual CPI adjustment,01-ม.ค.-2026,08-ม.ค.-2026,03-เม.ย.-2028,Fatima P.,Legal review in progress before renewal,Renewed,"$3,580,000"
675,HR & Payroll,Outsourced Payroll Processing Contract #1674,Hong Kong,Cascade Services Ltd.,Granite Group Ltd.,Service level agreement reviewed annually,10-เม.ย.-2025,10-เม.ย.-2025,30-ธ.ค.-2028,Ahmed N.,Scope extension being discussed with partner,Renewed,"$45,200"
676,Insurance,Group Health Insurance Policy #1675,Taiwan,"Silverline Group Co., Ltd.",Internal - Legal Dept.,"Auto-renew clause, 45 days notice required",21-พ.ย.-2026,21-พ.ย.-2026,11-ก.ค.-2028,Sarah O.,Legal review in progress before renewal,Renewed,"$763,400"
677,Fleet & Transportation,Corporate Shuttle Service Contract #1676,United Kingdom,Nova Consulting Ltd.,Internal - Corporate Affairs,Exclusive regional distribution rights included,07-ก.พ.-2022,07-ก.พ.-2022,04-ส.ค.-2025,Ploy A.,Alternative vendors being benchmarked,Expired/Not renewed,"$217,500"
678,Waste Management,Waste Collection & Disposal Contract #1677,Singapore,Nova Logistics Pte Ltd,Internal - Supply Chain,-,19-ต.ค.-2022,19-ต.ค.-2022,04-ม.ค.-2025,Laura I.,Alternative vendors being benchmarked,Expired/Not renewed,"$108,900"
679,Logistics,Customs Brokerage Agreement #1678,Malaysia,Onyx Ventures Sdn Bhd,Titan Dynamics Sdn Bhd,Includes quarterly business review meetings,10-ม.ค.-2023,10-ม.ค.-2023,11-พ.ค.-2025,Hiroshi F.,"Renewal quote received, under internal review",Expired/Not renewed,"$1,638,500"
680,HR & Payroll,Employee Benefits Administration #1679,Taiwan,"Titan Services Co., Ltd.",Internal - IT Dept.,Pricing subject to annual CPI adjustment,07-ม.ค.-2028,07-ม.ค.-2028,31-ม.ค.-2029,Yuki I.,Vendor performance review scheduled,Renewed,"$133,200"
681,Training & Development,E-Learning Platform License #1680,France,Prime Dynamics SAS,Internal - IT Dept.,Renewal contingent on performance KPIs,26-เม.ย.-2025,26-เม.ย.-2025,05-ต.ค.-2026,Tanawat S.,"Renewal quote received, under internal review",Negotiation in progress,"$270,100"
682,Training & Development,Corporate Training Program Agreement #1681,Philippines,Unity Systems Inc.,Internal - Finance Dept.,"Auto-renew clause, 30 days notice required",30-ส.ค.-2025,30-ส.ค.-2025,09-ธ.ค.-2026,David F.,Flagged for cost optimization review,Upcoming renewal,"$43,200"
683,Training & Development,Corporate Training Program Agreement #1682,Cambodia,"Sterling Logistics Co., Ltd.",Internal - Admin Dept.,Volume discount tier applies above threshold spend,23-ก.ค.-2025,06-ส.ค.-2025,05-พ.ย.-2026,Hiroshi I.,Flagged for cost optimization review,Upcoming renewal,"$78,100"
684,Training & Development,Leadership Development Engagement #1683,Malaysia,Granite Consulting Sdn Bhd,Internal - Supply Chain,-,14-เม.ย.-2024,14-เม.ย.-2024,14-พ.ย.-2026,Yuki N.,Budget approval pending for renewal,Upcoming renewal,"$17,200"
685,Manufacturing Supply,OEM Production Agreement #1684,United States,Crest Technologies Inc.,Internal - Legal Dept.,Pricing subject to annual CPI adjustment,14-พ.ย.-2023,14-พ.ย.-2023,04-ม.ค.-2025,Piyawan J.,Flagged for cost optimization review,Expired/Not renewed,"$2,475,200"
686,Fleet & Transportation,Corporate Shuttle Service Contract #1685,United States,Silverline Ventures Inc.,Apex Partners Inc.,Exclusive regional distribution rights included,07-มี.ค.-2022,21-มี.ค.-2022,15-ม.ค.-2026,Anucha C.,"Renewal quote received, under internal review",Expired/Not renewed,"$574,700"
687,Printing & Publishing,Annual Report Design & Print Contract #1686,Singapore,Solace Innovations Pte Ltd,Ivory Dynamics Pte Ltd,Pricing subject to annual CPI adjustment,25-มิ.ย.-2023,25-มิ.ย.-2023,05-พ.ย.-2025,Minji G.,Relationship manager reassigned this quarter,Expired/Not renewed,"$52,400"
688,Construction & Maintenance,Building Renovation Contract #1687,Malaysia,Metro Dynamics Sdn Bhd,Zenith Trading Sdn Bhd,Exclusive regional distribution rights included,08-ก.ค.-2024,22-ก.ค.-2024,08-เม.ย.-2028,Ahmed S.,No issues reported this cycle,Renewed,"$479,900"
689,Cleaning & Facility,Facility Maintenance Contract #1688,Taiwan,"Metro Networks Co., Ltd.","Vertex Systems Co., Ltd.",-,20-มิ.ย.-2023,04-ก.ค.-2023,12-พ.ย.-2026,Laura K.,Scope extension being discussed with partner,Upcoming renewal,"$344,300"
690,Security,CCTV Monitoring Agreement #1689,France,Global Holdings SAS,Internal - Operations,Volume discount tier applies above threshold spend,30-พ.ย.-2020,30-พ.ย.-2020,01-พ.ค.-2024,Kanokwan E.,Flagged for cost optimization review,Expired/Not renewed,"$349,700"
691,Printing & Publishing,Signage & Print Production Agreement #1690,United Kingdom,Delta Trading Ltd.,Internal - Procurement,Pricing subject to annual CPI adjustment,28-มี.ค.-2025,28-มี.ค.-2025,03-พ.ย.-2026,Sarah J.,Alternative vendors being benchmarked,Upcoming renewal,"$19,400"
692,Training & Development,Corporate Training Program Agreement #1691,Germany,Titan Innovations GmbH,Evergreen Capital GmbH,Service level agreement reviewed annually,24-ก.ย.-2024,01-ต.ค.-2024,16-เม.ย.-2028,Emily A.,No issues reported this cycle,Renewed,"$102,900"
693,Telecommunications,Satellite Communication Contract #1692,Malaysia,Crown Technologies Sdn Bhd,Internal - IT Dept.,"Multi-year framework agreement, reviewed yearly",16-ม.ค.-2025,16-ม.ค.-2025,05-พ.ย.-2026,Arjun K.,Flagged for cost optimization review,Negotiation in progress,"$573,500"
694,Telecommunications,Internet Leased Line Contract #1693,Cambodia,"Trident Services Co., Ltd.",Internal - Operations,Includes quarterly business review meetings,10-ต.ค.-2024,10-ต.ค.-2024,11-ม.ค.-2027,Budi J.,"Renewal quote received, under internal review",Negotiation in progress,"$216,200"
695,HR & Payroll,Recruitment Services Agreement #1694,China,"NorthStar Group Co., Ltd.",Internal - E-commerce,"Auto-renew clause, 45 days notice required",24-ม.ค.-2023,24-ม.ค.-2023,26-ก.พ.-2025,Nattapong W.,Scope extension being discussed with partner,Expired/Not renewed,"$203,000"
696,Insurance,Cargo Insurance Agreement #1695,Cambodia,"Delta Dynamics Co., Ltd.",Internal - Finance Dept.,Service level agreement reviewed annually,13-ก.ย.-2024,13-ก.ย.-2024,19-มิ.ย.-2028,Budi D.,"Renewal quote received, under internal review",Renewed,"$157,700"
697,Financial Services,Payment Gateway Services Agreement #1696,Vietnam,Crown Consulting JSC,Internal - E-commerce,"Auto-renew clause, 60 days notice required",13-เม.ย.-2027,13-เม.ย.-2027,10-ก.ย.-2028,Minji O.,"Renewal quote received, under internal review",Renewed,"$895,500"
698,Printing & Publishing,Corporate Printing Services Agreement #1697,Australia,Quantum Logistics Pty Ltd,Global Industries Pty Ltd,Service level agreement reviewed annually,13-พ.ค.-2024,13-พ.ค.-2024,31-ธ.ค.-2027,Nathan H.,Legal review in progress before renewal,Renewed,"$99,500"
699,Cleaning & Facility,Pest Control Services Agreement #1698,Japan,Horizon Capital K.K.,Silverline Solutions K.K.,Includes quarterly business review meetings,04-พ.ย.-2025,04-พ.ย.-2025,03-พ.ย.-2027,Wanida P.,Alternative vendors being benchmarked,Renewed,"$152,200"
700,Fleet & Transportation,Corporate Shuttle Service Contract #1699,South Korea,"Falcon Innovations Co., Ltd.",Internal - Legal Dept.,Includes 24/7 support SLA with penalty clauses,23-พ.ค.-2025,06-มิ.ย.-2025,17-ส.ค.-2028,David J.,"Renewal quote received, under internal review",Renewed,"$334,300"
701,HR & Payroll,HR Systems Implementation Contract #1700,Malaysia,Titan Networks Sdn Bhd,Sterling Industries Sdn Bhd,Service level agreement reviewed annually,07-ก.ค.-2026,07-ก.ค.-2026,24-ก.พ.-2028,Budi F.,Relationship manager reassigned this quarter,Renewed,"$283,300"
702,Real Estate & Leasing,Office Space Lease Agreement #1701,Germany,Metro Solutions GmbH,Internal - E-commerce,Includes 24/7 support SLA with penalty clauses,11-ก.ย.-2025,11-ก.ย.-2025,28-ก.พ.-2028,Daniel B.,Alternative vendors being benchmarked,Renewed,"$2,085,600"
703,Telecommunications,VoIP Services Agreement #1702,Singapore,Cascade Innovations Pte Ltd,Bright Logistics Pte Ltd,-,06-ก.ย.-2024,06-ก.ย.-2024,02-พ.ย.-2026,Ravi N.,Budget approval pending for renewal,Negotiation in progress,"$664,600"
704,Cleaning & Facility,Office Facility Management Contract #1703,Myanmar,"Lumen Solutions Co., Ltd.","Prime Ventures Co., Ltd.",Pricing subject to annual CPI adjustment,07-ต.ค.-2023,07-ต.ค.-2023,12-ก.พ.-2025,Laura L.,Scope extension being discussed with partner,Expired/Not renewed,"$186,300"
705,Security,Executive Protection Services #1704,Taiwan,"Vanguard Industries Co., Ltd.",Internal - Legal Dept.,Renewal contingent on performance KPIs,27-ต.ค.-2025,27-ต.ค.-2025,23-พ.ย.-2026,Laura N.,Flagged for cost optimization review,Negotiation in progress,"$425,100"
706,Software Licensing,CRM Platform Subscription Agreement #1705,United Arab Emirates,Apex Holdings LLC,Internal - IT Dept.,Includes quarterly business review meetings,03-ก.ย.-2023,10-ก.ย.-2023,22-ต.ค.-2026,Sarah B.,"Renewal quote received, under internal review",Negotiation in progress,"$415,300"
707,Marketing,Media Buying Agreement #1706,Hong Kong,Zenith Solutions Ltd.,Internal - E-commerce,Pricing subject to annual CPI adjustment,24-มี.ค.-2026,07-เม.ย.-2026,08-พ.ค.-2028,Emily D.,Flagged for cost optimization review,Renewed,"$776,200"
708,IT Services,Data Center Colocation Contract #1707,India,Cascade Dynamics Pvt. Ltd.,Internal - Operations,Includes 24/7 support SLA with penalty clauses,09-ก.ค.-2024,16-ก.ค.-2024,14-ต.ค.-2026,Tanawat M.,Flagged for cost optimization review,Negotiation in progress,"$1,437,600"
709,Printing & Publishing,Signage & Print Production Agreement #1708,South Korea,"Atlas Solutions Co., Ltd.","Vanguard Trading Co., Ltd.",Includes 24/7 support SLA with penalty clauses,07-ก.ค.-2023,07-ก.ค.-2023,27-ก.ย.-2026,Kanokwan O.,"Renewal quote received, under internal review",Negotiation in progress,"$92,200"
710,Insurance,Property & Casualty Insurance Contract #1709,Australia,NorthStar Consulting Pty Ltd,Internal - Legal Dept.,Renewal contingent on performance KPIs,11-ก.ค.-2023,25-ก.ค.-2023,27-ต.ค.-2026,Ploy T.,Scope extension being discussed with partner,Negotiation in progress,"$1,262,000"
711,Logistics,Warehouse Lease & Operation Agreement #1710,United Arab Emirates,Unity Networks LLC,Internal - Supply Chain,"Multi-year framework agreement, reviewed yearly",28-ส.ค.-2025,28-ส.ค.-2025,07-ธ.ค.-2028,Piyawan K.,Relationship manager reassigned this quarter,Renewed,"$519,300"
712,Waste Management,Recycling Services Agreement #1711,United Arab Emirates,Sterling Industries LLC,Internal - Procurement,Service level agreement reviewed annually,14-พ.ค.-2024,14-พ.ค.-2024,22-มิ.ย.-2027,Anucha D.,"Renewal quote received, under internal review",Renewed,"$229,500"
713,Security,CCTV Monitoring Agreement #1712,Japan,Anchor Group K.K.,Internal - HR Dept.,Volume discount tier applies above threshold spend,05-มิ.ย.-2025,12-มิ.ย.-2025,15-ต.ค.-2028,Wei R.,Legal review in progress before renewal,Renewed,"$19,500"
714,Telecommunications,Internet Leased Line Contract #1713,Hong Kong,Sterling Trading Ltd.,Internal - Legal Dept.,Includes 24/7 support SLA with penalty clauses,09-พ.ย.-2025,23-พ.ย.-2025,22-ธ.ค.-2028,Arjun R.,Scope extension being discussed with partner,Renewed,"$431,100"
715,Construction & Maintenance,Elevator Maintenance Contract #1714,Indonesia,BlueSky Capital PT,Crest Solutions PT,"Multi-year framework agreement, reviewed yearly",18-ก.ย.-2025,18-ก.ย.-2025,29-ก.ย.-2026,Daniel F.,Flagged for cost optimization review,Upcoming renewal,"$1,410,400"
716,Training & Development,Corporate Training Program Agreement #1715,Australia,Pacific Logistics Pty Ltd,Internal - Corporate Affairs,Includes quarterly business review meetings,15-ธ.ค.-2024,15-ธ.ค.-2024,21-พ.ย.-2027,Wanida L.,Alternative vendors being benchmarked,Renewed,"$279,100"
717,Fleet & Transportation,Vehicle Leasing Agreement #1716,India,Orion Ventures Pvt. Ltd.,Onyx Enterprises Pvt. Ltd.,Service level agreement reviewed annually,15-ม.ค.-2026,15-ม.ค.-2026,15-ม.ค.-2028,Emily D.,No issues reported this cycle,Renewed,"$516,000"
718,Software Licensing,CRM Platform Subscription Agreement #1717,Australia,Pinnacle Systems Pty Ltd,Trident Innovations Pty Ltd,Service level agreement reviewed annually,06-ก.ค.-2024,20-ก.ค.-2024,23-ม.ค.-2026,Wei A.,-,Expired/Not renewed,"$460,800"
719,Construction & Maintenance,Civil Works Contract #1718,Vietnam,Summit Partners JSC,Internal - Finance Dept.,Exclusive regional distribution rights included,01-มิ.ย.-2024,15-มิ.ย.-2024,21-ต.ค.-2026,Tanawat K.,Budget approval pending for renewal,Negotiation in progress,"$801,700"
720,Insurance,Property & Casualty Insurance Contract #1719,Hong Kong,Sterling Capital Ltd.,Internal - Corporate Affairs,Includes quarterly business review meetings,26-ธ.ค.-2024,02-ม.ค.-2025,24-มิ.ย.-2028,Wei I.,Flagged for cost optimization review,Renewed,"$1,051,800"
721,Manufacturing Supply,Packaging Supply Contract #1720,United States,Evergreen Solutions Inc.,Beacon Trading Inc.,"Auto-renew clause, 30 days notice required",24-ส.ค.-2024,24-ส.ค.-2024,16-ต.ค.-2027,Fatima W.,Relationship manager reassigned this quarter,Renewed,"$798,100"
722,Financial Services,Corporate Banking Services Agreement #1721,Hong Kong,Quantum Solutions Ltd.,Internal - Supply Chain,Includes 24/7 support SLA with penalty clauses,05-ต.ค.-2024,05-ต.ค.-2024,17-เม.ย.-2027,Yuki I.,-,Renewed,"$657,800"
723,Telecommunications,Satellite Communication Contract #1722,China,"Summit Solutions Co., Ltd.","Crest Dynamics Co., Ltd.",-,29-มิ.ย.-2027,29-มิ.ย.-2027,26-ม.ค.-2029,Aiko P.,Vendor performance review scheduled,Renewed,"$271,300"
724,Cleaning & Facility,Office Facility Management Contract #1723,Vietnam,Zenith Group JSC,Internal - IT Security,Pricing subject to annual CPI adjustment,07-ต.ค.-2023,21-ต.ค.-2023,21-พ.ย.-2025,Michael D.,Vendor performance review scheduled,Expired/Not renewed,"$260,700"
725,Fleet & Transportation,Fleet Maintenance Agreement #1724,United States,Ivory Solutions Inc.,Vanguard Networks Inc.,Includes 24/7 support SLA with penalty clauses,26-ม.ค.-2025,26-ม.ค.-2025,24-พ.ย.-2026,Suchada C.,Legal review in progress before renewal,Upcoming renewal,"$93,900"
726,Real Estate & Leasing,Office Space Lease Agreement #1725,Japan,Granite Networks K.K.,Internal - Procurement,Volume discount tier applies above threshold spend,26-ส.ค.-2024,02-ก.ย.-2024,02-ส.ค.-2027,Priya I.,Relationship manager reassigned this quarter,Renewed,"$2,862,500"
727,Marketing,Media Buying Agreement #1726,Malaysia,Horizon Holdings Sdn Bhd,Evergreen Services Sdn Bhd,"Multi-year framework agreement, reviewed yearly",10-ธ.ค.-2022,17-ธ.ค.-2022,22-ม.ค.-2026,Nattapong F.,Scope extension being discussed with partner,Expired/Not renewed,"$91,500"
728,Cleaning & Facility,Janitorial Services Agreement #1727,India,Summit Ventures Pvt. Ltd.,Evergreen Systems Pvt. Ltd.,Includes quarterly business review meetings,29-เม.ย.-2024,29-เม.ย.-2024,08-พ.ย.-2026,Michael N.,Relationship manager reassigned this quarter,Negotiation in progress,"$70,200"
729,Telecommunications,Satellite Communication Contract #1728,Vietnam,Emerald Trading JSC,Internal - Supply Chain,"Multi-year framework agreement, reviewed yearly",13-พ.ย.-2021,13-พ.ย.-2021,10-ม.ค.-2025,Wei B.,Budget approval pending for renewal,Expired/Not renewed,"$385,800"
730,Insurance,Cargo Insurance Agreement #1729,Japan,Bright Capital K.K.,Internal - Procurement,Volume discount tier applies above threshold spend,15-ก.ย.-2023,22-ก.ย.-2023,11-ธ.ค.-2025,Anucha R.,Vendor performance review scheduled,Expired/Not renewed,"$413,400"
731,Travel & Events,Conference Venue Agreement #1730,Indonesia,Beacon Services PT,Internal - HR Dept.,Includes 24/7 support SLA with penalty clauses,04-ม.ค.-2026,04-ม.ค.-2026,07-ม.ค.-2029,Piyawan K.,Budget approval pending for renewal,Renewed,"$71,900"
732,Legal,IP & Trademark Registration Services #1731,Philippines,Falcon Technologies Inc.,Internal - E-commerce,"Multi-year framework agreement, reviewed yearly",07-ธ.ค.-2021,14-ธ.ค.-2021,22-พ.ค.-2025,Nattapong O.,Budget approval pending for renewal,Expired/Not renewed,"$292,000"
733,Real Estate & Leasing,Equipment Leasing Agreement #1732,Australia,Crest Ventures Pty Ltd,Internal - Admin Dept.,Renewal contingent on performance KPIs,22-ก.ย.-2024,06-ต.ค.-2024,04-ม.ค.-2028,Kanokwan N.,Legal review in progress before renewal,Renewed,"$191,300"
734,Real Estate & Leasing,Office Space Lease Agreement #1733,Hong Kong,Quantum Partners Ltd.,Internal - Supply Chain,Includes 24/7 support SLA with penalty clauses,26-เม.ย.-2023,03-พ.ค.-2023,10-เม.ย.-2026,Anucha J.,Vendor performance review scheduled,Expired/Not renewed,"$2,010,200"
735,Consulting,Strategy Advisory Retainer #1734,Philippines,Nova Technologies Inc.,Internal - Admin Dept.,Pricing subject to annual CPI adjustment,03-ส.ค.-2024,03-ส.ค.-2024,08-ก.ย.-2027,Chloe C.,Relationship manager reassigned this quarter,Renewed,"$593,700"
736,Waste Management,Waste Collection & Disposal Contract #1735,United Kingdom,Silverline Innovations Ltd.,Beacon Industries Ltd.,Exclusive regional distribution rights included,30-ก.ค.-2023,30-ก.ค.-2023,25-ต.ค.-2026,Nathan E.,Alternative vendors being benchmarked,Negotiation in progress,"$270,400"
737,Waste Management,Waste Collection & Disposal Contract #1736,Vietnam,Falcon Innovations JSC,Radiant Solutions JSC,Exclusive regional distribution rights included,25-ก.พ.-2023,25-ก.พ.-2023,17-ธ.ค.-2026,Aiko H.,Scope extension being discussed with partner,Negotiation in progress,"$187,100"
738,Cleaning & Facility,Office Facility Management Contract #1737,United Arab Emirates,Quantum Logistics LLC,Internal - HR Dept.,Includes 24/7 support SLA with penalty clauses,09-ส.ค.-2026,09-ส.ค.-2026,12-มิ.ย.-2028,Laura M.,Legal review in progress before renewal,Renewed,"$115,800"
739,Manufacturing Supply,Raw Material Supply Agreement #1738,Philippines,BlueSky Ventures Inc.,Pacific Dynamics Inc.,-,28-เม.ย.-2027,28-เม.ย.-2027,22-พ.ค.-2028,Ahmed D.,Alternative vendors being benchmarked,Renewed,"$1,344,200"
740,Training & Development,E-Learning Platform License #1739,Thailand,"Emerald Ventures Co., Ltd.",Internal - IT Dept.,Includes 24/7 support SLA with penalty clauses,07-ม.ค.-2024,21-ม.ค.-2024,31-ก.ค.-2027,Chloe I.,Flagged for cost optimization review,Renewed,"$118,100"
741,Financial Services,Corporate Banking Services Agreement #1740,Malaysia,Evergreen Networks Sdn Bhd,Internal - HR Dept.,Includes 24/7 support SLA with penalty clauses,04-ต.ค.-2024,18-ต.ค.-2024,26-พ.ย.-2026,Emily A.,-,Negotiation in progress,"$818,500"
742,Training & Development,Corporate Training Program Agreement #1741,India,Apex Group Pvt. Ltd.,Beacon Trading Pvt. Ltd.,Service level agreement reviewed annually,28-มิ.ย.-2026,28-มิ.ย.-2026,23-ก.พ.-2029,Yuki I.,Budget approval pending for renewal,Renewed,"$167,400"
743,Manufacturing Supply,Raw Material Supply Agreement #1742,Thailand,"Anchor Services Co., Ltd.",Internal - IT Dept.,Volume discount tier applies above threshold spend,21-ธ.ค.-2025,21-ธ.ค.-2025,13-พ.ค.-2028,Ahmed B.,Vendor performance review scheduled,Renewed,"$427,800"
744,Travel & Events,Conference Venue Agreement #1743,Germany,Cascade Trading GmbH,Trident Industries GmbH,Volume discount tier applies above threshold spend,21-ส.ค.-2025,21-ส.ค.-2025,07-พ.ย.-2026,Siti B.,Flagged for cost optimization review,Upcoming renewal,"$247,600"
745,Marketing,Influencer Partnership Contract #1744,Australia,Nova Networks Pty Ltd,Internal - Legal Dept.,Includes quarterly business review meetings,02-พ.ค.-2022,16-พ.ค.-2022,11-มิ.ย.-2024,Anucha N.,Flagged for cost optimization review,Expired/Not renewed,"$249,700"
746,Waste Management,Recycling Services Agreement #1745,South Korea,"Summit Trading Co., Ltd.",Internal - Admin Dept.,Includes quarterly business review meetings,09-ก.ค.-2023,09-ก.ค.-2023,02-ต.ค.-2026,Minji F.,Alternative vendors being benchmarked,Negotiation in progress,"$206,700"
747,Consulting,Digital Transformation Consulting #1746,Thailand,"Zenith Partners Co., Ltd.",Internal - Finance Dept.,-,17-ก.ย.-2024,17-ก.ย.-2024,13-ธ.ค.-2026,Kanokwan H.,No issues reported this cycle,Negotiation in progress,"$749,200"
748,Manufacturing Supply,Raw Material Supply Agreement #1747,Myanmar,"Bright Ventures Co., Ltd.",Internal - E-commerce,Includes 24/7 support SLA with penalty clauses,01-มี.ค.-2025,08-มี.ค.-2025,12-ม.ค.-2027,Laura K.,Flagged for cost optimization review,Negotiation in progress,"$3,432,000"
749,Security,Physical Security & Guard Services #1748,United Kingdom,Unity Ventures Ltd.,Internal - Corporate Affairs,Includes quarterly business review meetings,26-มี.ค.-2024,09-เม.ย.-2024,08-มิ.ย.-2026,Ploy S.,Relationship manager reassigned this quarter,Expired/Not renewed,"$194,100"
750,Training & Development,E-Learning Platform License #1749,Thailand,"NorthStar Holdings Co., Ltd.",Internal - Corporate Affairs,Renewal contingent on performance KPIs,14-ก.พ.-2022,14-ก.พ.-2022,15-พ.ย.-2025,Daniel A.,Alternative vendors being benchmarked,Expired/Not renewed,"$118,800"
751,Real Estate & Leasing,Equipment Leasing Agreement #1750,Malaysia,Pacific Ventures Sdn Bhd,Internal - Marketing Dept.,"Multi-year framework agreement, reviewed yearly",26-มี.ค.-2021,09-เม.ย.-2021,08-ก.ค.-2024,Arjun F.,No issues reported this cycle,Expired/Not renewed,"$2,072,200"
752,Telecommunications,Satellite Communication Contract #1751,Australia,Orion Group Pty Ltd,Sterling Capital Pty Ltd,Service level agreement reviewed annually,07-ธ.ค.-2025,14-ธ.ค.-2025,22-ก.ค.-2028,David M.,Legal review in progress before renewal,Renewed,"$126,700"
753,IT Services,Data Center Colocation Contract #1752,Taiwan,"Bright Dynamics Co., Ltd.","Pacific Ventures Co., Ltd.",-,03-พ.ย.-2027,17-พ.ย.-2027,14-ม.ค.-2029,Daniel N.,Flagged for cost optimization review,Renewed,"$622,500"
754,Marketing,Brand Campaign Agreement #1753,Myanmar,"Pinnacle Networks Co., Ltd.","Sterling Industries Co., Ltd.","Multi-year framework agreement, reviewed yearly",21-พ.ค.-2023,04-มิ.ย.-2023,09-ส.ค.-2026,Tanawat C.,Relationship manager reassigned this quarter,Expired/Not renewed,"$470,000"
755,Financial Services,Treasury Management Contract #1754,South Korea,"Evergreen Innovations Co., Ltd.","Quantum Services Co., Ltd.",-,27-มิ.ย.-2022,04-ก.ค.-2022,02-ก.พ.-2026,Arjun C.,Scope extension being discussed with partner,Expired/Not renewed,"$267,700"
756,Security,Access Control System Contract #1755,France,Granite Group SAS,Bright Holdings SAS,Exclusive regional distribution rights included,02-มิ.ย.-2023,16-มิ.ย.-2023,25-ก.ย.-2026,Siti C.,Alternative vendors being benchmarked,Upcoming renewal,"$497,800"
757,Telecommunications,Corporate Mobile Plan Agreement #1756,Taiwan,"Alliance Solutions Co., Ltd.",Internal - Procurement,Renewal contingent on performance KPIs,01-มิ.ย.-2023,01-มิ.ย.-2023,20-ส.ค.-2024,Arjun M.,Alternative vendors being benchmarked,Expired/Not renewed,"$291,600"
758,Legal,IP & Trademark Registration Services #1757,Malaysia,NorthStar Systems Sdn Bhd,Radiant Group Sdn Bhd,Volume discount tier applies above threshold spend,10-เม.ย.-2025,17-เม.ย.-2025,27-ส.ค.-2027,Yuki N.,"Renewal quote received, under internal review",Renewed,"$137,900"
759,Training & Development,E-Learning Platform License #1758,United Arab Emirates,Metro Systems LLC,Internal - Procurement,Service level agreement reviewed annually,08-เม.ย.-2026,22-เม.ย.-2026,05-พ.ย.-2028,Laura O.,Flagged for cost optimization review,Renewed,"$20,400"
760,Insurance,Cargo Insurance Agreement #1759,Thailand,"Crown Trading Co., Ltd.",Internal - Procurement,Service level agreement reviewed annually,05-มิ.ย.-2024,12-มิ.ย.-2024,10-ก.พ.-2028,Priya F.,Vendor performance review scheduled,Renewed,"$1,019,700"
761,Real Estate & Leasing,Office Space Lease Agreement #1760,India,Atlas Systems Pvt. Ltd.,Internal - IT Dept.,Renewal contingent on performance KPIs,26-พ.ย.-2024,10-ธ.ค.-2024,25-ธ.ค.-2027,Priya E.,Relationship manager reassigned this quarter,Renewed,"$3,740,000"
762,Real Estate & Leasing,Retail Unit Lease Contract #1761,Philippines,Falcon Partners Inc.,Internal - E-commerce,Includes 24/7 support SLA with penalty clauses,29-เม.ย.-2023,13-พ.ค.-2023,23-เม.ย.-2025,Yuki M.,-,Expired/Not renewed,"$2,436,200"
763,Marketing,Influencer Partnership Contract #1762,Australia,Crown Technologies Pty Ltd,Internal - Legal Dept.,"Multi-year framework agreement, reviewed yearly",09-ธ.ค.-2025,23-ธ.ค.-2025,16-ม.ค.-2027,Budi G.,-,Negotiation in progress,"$810,400"
764,Software Licensing,Enterprise Software License (ERP) #1763,Malaysia,Bright Capital Sdn Bhd,Internal - E-commerce,Service level agreement reviewed annually,30-ก.ค.-2025,30-ก.ค.-2025,13-ธ.ค.-2027,Suchada O.,Scope extension being discussed with partner,Renewed,"$2,396,900"
765,Training & Development,Leadership Development Engagement #1764,Philippines,Apex Systems Inc.,Internal - Marketing Dept.,"Multi-year framework agreement, reviewed yearly",15-พ.ค.-2022,15-พ.ค.-2022,19-เม.ย.-2026,Carlos C.,No issues reported this cycle,Expired/Not renewed,"$27,700"
766,Fleet & Transportation,Corporate Shuttle Service Contract #1765,United Arab Emirates,Beacon Group LLC,Internal - IT Dept.,Renewal contingent on performance KPIs,04-ม.ค.-2027,11-ม.ค.-2027,29-มิ.ย.-2028,Wanida G.,Scope extension being discussed with partner,Renewed,"$193,700"
767,Real Estate & Leasing,Equipment Leasing Agreement #1766,United Arab Emirates,Nova Solutions LLC,Internal - Marketing Dept.,Exclusive regional distribution rights included,24-มิ.ย.-2025,24-มิ.ย.-2025,13-ม.ค.-2029,Ravi G.,Legal review in progress before renewal,Renewed,"$1,296,200"
768,Travel & Events,Conference Venue Agreement #1767,Philippines,Bright Capital Inc.,Internal - Operations,Renewal contingent on performance KPIs,23-ม.ค.-2023,23-ม.ค.-2023,21-ธ.ค.-2025,Priya I.,Relationship manager reassigned this quarter,Expired/Not renewed,"$274,400"
769,Legal,Litigation Support Contract #1768,Philippines,Emerald Solutions Inc.,Internal - E-commerce,Includes 24/7 support SLA with penalty clauses,02-มี.ค.-2024,02-มี.ค.-2024,15-พ.ย.-2026,Ploy F.,Flagged for cost optimization review,Upcoming renewal,"$556,300"
770,Security,Executive Protection Services #1769,Japan,Pacific Industries K.K.,Internal - E-commerce,Pricing subject to annual CPI adjustment,18-พ.ย.-2025,02-ธ.ค.-2025,05-ก.พ.-2028,Michael R.,Scope extension being discussed with partner,Renewed,"$340,900"
771,Software Licensing,Business Intelligence Platform License #1770,Philippines,BlueSky Holdings Inc.,Internal - E-commerce,Includes quarterly business review meetings,06-เม.ย.-2023,06-เม.ย.-2023,27-พ.ย.-2026,Daniel I.,Budget approval pending for renewal,Negotiation in progress,"$1,128,100"
772,Construction & Maintenance,Building Renovation Contract #1771,France,Nova Networks SAS,Internal - HR Dept.,"Auto-renew clause, 30 days notice required",16-พ.ย.-2023,23-พ.ย.-2023,04-ก.ย.-2025,Grace B.,Scope extension being discussed with partner,Expired/Not renewed,"$1,539,900"
773,Telecommunications,VoIP Services Agreement #1772,India,Orion Solutions Pvt. Ltd.,Internal - HR Dept.,Service level agreement reviewed annually,14-ธ.ค.-2025,14-ธ.ค.-2025,27-มิ.ย.-2028,Carlos G.,Relationship manager reassigned this quarter,Renewed,"$70,600"
774,Fleet & Transportation,Corporate Shuttle Service Contract #1773,United Arab Emirates,Apex Ventures LLC,Emerald Industries LLC,Includes 24/7 support SLA with penalty clauses,10-ม.ค.-2024,10-ม.ค.-2024,11-ธ.ค.-2026,Nathan B.,"Renewal quote received, under internal review",Upcoming renewal,"$493,300"
775,Travel & Events,Corporate Travel Management Agreement #1774,Indonesia,Meridian Services PT,Zenith Partners PT,Renewal contingent on performance KPIs,19-เม.ย.-2023,19-เม.ย.-2023,02-ต.ค.-2026,Priya T.,Flagged for cost optimization review,Upcoming renewal,"$137,900"
776,Printing & Publishing,Annual Report Design & Print Contract #1775,India,Prime Partners Pvt. Ltd.,Meridian Services Pvt. Ltd.,"Multi-year framework agreement, reviewed yearly",03-ส.ค.-2024,10-ส.ค.-2024,19-พ.ย.-2026,Ravi G.,Legal review in progress before renewal,Upcoming renewal,"$75,600"
777,Real Estate & Leasing,Retail Unit Lease Contract #1776,Thailand,"Vertex Group Co., Ltd.",Internal - HR Dept.,Exclusive regional distribution rights included,18-ส.ค.-2022,18-ส.ค.-2022,02-ก.ค.-2026,Ploy B.,Flagged for cost optimization review,Expired/Not renewed,"$130,200"
778,Construction & Maintenance,Building Renovation Contract #1777,Taiwan,"Emerald Technologies Co., Ltd.",Internal - IT Security,Renewal contingent on performance KPIs,01-เม.ย.-2025,15-เม.ย.-2025,01-ธ.ค.-2026,Wanida T.,No issues reported this cycle,Upcoming renewal,"$337,500"
779,Training & Development,E-Learning Platform License #1778,Myanmar,"Quantum Consulting Co., Ltd.","Delta Systems Co., Ltd.",Renewal contingent on performance KPIs,27-พ.ค.-2025,10-มิ.ย.-2025,17-มิ.ย.-2027,Ravi E.,-,Renewed,"$108,500"
780,Software Licensing,Enterprise Software License (ERP) #1779,Cambodia,"Titan Solutions Co., Ltd.",Internal - HR Dept.,Pricing subject to annual CPI adjustment,17-พ.ค.-2024,17-พ.ค.-2024,29-ต.ค.-2026,Somchai H.,Relationship manager reassigned this quarter,Negotiation in progress,"$1,763,500"
781,Consulting,Strategy Advisory Retainer #1780,Cambodia,"Falcon Partners Co., Ltd.",Internal - Legal Dept.,Volume discount tier applies above threshold spend,09-ก.ย.-2025,09-ก.ย.-2025,28-พ.ย.-2026,Priya F.,Budget approval pending for renewal,Upcoming renewal,"$666,500"
782,HR & Payroll,Recruitment Services Agreement #1781,Japan,Quantum Technologies K.K.,Internal - Operations,"Multi-year framework agreement, reviewed yearly",02-มี.ค.-2025,09-มี.ค.-2025,16-พ.ย.-2026,Fatima L.,-,Upcoming renewal,"$24,800"
783,Training & Development,Leadership Development Engagement #1782,France,Vanguard Enterprises SAS,Internal - HR Dept.,"Multi-year framework agreement, reviewed yearly",10-พ.ค.-2021,10-พ.ค.-2021,01-เม.ย.-2025,Budi C.,Relationship manager reassigned this quarter,Expired/Not renewed,"$57,200"
784,Real Estate & Leasing,Equipment Leasing Agreement #1783,United States,Sterling Networks Inc.,Internal - Marketing Dept.,Exclusive regional distribution rights included,29-มี.ค.-2023,29-มี.ค.-2023,19-ต.ค.-2026,Yuki P.,"Renewal quote received, under internal review",Negotiation in progress,"$85,900"
785,Financial Services,Payment Gateway Services Agreement #1784,United States,Nova Consulting Inc.,Internal - IT Security,Includes quarterly business review meetings,15-ก.ย.-2024,15-ก.ย.-2024,07-พ.ค.-2028,David C.,-,Renewed,"$952,800"
786,Cleaning & Facility,Janitorial Services Agreement #1785,South Korea,"Evergreen Solutions Co., Ltd.",Internal - Legal Dept.,Service level agreement reviewed annually,25-ก.พ.-2024,25-ก.พ.-2024,17-ต.ค.-2026,Tanawat B.,Vendor performance review scheduled,Upcoming renewal,"$220,000"
787,Security,Access Control System Contract #1786,Hong Kong,NorthStar Holdings Ltd.,Internal - Marketing Dept.,"Auto-renew clause, 15 days notice required",30-พ.ย.-2023,30-พ.ย.-2023,02-ม.ค.-2027,Nattapong P.,Budget approval pending for renewal,Negotiation in progress,"$316,600"
788,IT Services,Data Center Colocation Contract #1787,United Arab Emirates,Apex Partners LLC,Apex Ventures LLC,Volume discount tier applies above threshold spend,05-ส.ค.-2024,05-ส.ค.-2024,04-พ.ย.-2026,Wei F.,Relationship manager reassigned this quarter,Upcoming renewal,"$1,096,100"
789,Training & Development,Leadership Development Engagement #1788,Germany,Lumen Dynamics GmbH,Internal - Corporate Affairs,Pricing subject to annual CPI adjustment,05-เม.ย.-2026,05-เม.ย.-2026,23-ธ.ค.-2027,Somchai J.,"Renewal quote received, under internal review",Renewed,"$200,300"
790,Travel & Events,Corporate Travel Management Agreement #1789,United Arab Emirates,Pinnacle Enterprises LLC,Internal - E-commerce,Volume discount tier applies above threshold spend,04-เม.ย.-2024,04-เม.ย.-2024,10-ก.ค.-2027,Emily H.,Scope extension being discussed with partner,Renewed,"$355,900"
791,Telecommunications,VoIP Services Agreement #1790,Philippines,Nova Services Inc.,Beacon Capital Inc.,"Auto-renew clause, 60 days notice required",05-เม.ย.-2027,19-เม.ย.-2027,09-ก.พ.-2029,James K.,-,Renewed,"$520,800"
792,Consulting,Strategy Advisory Retainer #1791,Philippines,Global Partners Inc.,Internal - Admin Dept.,-,07-มี.ค.-2023,07-มี.ค.-2023,21-พ.ย.-2026,Grace K.,Relationship manager reassigned this quarter,Upcoming renewal,"$257,800"
793,Consulting,Digital Transformation Consulting #1792,France,Trident Systems SAS,Internal - Marketing Dept.,Includes 24/7 support SLA with penalty clauses,20-ก.ย.-2023,20-ก.ย.-2023,23-ก.พ.-2026,Laura K.,Relationship manager reassigned this quarter,Expired/Not renewed,"$976,100"
794,Legal,Litigation Support Contract #1793,Australia,Ivory Systems Pty Ltd,Internal - Supply Chain,Includes quarterly business review meetings,29-มี.ค.-2023,29-มี.ค.-2023,20-ต.ค.-2026,Nattapong S.,Budget approval pending for renewal,Upcoming renewal,"$85,400"
795,Insurance,Cyber Liability Insurance Policy #1794,France,Delta Consulting SAS,Granite Holdings SAS,Pricing subject to annual CPI adjustment,14-ธ.ค.-2024,14-ธ.ค.-2024,17-ม.ค.-2026,Carlos E.,No issues reported this cycle,Expired/Not renewed,"$1,108,100"
796,Cleaning & Facility,Facility Maintenance Contract #1795,Cambodia,"Ivory Capital Co., Ltd.",Internal - E-commerce,-,20-มี.ค.-2025,20-มี.ค.-2025,11-ต.ค.-2026,David R.,Vendor performance review scheduled,Upcoming renewal,"$225,900"
797,Waste Management,Recycling Services Agreement #1796,Myanmar,"Delta Enterprises Co., Ltd.",Internal - HR Dept.,Includes quarterly business review meetings,17-ก.ย.-2021,17-ก.ย.-2021,02-พ.ค.-2025,Nathan R.,"Renewal quote received, under internal review",Expired/Not renewed,"$49,500"
798,Telecommunications,Corporate Mobile Plan Agreement #1797,Taiwan,"Nova Enterprises Co., Ltd.","Trident Consulting Co., Ltd.",Exclusive regional distribution rights included,26-พ.ค.-2024,02-มิ.ย.-2024,11-ต.ค.-2026,Daniel E.,No issues reported this cycle,Upcoming renewal,"$554,700"
799,Consulting,Strategy Advisory Retainer #1798,South Korea,"Falcon Consulting Co., Ltd.",Internal - Operations,Includes quarterly business review meetings,18-ม.ค.-2027,18-ม.ค.-2027,23-พ.ย.-2028,Grace D.,-,Renewed,"$554,300"
800,Legal,Regulatory Filing Services #1799,Hong Kong,Nova Capital Ltd.,Internal - IT Security,Includes 24/7 support SLA with penalty clauses,10-พ.ค.-2026,24-พ.ค.-2026,03-ก.พ.-2028,Tanawat H.,"Renewal quote received, under internal review",Renewed,"$449,600"
801,Construction & Maintenance,Civil Works Contract #1800,China,"Apex Ventures Co., Ltd.","Unity Group Co., Ltd.",Volume discount tier applies above threshold spend,05-เม.ย.-2024,05-เม.ย.-2024,22-พ.ย.-2026,Chloe T.,No issues reported this cycle,Upcoming renewal,"$1,057,600"
802,Financial Services,Corporate Banking Services Agreement #1801,South Korea,"Emerald Networks Co., Ltd.",Internal - IT Security,Includes quarterly business review meetings,10-ม.ค.-2021,10-ม.ค.-2021,15-พ.ย.-2024,Minji I.,"Renewal quote received, under internal review",Expired/Not renewed,"$437,100"
803,IT Services,Data Center Colocation Contract #1802,Malaysia,Emerald Industries Sdn Bhd,Internal - Admin Dept.,Exclusive regional distribution rights included,01-ต.ค.-2023,15-ต.ค.-2023,22-พ.ย.-2026,Chloe I.,No issues reported this cycle,Upcoming renewal,"$1,335,900"
804,Legal,Compliance Advisory Agreement #1803,Cambodia,"Pacific Group Co., Ltd.",Internal - Admin Dept.,-,26-พ.ค.-2024,02-มิ.ย.-2024,14-พ.ค.-2027,Daniel M.,-,Renewed,"$513,600"
805,Software Licensing,Cybersecurity Software License #1804,Germany,Prime Enterprises GmbH,Internal - IT Dept.,Includes quarterly business review meetings,30-มี.ค.-2023,06-เม.ย.-2023,02-มิ.ย.-2024,Kanokwan J.,Budget approval pending for renewal,Expired/Not renewed,"$2,552,100"
806,Financial Services,Payment Gateway Services Agreement #1805,South Korea,"Cascade Dynamics Co., Ltd.","Sterling Dynamics Co., Ltd.",Service level agreement reviewed annually,19-ธ.ค.-2025,26-ธ.ค.-2025,15-ต.ค.-2028,Wei G.,"Renewal quote received, under internal review",Renewed,"$760,700"
807,Construction & Maintenance,Building Renovation Contract #1806,United States,Trident Industries Inc.,Internal - Operations,Includes 24/7 support SLA with penalty clauses,03-ม.ค.-2025,10-ม.ค.-2025,26-ม.ค.-2027,Anucha M.,Budget approval pending for renewal,Negotiation in progress,"$424,200"
808,Training & Development,Corporate Training Program Agreement #1807,United States,BlueSky Holdings Inc.,Internal - Marketing Dept.,Exclusive regional distribution rights included,16-ก.พ.-2026,02-มี.ค.-2026,28-ต.ค.-2028,Priya R.,"Renewal quote received, under internal review",Renewed,"$166,100"
809,Consulting,Digital Transformation Consulting #1808,Vietnam,Horizon Ventures JSC,NorthStar Services JSC,Volume discount tier applies above threshold spend,11-ก.ย.-2023,25-ก.ย.-2023,18-พ.ค.-2026,Grace E.,Scope extension being discussed with partner,Expired/Not renewed,"$701,300"
810,Training & Development,E-Learning Platform License #1809,Singapore,Metro Partners Pte Ltd,Cascade Solutions Pte Ltd,Includes quarterly business review meetings,31-พ.ค.-2023,31-พ.ค.-2023,17-พ.ย.-2026,David H.,-,Negotiation in progress,"$52,200"
811,Real Estate & Leasing,Office Space Lease Agreement #1810,United Arab Emirates,Anchor Networks LLC,Internal - Corporate Affairs,Exclusive regional distribution rights included,06-ต.ค.-2021,20-ต.ค.-2021,15-ม.ค.-2025,Daniel F.,Budget approval pending for renewal,Expired/Not renewed,"$4,448,600"
812,Telecommunications,VoIP Services Agreement #1811,Germany,Orion Trading GmbH,Metro Services GmbH,Renewal contingent on performance KPIs,05-มี.ค.-2025,05-มี.ค.-2025,23-พ.ย.-2026,Wanida E.,Flagged for cost optimization review,Negotiation in progress,"$687,100"
813,Construction & Maintenance,Civil Works Contract #1812,Malaysia,Solace Industries Sdn Bhd,Onyx Industries Sdn Bhd,Volume discount tier applies above threshold spend,27-พ.ย.-2021,04-ธ.ค.-2021,18-พ.ค.-2025,Minji T.,-,Expired/Not renewed,"$1,192,300"
814,Waste Management,Waste Collection & Disposal Contract #1813,France,Onyx Logistics SAS,Crest Partners SAS,Includes 24/7 support SLA with penalty clauses,26-มิ.ย.-2023,26-มิ.ย.-2023,23-พ.ย.-2025,Ahmed C.,Vendor performance review scheduled,Expired/Not renewed,"$216,900"
815,Software Licensing,Cybersecurity Software License #1814,Japan,Anchor Technologies K.K.,Internal - IT Security,-,26-พ.ค.-2025,26-พ.ค.-2025,05-ก.ย.-2028,Laura H.,-,Renewed,"$2,304,700"
816,Real Estate & Leasing,Equipment Leasing Agreement #1815,Singapore,Falcon Group Pte Ltd,Meridian Consulting Pte Ltd,Includes 24/7 support SLA with penalty clauses,12-ธ.ค.-2025,12-ธ.ค.-2025,14-ธ.ค.-2027,Daniel F.,Budget approval pending for renewal,Renewed,"$196,000"
817,Marketing,Brand Campaign Agreement #1816,Malaysia,Vanguard Ventures Sdn Bhd,Atlas Innovations Sdn Bhd,Includes 24/7 support SLA with penalty clauses,31-ต.ค.-2024,07-พ.ย.-2024,05-พ.ย.-2026,Laura F.,Vendor performance review scheduled,Upcoming renewal,"$793,600"
818,Telecommunications,Corporate Mobile Plan Agreement #1817,United Kingdom,Quantum Industries Ltd.,Internal - IT Security,"Auto-renew clause, 90 days notice required",04-ต.ค.-2022,04-ต.ค.-2022,14-มี.ค.-2025,Laura O.,-,Expired/Not renewed,"$617,900"
819,Financial Services,Corporate Banking Services Agreement #1818,Malaysia,BlueSky Solutions Sdn Bhd,Ivory Solutions Sdn Bhd,"Multi-year framework agreement, reviewed yearly",08-ม.ค.-2024,08-ม.ค.-2024,13-ก.พ.-2027,Michael M.,Relationship manager reassigned this quarter,Negotiation in progress,"$957,000"
820,Security,Access Control System Contract #1819,Taiwan,"Silverline Trading Co., Ltd.",Internal - IT Security,Includes 24/7 support SLA with penalty clauses,04-พ.ย.-2024,18-พ.ย.-2024,16-พ.ย.-2026,Yuki T.,No issues reported this cycle,Upcoming renewal,"$87,200"
821,Logistics,Warehouse Lease & Operation Agreement #1820,Taiwan,"Alliance Technologies Co., Ltd.","Pacific Trading Co., Ltd.",Includes 24/7 support SLA with penalty clauses,15-ม.ค.-2027,29-ม.ค.-2027,11-ธ.ค.-2028,Wei D.,Alternative vendors being benchmarked,Renewed,"$1,660,000"
822,Training & Development,Corporate Training Program Agreement #1821,Malaysia,Onyx Consulting Sdn Bhd,Internal - Supply Chain,Includes 24/7 support SLA with penalty clauses,18-ส.ค.-2025,18-ส.ค.-2025,11-พ.ย.-2026,Sarah P.,"Renewal quote received, under internal review",Upcoming renewal,"$27,000"
823,Printing & Publishing,Signage & Print Production Agreement #1822,Vietnam,Sterling Capital JSC,Internal - Procurement,"Multi-year framework agreement, reviewed yearly",02-เม.ย.-2025,02-เม.ย.-2025,18-ม.ค.-2028,Grace S.,Alternative vendors being benchmarked,Renewed,"$92,300"
824,Software Licensing,Enterprise Software License (ERP) #1823,Germany,Atlas Consulting GmbH,Internal - Finance Dept.,Includes quarterly business review meetings,12-ส.ค.-2025,19-ส.ค.-2025,06-พ.ค.-2028,Michael S.,Flagged for cost optimization review,Renewed,"$2,977,100"
825,Logistics,Last-Mile Delivery Partnership #1824,Japan,Horizon Technologies K.K.,Pinnacle Holdings K.K.,Renewal contingent on performance KPIs,02-ก.ย.-2023,02-ก.ย.-2023,29-ต.ค.-2026,Suchada S.,Alternative vendors being benchmarked,Upcoming renewal,"$665,600"
826,Printing & Publishing,Corporate Printing Services Agreement #1825,Hong Kong,Evergreen Capital Ltd.,Internal - Procurement,"Multi-year framework agreement, reviewed yearly",15-ก.ค.-2025,15-ก.ค.-2025,11-ต.ค.-2027,Fatima D.,Scope extension being discussed with partner,Renewed,"$19,200"
827,Fleet & Transportation,Corporate Shuttle Service Contract #1826,Myanmar,"Global Logistics Co., Ltd.","Silverline Group Co., Ltd.",Pricing subject to annual CPI adjustment,04-มี.ค.-2026,11-มี.ค.-2026,07-มี.ค.-2028,Somchai H.,-,Renewed,"$747,400"
828,Cleaning & Facility,Pest Control Services Agreement #1827,Indonesia,Solace Industries PT,Internal - Operations,Exclusive regional distribution rights included,16-เม.ย.-2022,23-เม.ย.-2022,01-พ.ย.-2024,Priya G.,Alternative vendors being benchmarked,Expired/Not renewed,"$244,700"
829,Telecommunications,Satellite Communication Contract #1828,Japan,Emerald Systems K.K.,Internal - IT Security,Includes 24/7 support SLA with penalty clauses,28-พ.ค.-2025,28-พ.ค.-2025,19-ต.ค.-2026,Piyawan O.,Vendor performance review scheduled,Upcoming renewal,"$98,400"
830,Waste Management,Hazardous Waste Management Contract #1829,Australia,BlueSky Systems Pty Ltd,Vanguard Technologies Pty Ltd,"Multi-year framework agreement, reviewed yearly",30-เม.ย.-2024,30-เม.ย.-2024,08-ธ.ค.-2025,Arjun J.,Flagged for cost optimization review,Expired/Not renewed,"$124,500"
831,Travel & Events,Corporate Travel Management Agreement #1830,Japan,Vertex Capital K.K.,Crest Innovations K.K.,Volume discount tier applies above threshold spend,28-ต.ค.-2024,28-ต.ค.-2024,09-พ.ย.-2026,Budi H.,Alternative vendors being benchmarked,Upcoming renewal,"$307,400"
832,Real Estate & Leasing,Equipment Leasing Agreement #1831,United States,Anchor Partners Inc.,Internal - IT Dept.,Includes quarterly business review meetings,19-เม.ย.-2026,19-เม.ย.-2026,18-พ.ค.-2027,Carlos G.,Budget approval pending for renewal,Renewed,"$1,739,700"
833,Training & Development,Leadership Development Engagement #1832,Japan,Summit Ventures K.K.,Internal - Operations,Includes 24/7 support SLA with penalty clauses,21-พ.ย.-2023,28-พ.ย.-2023,15-ต.ค.-2026,Wanida H.,Scope extension being discussed with partner,Upcoming renewal,"$17,300"
834,Real Estate & Leasing,Office Space Lease Agreement #1833,Hong Kong,Titan Holdings Ltd.,Internal - Supply Chain,Pricing subject to annual CPI adjustment,15-ส.ค.-2027,29-ส.ค.-2027,02-ต.ค.-2028,Budi C.,-,Renewed,"$3,616,400"
835,Cleaning & Facility,Office Facility Management Contract #1834,Malaysia,Crown Solutions Sdn Bhd,Internal - Corporate Affairs,"Auto-renew clause, 60 days notice required",25-ก.ค.-2025,08-ส.ค.-2025,19-ต.ค.-2026,Nathan T.,No issues reported this cycle,Upcoming renewal,"$195,500"
836,Software Licensing,CRM Platform Subscription Agreement #1835,India,Trident Ventures Pvt. Ltd.,Internal - Procurement,Pricing subject to annual CPI adjustment,10-พ.ค.-2023,10-พ.ค.-2023,15-ม.ค.-2027,Ploy W.,Vendor performance review scheduled,Negotiation in progress,"$1,376,300"
837,Insurance,Cyber Liability Insurance Policy #1836,Philippines,Atlas Systems Inc.,Orion Solutions Inc.,Pricing subject to annual CPI adjustment,29-ก.ค.-2024,05-ส.ค.-2024,12-พ.ย.-2026,Priya E.,Alternative vendors being benchmarked,Upcoming renewal,"$213,800"
838,Manufacturing Supply,Packaging Supply Contract #1837,Germany,Beacon Dynamics GmbH,Internal - HR Dept.,"Multi-year framework agreement, reviewed yearly",21-มี.ค.-2025,04-เม.ย.-2025,01-ม.ค.-2027,Yuki K.,No issues reported this cycle,Negotiation in progress,"$903,100"
839,Consulting,Digital Transformation Consulting #1838,Myanmar,"Orion Dynamics Co., Ltd.",Internal - HR Dept.,Includes quarterly business review meetings,28-พ.ค.-2025,11-มิ.ย.-2025,19-ม.ค.-2027,Priya G.,Alternative vendors being benchmarked,Negotiation in progress,"$796,600"
840,Logistics,Customs Brokerage Agreement #1839,Japan,Silverline Services K.K.,Internal - Legal Dept.,Service level agreement reviewed annually,05-มิ.ย.-2024,12-มิ.ย.-2024,08-ส.ค.-2026,Chloe F.,No issues reported this cycle,Expired/Not renewed,"$1,042,900"
841,Cleaning & Facility,Pest Control Services Agreement #1840,United Kingdom,Pinnacle Enterprises Ltd.,Internal - Supply Chain,-,30-มิ.ย.-2022,14-ก.ค.-2022,21-เม.ย.-2025,Sarah E.,-,Expired/Not renewed,"$327,200"
842,Legal,Compliance Advisory Agreement #1841,Vietnam,Horizon Solutions JSC,Internal - IT Dept.,Includes quarterly business review meetings,14-ก.ค.-2023,14-ก.ค.-2023,01-ก.ย.-2025,Anucha K.,Budget approval pending for renewal,Expired/Not renewed,"$575,400"
843,Real Estate & Leasing,Office Space Lease Agreement #1842,Australia,Radiant Dynamics Pty Ltd,Internal - Procurement,Volume discount tier applies above threshold spend,08-ม.ค.-2025,08-ม.ค.-2025,01-ธ.ค.-2026,Arjun J.,No issues reported this cycle,Upcoming renewal,"$858,100"
844,Manufacturing Supply,Raw Material Supply Agreement #1843,Philippines,Onyx Innovations Inc.,Cascade Industries Inc.,Includes 24/7 support SLA with penalty clauses,16-ธ.ค.-2024,23-ธ.ค.-2024,26-ก.ย.-2026,Emily O.,-,Upcoming renewal,"$1,944,000"
845,Fleet & Transportation,Corporate Shuttle Service Contract #1844,United States,Anchor Holdings Inc.,Internal - IT Dept.,Includes quarterly business review meetings,31-มี.ค.-2024,31-มี.ค.-2024,19-ส.ค.-2025,Ahmed K.,Vendor performance review scheduled,Expired/Not renewed,"$138,800"
846,Legal,Regulatory Filing Services #1845,Japan,Sterling Technologies K.K.,Horizon Trading K.K.,Includes quarterly business review meetings,27-ก.ค.-2025,27-ก.ค.-2025,28-พ.ย.-2028,Ploy A.,Flagged for cost optimization review,Renewed,"$228,700"
847,Telecommunications,Corporate Mobile Plan Agreement #1846,Hong Kong,Prime Innovations Ltd.,Internal - Legal Dept.,Includes 24/7 support SLA with penalty clauses,18-ก.พ.-2024,18-ก.พ.-2024,09-ม.ค.-2027,Sarah J.,Budget approval pending for renewal,Negotiation in progress,"$205,500"
848,Waste Management,Recycling Services Agreement #1847,Singapore,Vertex Solutions Pte Ltd,Prime Technologies Pte Ltd,Renewal contingent on performance KPIs,19-มี.ค.-2024,26-มี.ค.-2024,30-ก.ย.-2026,Carlos P.,Alternative vendors being benchmarked,Negotiation in progress,"$107,300"
849,Construction & Maintenance,Elevator Maintenance Contract #1848,Indonesia,Falcon Systems PT,Internal - Finance Dept.,Volume discount tier applies above threshold spend,25-เม.ย.-2023,25-เม.ย.-2023,14-ต.ค.-2024,Minji C.,Vendor performance review scheduled,Expired/Not renewed,"$1,726,400"
850,Legal,Regulatory Filing Services #1849,South Korea,"Meridian Holdings Co., Ltd.",Internal - Legal Dept.,-,27-ก.ค.-2025,27-ก.ค.-2025,23-ส.ค.-2026,Sarah C.,Vendor performance review scheduled,Expired/Not renewed,"$524,000"
851,Fleet & Transportation,Fleet Maintenance Agreement #1850,France,Bright Group SAS,Internal - IT Dept.,Volume discount tier applies above threshold spend,26-พ.ค.-2024,26-พ.ค.-2024,10-มิ.ย.-2026,James G.,Alternative vendors being benchmarked,Expired/Not renewed,"$652,100"
852,HR & Payroll,Recruitment Services Agreement #1851,Japan,Summit Consulting K.K.,Internal - IT Security,-,01-ส.ค.-2026,08-ส.ค.-2026,23-ส.ค.-2028,Tanawat G.,Relationship manager reassigned this quarter,Renewed,"$125,900"
853,Security,Executive Protection Services #1852,Hong Kong,Global Consulting Ltd.,Internal - Admin Dept.,Pricing subject to annual CPI adjustment,03-ก.พ.-2026,03-ก.พ.-2026,14-ต.ค.-2027,Emily S.,Vendor performance review scheduled,Renewed,"$106,300"
854,Software Licensing,CRM Platform Subscription Agreement #1853,Cambodia,"Titan Networks Co., Ltd.",Internal - Operations,Includes quarterly business review meetings,21-มี.ค.-2022,04-เม.ย.-2022,09-ส.ค.-2024,Chloe I.,Vendor performance review scheduled,Expired/Not renewed,"$45,800"
855,Marketing,Digital Marketing Retainer #1854,Singapore,Meridian Innovations Pte Ltd,Internal - Procurement,Pricing subject to annual CPI adjustment,10-มิ.ย.-2027,10-มิ.ย.-2027,03-ก.ค.-2028,Chloe C.,"Renewal quote received, under internal review",Renewed,"$300,200"
856,Fleet & Transportation,Corporate Shuttle Service Contract #1855,China,"Sterling Dynamics Co., Ltd.",Internal - Finance Dept.,"Auto-renew clause, 45 days notice required",23-ก.ย.-2023,23-ก.ย.-2023,16-ต.ค.-2025,Ploy J.,Alternative vendors being benchmarked,Expired/Not renewed,"$536,800"
857,Training & Development,E-Learning Platform License #1856,France,Sterling Ventures SAS,Internal - Finance Dept.,Pricing subject to annual CPI adjustment,25-ธ.ค.-2024,25-ธ.ค.-2024,02-พ.ค.-2028,Emily E.,Vendor performance review scheduled,Renewed,"$263,300"
858,Software Licensing,CRM Platform Subscription Agreement #1857,United States,Global Networks Inc.,Evergreen Partners Inc.,"Auto-renew clause, 60 days notice required",18-ม.ค.-2025,18-ม.ค.-2025,20-พ.ย.-2026,Fatima D.,Alternative vendors being benchmarked,Upcoming renewal,"$1,028,500"
859,Security,CCTV Monitoring Agreement #1858,India,Onyx Systems Pvt. Ltd.,Internal - Finance Dept.,Volume discount tier applies above threshold spend,28-มิ.ย.-2022,28-มิ.ย.-2022,22-มี.ค.-2026,Chloe N.,Budget approval pending for renewal,Expired/Not renewed,"$186,400"
860,Travel & Events,Corporate Travel Management Agreement #1859,Myanmar,"Titan Partners Co., Ltd.",Internal - Finance Dept.,-,10-ธ.ค.-2024,10-ธ.ค.-2024,30-ต.ค.-2026,Daniel P.,No issues reported this cycle,Upcoming renewal,"$255,900"
861,Legal,Compliance Advisory Agreement #1860,Myanmar,"Vertex Capital Co., Ltd.",Internal - Procurement,Exclusive regional distribution rights included,25-มี.ค.-2027,25-มี.ค.-2027,31-ก.ค.-2028,James L.,Scope extension being discussed with partner,Renewed,"$276,500"
862,Construction & Maintenance,Elevator Maintenance Contract #1861,South Korea,"Sterling Innovations Co., Ltd.","Onyx Services Co., Ltd.","Multi-year framework agreement, reviewed yearly",27-ก.พ.-2022,13-มี.ค.-2022,23-มิ.ย.-2024,Carlos E.,No issues reported this cycle,Expired/Not renewed,"$1,228,500"
863,Travel & Events,Conference Venue Agreement #1862,Thailand,"Sterling Capital Co., Ltd.","Atlas Partners Co., Ltd.","Multi-year framework agreement, reviewed yearly",23-ม.ค.-2026,23-ม.ค.-2026,20-ก.ค.-2028,Michael C.,Vendor performance review scheduled,Renewed,"$185,300"
864,Financial Services,Payment Gateway Services Agreement #1863,Singapore,Crest Industries Pte Ltd,Internal - IT Dept.,Pricing subject to annual CPI adjustment,19-ก.พ.-2025,19-ก.พ.-2025,31-ส.ค.-2027,Ahmed W.,Flagged for cost optimization review,Renewed,"$500,200"
865,Consulting,Strategy Advisory Retainer #1864,Japan,Solace Group K.K.,Internal - IT Dept.,Service level agreement reviewed annually,03-มิ.ย.-2024,03-มิ.ย.-2024,25-มิ.ย.-2025,Arjun H.,-,Expired/Not renewed,"$342,700"
866,IT Services,Managed IT Services Agreement #1865,Germany,Horizon Trading GmbH,Internal - Legal Dept.,Includes 24/7 support SLA with penalty clauses,12-ก.พ.-2024,12-ก.พ.-2024,16-พ.ย.-2026,Nathan S.,Scope extension being discussed with partner,Upcoming renewal,"$2,347,300"
867,Real Estate & Leasing,Office Space Lease Agreement #1866,France,Titan Holdings SAS,Internal - Supply Chain,Exclusive regional distribution rights included,12-มิ.ย.-2021,12-มิ.ย.-2021,13-ก.พ.-2025,Budi B.,-,Expired/Not renewed,"$751,700"
868,Manufacturing Supply,OEM Production Agreement #1867,Australia,Vanguard Holdings Pty Ltd,Internal - IT Dept.,Service level agreement reviewed annually,10-ก.ย.-2022,10-ก.ย.-2022,23-ก.ค.-2026,Michael T.,"Renewal quote received, under internal review",Expired/Not renewed,"$2,918,800"
869,Marketing,Brand Campaign Agreement #1868,Indonesia,NorthStar Group PT,Internal - Procurement,Volume discount tier applies above threshold spend,31-มี.ค.-2024,07-เม.ย.-2024,20-ก.ย.-2025,Anucha L.,Alternative vendors being benchmarked,Expired/Not renewed,"$322,300"
870,Waste Management,Hazardous Waste Management Contract #1869,Singapore,Ivory Networks Pte Ltd,Internal - HR Dept.,Includes quarterly business review meetings,17-มี.ค.-2022,24-มี.ค.-2022,21-พ.ค.-2024,Emily S.,Scope extension being discussed with partner,Expired/Not renewed,"$56,100"
871,Logistics,Warehouse Lease & Operation Agreement #1870,Taiwan,"Prime Logistics Co., Ltd.",Internal - Procurement,Pricing subject to annual CPI adjustment,12-ธ.ค.-2024,12-ธ.ค.-2024,20-ต.ค.-2026,Tanawat B.,Alternative vendors being benchmarked,Upcoming renewal,"$926,000"
872,IT Services,Managed IT Services Agreement #1871,Hong Kong,Titan Innovations Ltd.,Internal - Procurement,"Auto-renew clause, 45 days notice required",30-ก.ค.-2024,30-ก.ค.-2024,30-ก.ย.-2026,Wanida B.,"Renewal quote received, under internal review",Negotiation in progress,"$1,490,200"
873,Fleet & Transportation,Fleet Maintenance Agreement #1872,United States,Granite Holdings Inc.,Internal - Legal Dept.,"Multi-year framework agreement, reviewed yearly",23-ธ.ค.-2023,06-ม.ค.-2024,10-ก.พ.-2027,Somchai W.,Legal review in progress before renewal,Negotiation in progress,"$361,800"
874,Construction & Maintenance,Elevator Maintenance Contract #1873,Japan,Sterling Systems K.K.,Internal - IT Security,Volume discount tier applies above threshold spend,12-มี.ค.-2025,19-มี.ค.-2025,30-ม.ค.-2029,Ravi A.,Alternative vendors being benchmarked,Renewed,"$429,100"
875,Legal,Compliance Advisory Agreement #1874,Japan,Quantum Technologies K.K.,Silverline Technologies K.K.,Includes quarterly business review meetings,27-มิ.ย.-2025,27-มิ.ย.-2025,25-พ.ย.-2027,Siti B.,Scope extension being discussed with partner,Renewed,"$314,000"
876,Security,CCTV Monitoring Agreement #1875,Australia,Silverline Innovations Pty Ltd,Atlas Services Pty Ltd,"Multi-year framework agreement, reviewed yearly",24-ก.ค.-2021,07-ส.ค.-2021,16-เม.ย.-2025,Grace W.,No issues reported this cycle,Expired/Not renewed,"$304,400"
877,Legal,Compliance Advisory Agreement #1876,Thailand,"Prime Logistics Co., Ltd.","Cascade Solutions Co., Ltd.","Multi-year framework agreement, reviewed yearly",27-ก.พ.-2026,27-ก.พ.-2026,14-ก.ย.-2027,Ravi M.,Budget approval pending for renewal,Renewed,"$230,300"
878,Marketing,Digital Marketing Retainer #1877,China,"Zenith Solutions Co., Ltd.",Internal - IT Dept.,Includes 24/7 support SLA with penalty clauses,11-มี.ค.-2025,11-มี.ค.-2025,12-พ.ย.-2026,Priya E.,-,Negotiation in progress,"$794,700"
879,Legal,Compliance Advisory Agreement #1878,Vietnam,Metro Dynamics JSC,Radiant Systems JSC,Exclusive regional distribution rights included,23-มิ.ย.-2025,23-มิ.ย.-2025,07-ก.ย.-2027,Nattapong T.,-,Renewed,"$247,600"
880,Travel & Events,Conference Venue Agreement #1879,Germany,Beacon Networks GmbH,Internal - IT Dept.,Includes quarterly business review meetings,15-เม.ย.-2023,22-เม.ย.-2023,18-พ.ย.-2025,Piyawan C.,Legal review in progress before renewal,Expired/Not renewed,"$89,100"
881,Consulting,Change Management Engagement #1880,South Korea,"Anchor Solutions Co., Ltd.","Apex Networks Co., Ltd.",Renewal contingent on performance KPIs,15-ก.ย.-2023,22-ก.ย.-2023,13-ต.ค.-2026,David B.,Budget approval pending for renewal,Negotiation in progress,"$992,000"
882,Financial Services,Payment Gateway Services Agreement #1881,Taiwan,"Lumen Partners Co., Ltd.",Internal - IT Security,Service level agreement reviewed annually,05-ก.ย.-2024,05-ก.ย.-2024,19-เม.ย.-2028,Daniel F.,Flagged for cost optimization review,Renewed,"$774,300"
883,Manufacturing Supply,OEM Production Agreement #1882,United States,Delta Consulting Inc.,Internal - Legal Dept.,Service level agreement reviewed annually,06-พ.ย.-2026,06-พ.ย.-2026,07-ต.ค.-2028,Ahmed O.,Budget approval pending for renewal,Renewed,"$1,439,500"
884,Waste Management,Waste Collection & Disposal Contract #1883,Philippines,Pinnacle Partners Inc.,Silverline Ventures Inc.,"Auto-renew clause, 45 days notice required",15-พ.ย.-2023,29-พ.ย.-2023,21-ก.พ.-2025,Daniel D.,Flagged for cost optimization review,Expired/Not renewed,"$40,100"
885,Security,Executive Protection Services #1884,South Korea,"Bright Innovations Co., Ltd.",Internal - Procurement,Exclusive regional distribution rights included,03-ก.พ.-2026,17-ก.พ.-2026,10-พ.ค.-2028,Grace R.,Scope extension being discussed with partner,Renewed,"$185,300"
886,Training & Development,E-Learning Platform License #1885,Indonesia,Quantum Solutions PT,Granite Group PT,"Multi-year framework agreement, reviewed yearly",27-ก.ย.-2025,04-ต.ค.-2025,11-ก.พ.-2028,Emily C.,"Renewal quote received, under internal review",Renewed,"$97,800"
887,Consulting,Strategy Advisory Retainer #1886,Thailand,"Prime Solutions Co., Ltd.",Internal - Admin Dept.,"Auto-renew clause, 90 days notice required",10-มิ.ย.-2023,10-มิ.ย.-2023,21-ต.ค.-2026,Wanida C.,Legal review in progress before renewal,Negotiation in progress,"$807,400"
888,Construction & Maintenance,Civil Works Contract #1887,United Kingdom,Orion Enterprises Ltd.,Internal - Corporate Affairs,Includes 24/7 support SLA with penalty clauses,24-มิ.ย.-2022,24-มิ.ย.-2022,08-เม.ย.-2025,Piyawan P.,Flagged for cost optimization review,Expired/Not renewed,"$86,300"
889,Legal,Litigation Support Contract #1888,Germany,Radiant Trading GmbH,Emerald Solutions GmbH,Volume discount tier applies above threshold spend,07-ต.ค.-2022,07-ต.ค.-2022,05-มิ.ย.-2026,Piyawan P.,"Renewal quote received, under internal review",Expired/Not renewed,"$333,100"
890,Training & Development,Corporate Training Program Agreement #1889,United Kingdom,Bright Industries Ltd.,Internal - Finance Dept.,"Auto-renew clause, 30 days notice required",09-เม.ย.-2026,23-เม.ย.-2026,09-ก.ค.-2028,Michael J.,No issues reported this cycle,Renewed,"$129,100"
891,IT Services,Network Infrastructure Services #1890,Hong Kong,Anchor Consulting Ltd.,Internal - Finance Dept.,Renewal contingent on performance KPIs,07-ธ.ค.-2024,21-ธ.ค.-2024,23-พ.ค.-2027,Nathan S.,Vendor performance review scheduled,Renewed,"$364,800"
892,Training & Development,E-Learning Platform License #1891,India,BlueSky Logistics Pvt. Ltd.,Internal - Supply Chain,"Auto-renew clause, 60 days notice required",27-เม.ย.-2024,04-พ.ค.-2024,15-มิ.ย.-2026,Budi E.,Vendor performance review scheduled,Expired/Not renewed,"$151,000"
893,Software Licensing,Business Intelligence Platform License #1892,Singapore,Nova Holdings Pte Ltd,Internal - IT Security,-,11-ต.ค.-2024,11-ต.ค.-2024,06-พ.ค.-2026,David O.,-,Expired/Not renewed,"$439,100"
894,Training & Development,Leadership Development Engagement #1893,United Arab Emirates,Orion Networks LLC,Internal - E-commerce,Exclusive regional distribution rights included,13-ก.ย.-2025,13-ก.ย.-2025,20-พ.ย.-2026,Yuki S.,"Renewal quote received, under internal review",Upcoming renewal,"$136,500"
895,Marketing,Brand Campaign Agreement #1894,China,"Falcon Innovations Co., Ltd.",Internal - Admin Dept.,Renewal contingent on performance KPIs,16-พ.ย.-2024,16-พ.ย.-2024,03-ธ.ค.-2026,Budi A.,Flagged for cost optimization review,Upcoming renewal,"$412,600"
896,Telecommunications,Corporate Mobile Plan Agreement #1895,United Arab Emirates,Meridian Holdings LLC,Internal - Marketing Dept.,Renewal contingent on performance KPIs,31-ก.ค.-2023,31-ก.ค.-2023,08-ต.ค.-2026,David G.,"Renewal quote received, under internal review",Upcoming renewal,"$272,900"
897,Printing & Publishing,Annual Report Design & Print Contract #1896,China,"Radiant Capital Co., Ltd.",Internal - Legal Dept.,Volume discount tier applies above threshold spend,17-มิ.ย.-2022,24-มิ.ย.-2022,20-ก.พ.-2026,Sarah P.,Alternative vendors being benchmarked,Expired/Not renewed,"$98,400"
898,Waste Management,Waste Collection & Disposal Contract #1897,Taiwan,"Meridian Partners Co., Ltd.","Granite Partners Co., Ltd.",Exclusive regional distribution rights included,17-ก.ค.-2024,17-ก.ค.-2024,19-มิ.ย.-2026,Tanawat R.,Scope extension being discussed with partner,Expired/Not renewed,"$191,800"
899,Telecommunications,Satellite Communication Contract #1898,Germany,Summit Networks GmbH,Internal - Supply Chain,"Multi-year framework agreement, reviewed yearly",03-ก.พ.-2025,10-ก.พ.-2025,20-เม.ย.-2028,Nattapong G.,Relationship manager reassigned this quarter,Renewed,"$432,400"
900,Real Estate & Leasing,Retail Unit Lease Contract #1899,Hong Kong,Zenith Holdings Ltd.,Internal - E-commerce,Service level agreement reviewed annually,02-ม.ค.-2024,02-ม.ค.-2024,05-พ.ค.-2027,Ploy C.,Budget approval pending for renewal,Renewed,"$2,830,300"
901,Telecommunications,VoIP Services Agreement #1900,United Kingdom,Cascade Dynamics Ltd.,Bright Technologies Ltd.,Includes 24/7 support SLA with penalty clauses,20-ก.ค.-2026,27-ก.ค.-2026,03-พ.ค.-2028,Priya P.,Flagged for cost optimization review,Renewed,"$249,200"
902,Printing & Publishing,Annual Report Design & Print Contract #1901,Myanmar,"Meridian Systems Co., Ltd.",Internal - Operations,Includes quarterly business review meetings,20-พ.ค.-2023,03-มิ.ย.-2023,05-ต.ค.-2025,David K.,Budget approval pending for renewal,Expired/Not renewed,"$42,300"
903,Printing & Publishing,Signage & Print Production Agreement #1902,Germany,Cascade Systems GmbH,Internal - IT Security,Pricing subject to annual CPI adjustment,17-ส.ค.-2023,17-ส.ค.-2023,12-เม.ย.-2026,Carlos W.,Flagged for cost optimization review,Expired/Not renewed,"$139,000"
904,Construction & Maintenance,Elevator Maintenance Contract #1903,Japan,Beacon Capital K.K.,Internal - Procurement,Includes 24/7 support SLA with penalty clauses,21-ก.พ.-2026,21-ก.พ.-2026,11-ม.ค.-2029,Sarah G.,Scope extension being discussed with partner,Renewed,"$1,777,400"
905,Software Licensing,Cybersecurity Software License #1904,United Arab Emirates,Cascade Dynamics LLC,Internal - Legal Dept.,Includes quarterly business review meetings,26-ส.ค.-2023,26-ส.ค.-2023,08-พ.ย.-2026,Wanida I.,Relationship manager reassigned this quarter,Upcoming renewal,"$223,000"
906,Waste Management,Recycling Services Agreement #1905,Cambodia,"Cascade Capital Co., Ltd.",Internal - Admin Dept.,Pricing subject to annual CPI adjustment,02-ม.ค.-2027,09-ม.ค.-2027,17-ส.ค.-2028,Suchada N.,Vendor performance review scheduled,Renewed,"$136,800"
907,Security,Executive Protection Services #1906,Malaysia,Orion Logistics Sdn Bhd,Internal - Marketing Dept.,-,21-ม.ค.-2026,28-ม.ค.-2026,12-ส.ค.-2027,Kanokwan S.,-,Renewed,"$114,400"
908,Legal,IP & Trademark Registration Services #1907,Australia,Trident Systems Pty Ltd,Internal - Admin Dept.,Renewal contingent on performance KPIs,08-ม.ค.-2025,08-ม.ค.-2025,02-ม.ค.-2028,David W.,Budget approval pending for renewal,Renewed,"$103,700"
909,HR & Payroll,Recruitment Services Agreement #1908,Philippines,Atlas Enterprises Inc.,Internal - IT Dept.,Exclusive regional distribution rights included,15-เม.ย.-2024,15-เม.ย.-2024,05-ม.ค.-2028,Anucha T.,Scope extension being discussed with partner,Renewed,"$51,800"
910,Training & Development,Corporate Training Program Agreement #1909,Myanmar,"BlueSky Holdings Co., Ltd.","Cascade Group Co., Ltd.",Volume discount tier applies above threshold spend,02-ต.ค.-2025,09-ต.ค.-2025,08-ธ.ค.-2028,Sarah J.,Alternative vendors being benchmarked,Renewed,"$71,900"
911,Training & Development,Leadership Development Engagement #1910,France,NorthStar Ventures SAS,Atlas Solutions SAS,"Auto-renew clause, 60 days notice required",21-ต.ค.-2021,04-พ.ย.-2021,16-เม.ย.-2025,Minji G.,Flagged for cost optimization review,Expired/Not renewed,"$109,300"
912,Real Estate & Leasing,Office Space Lease Agreement #1911,United Kingdom,Anchor Enterprises Ltd.,Internal - Procurement,Includes quarterly business review meetings,13-พ.ย.-2023,13-พ.ย.-2023,01-ก.พ.-2026,Nathan F.,Legal review in progress before renewal,Expired/Not renewed,"$1,798,700"
913,HR & Payroll,Outsourced Payroll Processing Contract #1912,United Kingdom,Solace Innovations Ltd.,Pinnacle Industries Ltd.,Exclusive regional distribution rights included,06-ธ.ค.-2023,13-ธ.ค.-2023,18-ธ.ค.-2026,Ravi A.,Alternative vendors being benchmarked,Negotiation in progress,"$22,900"
914,Marketing,Influencer Partnership Contract #1913,Germany,Unity Trading GmbH,Internal - Supply Chain,"Multi-year framework agreement, reviewed yearly",27-ธ.ค.-2022,10-ม.ค.-2023,04-ธ.ค.-2026,Tanawat F.,Alternative vendors being benchmarked,Upcoming renewal,"$487,200"
915,Financial Services,Corporate Banking Services Agreement #1914,Singapore,Crown Consulting Pte Ltd,BlueSky Consulting Pte Ltd,Exclusive regional distribution rights included,07-มิ.ย.-2024,07-มิ.ย.-2024,21-ธ.ค.-2027,Hiroshi C.,Vendor performance review scheduled,Renewed,"$314,400"
916,HR & Payroll,Outsourced Payroll Processing Contract #1915,Germany,Nova Holdings GmbH,Internal - Admin Dept.,Exclusive regional distribution rights included,04-ก.พ.-2025,18-ก.พ.-2025,01-ต.ค.-2027,Suchada T.,Scope extension being discussed with partner,Renewed,"$196,000"
917,IT Services,Network Infrastructure Services #1916,Japan,Solace Consulting K.K.,Internal - Marketing Dept.,Service level agreement reviewed annually,26-ต.ค.-2023,26-ต.ค.-2023,19-พ.ย.-2026,Aiko S.,-,Upcoming renewal,"$449,600"
918,Construction & Maintenance,Building Renovation Contract #1917,Philippines,Cascade Capital Inc.,Granite Capital Inc.,-,05-ม.ค.-2025,05-ม.ค.-2025,20-พ.ย.-2026,Grace E.,No issues reported this cycle,Upcoming renewal,"$502,800"
919,Telecommunications,Internet Leased Line Contract #1918,France,Metro Dynamics SAS,Internal - Marketing Dept.,Includes 24/7 support SLA with penalty clauses,15-พ.ค.-2023,15-พ.ค.-2023,25-มิ.ย.-2026,Wei W.,Relationship manager reassigned this quarter,Expired/Not renewed,"$20,400"
920,Software Licensing,Cybersecurity Software License #1919,Taiwan,"Lumen Ventures Co., Ltd.","Beacon Capital Co., Ltd.",Service level agreement reviewed annually,05-มิ.ย.-2026,19-มิ.ย.-2026,25-พ.ค.-2028,Grace I.,Scope extension being discussed with partner,Renewed,"$2,577,300"
921,Marketing,Creative & Branding Services #1920,Myanmar,"Orion Technologies Co., Ltd.",Internal - HR Dept.,"Multi-year framework agreement, reviewed yearly",19-มี.ค.-2023,19-มี.ค.-2023,10-ธ.ค.-2026,Nathan J.,Vendor performance review scheduled,Negotiation in progress,"$680,300"
922,Training & Development,Corporate Training Program Agreement #1921,Cambodia,"Vertex Technologies Co., Ltd.",Internal - Legal Dept.,"Multi-year framework agreement, reviewed yearly",15-พ.ค.-2023,22-พ.ค.-2023,01-ม.ค.-2027,David O.,Vendor performance review scheduled,Negotiation in progress,"$117,800"
923,Manufacturing Supply,OEM Production Agreement #1922,Singapore,Metro Partners Pte Ltd,Pacific Technologies Pte Ltd,Pricing subject to annual CPI adjustment,28-พ.ย.-2024,28-พ.ย.-2024,03-พ.ค.-2028,Suchada L.,Flagged for cost optimization review,Renewed,"$2,433,100"
924,Travel & Events,Event Management Services Contract #1923,Singapore,Crest Consulting Pte Ltd,Internal - Admin Dept.,"Multi-year framework agreement, reviewed yearly",01-ต.ค.-2023,01-ต.ค.-2023,05-เม.ย.-2026,Wei A.,Budget approval pending for renewal,Expired/Not renewed,"$19,600"
925,IT Services,Data Center Colocation Contract #1924,France,Vanguard Services SAS,Beacon Trading SAS,Exclusive regional distribution rights included,17-พ.ค.-2025,24-พ.ค.-2025,31-ม.ค.-2027,Michael J.,-,Negotiation in progress,"$1,915,600"
926,Waste Management,Recycling Services Agreement #1925,Cambodia,"Granite Consulting Co., Ltd.","NorthStar Ventures Co., Ltd.",Exclusive regional distribution rights included,26-มี.ค.-2025,09-เม.ย.-2025,16-ต.ค.-2026,Ravi I.,-,Upcoming renewal,"$121,300"
927,Logistics,Warehouse Lease & Operation Agreement #1926,India,Global Partners Pvt. Ltd.,Internal - Corporate Affairs,Volume discount tier applies above threshold spend,02-มิ.ย.-2026,02-มิ.ย.-2026,05-พ.ย.-2028,Daniel E.,-,Renewed,"$51,000"
928,Telecommunications,Satellite Communication Contract #1927,United Arab Emirates,Meridian Industries LLC,Internal - Legal Dept.,Includes quarterly business review meetings,09-ก.พ.-2025,16-ก.พ.-2025,19-มี.ค.-2028,Budi C.,Flagged for cost optimization review,Renewed,"$669,900"
929,Waste Management,Hazardous Waste Management Contract #1928,Australia,Sterling Capital Pty Ltd,Internal - IT Security,Includes quarterly business review meetings,18-ก.ย.-2023,18-ก.ย.-2023,24-ธ.ค.-2025,Minji W.,Flagged for cost optimization review,Expired/Not renewed,"$135,800"
930,Insurance,Group Health Insurance Policy #1929,United Arab Emirates,Vanguard Logistics LLC,Nova Systems LLC,Volume discount tier applies above threshold spend,18-มิ.ย.-2024,25-มิ.ย.-2024,16-พ.ย.-2026,Emily S.,Flagged for cost optimization review,Negotiation in progress,"$1,360,600"
931,Financial Services,Corporate Banking Services Agreement #1930,Germany,Vanguard Networks GmbH,Internal - Operations,"Auto-renew clause, 60 days notice required",29-ก.ย.-2027,29-ก.ย.-2027,10-ก.พ.-2029,Sarah F.,Alternative vendors being benchmarked,Renewed,"$928,300"
932,Manufacturing Supply,Raw Material Supply Agreement #1931,Indonesia,Zenith Innovations PT,Bright Trading PT,Exclusive regional distribution rights included,17-พ.ค.-2025,31-พ.ค.-2025,19-ส.ค.-2028,Priya H.,Legal review in progress before renewal,Renewed,"$934,700"
933,HR & Payroll,HR Systems Implementation Contract #1932,Myanmar,"BlueSky Services Co., Ltd.",Internal - Supply Chain,Volume discount tier applies above threshold spend,05-พ.ย.-2024,19-พ.ย.-2024,22-ก.ย.-2026,Anucha D.,-,Upcoming renewal,"$180,000"
934,IT Services,Network Infrastructure Services #1933,United Arab Emirates,Evergreen Logistics LLC,Internal - Supply Chain,-,24-ธ.ค.-2023,24-ธ.ค.-2023,30-ต.ค.-2026,Anucha B.,-,Upcoming renewal,"$174,200"
935,Real Estate & Leasing,Retail Unit Lease Contract #1934,Thailand,"Quantum Holdings Co., Ltd.","Emerald Group Co., Ltd.",-,16-พ.ย.-2023,16-พ.ย.-2023,20-มิ.ย.-2026,Arjun W.,Vendor performance review scheduled,Expired/Not renewed,"$371,500"
936,Printing & Publishing,Annual Report Design & Print Contract #1935,Malaysia,Emerald Industries Sdn Bhd,Apex Ventures Sdn Bhd,Exclusive regional distribution rights included,23-ต.ค.-2021,23-ต.ค.-2021,30-ส.ค.-2025,Wei P.,Scope extension being discussed with partner,Expired/Not renewed,"$62,300"
937,Insurance,Property & Casualty Insurance Contract #1936,Australia,Silverline Industries Pty Ltd,Internal - Procurement,Service level agreement reviewed annually,08-ธ.ค.-2024,08-ธ.ค.-2024,06-ต.ค.-2026,Piyawan C.,"Renewal quote received, under internal review",Upcoming renewal,"$1,497,400"
938,Insurance,Group Health Insurance Policy #1937,Australia,Sterling Industries Pty Ltd,Delta Networks Pty Ltd,"Multi-year framework agreement, reviewed yearly",23-ส.ค.-2023,23-ส.ค.-2023,30-ต.ค.-2024,Priya G.,"Renewal quote received, under internal review",Expired/Not renewed,"$260,100"
939,Logistics,Customs Brokerage Agreement #1938,Singapore,Unity Ventures Pte Ltd,Internal - Finance Dept.,-,21-ต.ค.-2024,21-ต.ค.-2024,03-มี.ค.-2028,Grace K.,-,Renewed,"$1,726,600"
940,Security,Access Control System Contract #1939,China,"Zenith Consulting Co., Ltd.",Internal - Supply Chain,Exclusive regional distribution rights included,05-ก.ค.-2024,05-ก.ค.-2024,25-ม.ค.-2027,Piyawan E.,-,Negotiation in progress,"$364,600"
941,Financial Services,Audit & Assurance Engagement #1940,Australia,Trident Trading Pty Ltd,Internal - Marketing Dept.,Renewal contingent on performance KPIs,14-ก.พ.-2023,14-ก.พ.-2023,14-ธ.ค.-2026,Carlos G.,No issues reported this cycle,Upcoming renewal,"$544,900"
942,Real Estate & Leasing,Equipment Leasing Agreement #1941,Japan,Delta Logistics K.K.,Internal - Procurement,Exclusive regional distribution rights included,21-ก.พ.-2024,21-ก.พ.-2024,22-พ.ค.-2025,Arjun S.,"Renewal quote received, under internal review",Expired/Not renewed,"$1,696,400"
943,Travel & Events,Event Management Services Contract #1942,Germany,Beacon Industries GmbH,Radiant Industries GmbH,-,24-ม.ค.-2023,24-ม.ค.-2023,12-เม.ย.-2024,Hiroshi J.,Alternative vendors being benchmarked,Expired/Not renewed,"$270,700"
944,Telecommunications,Internet Leased Line Contract #1943,Thailand,"Ivory Industries Co., Ltd.",Internal - Finance Dept.,Renewal contingent on performance KPIs,23-พ.ย.-2024,07-ธ.ค.-2024,20-มิ.ย.-2027,Grace A.,-,Renewed,"$573,800"
945,Printing & Publishing,Corporate Printing Services Agreement #1944,India,Solace Logistics Pvt. Ltd.,Internal - Corporate Affairs,"Multi-year framework agreement, reviewed yearly",27-ก.ย.-2022,27-ก.ย.-2022,30-ก.ค.-2025,Arjun D.,Alternative vendors being benchmarked,Expired/Not renewed,"$111,300"
946,Marketing,Influencer Partnership Contract #1945,Australia,Metro Innovations Pty Ltd,Internal - Legal Dept.,Service level agreement reviewed annually,30-มิ.ย.-2026,07-ก.ค.-2026,02-มิ.ย.-2028,Wei J.,"Renewal quote received, under internal review",Renewed,"$199,600"
947,Insurance,Group Health Insurance Policy #1946,India,Lumen Consulting Pvt. Ltd.,Internal - Legal Dept.,Pricing subject to annual CPI adjustment,24-ต.ค.-2024,24-ต.ค.-2024,25-ต.ค.-2026,Somchai H.,Flagged for cost optimization review,Upcoming renewal,"$1,154,400"
948,Waste Management,Recycling Services Agreement #1947,France,Granite Group SAS,Internal - Corporate Affairs,Renewal contingent on performance KPIs,03-ก.ย.-2023,10-ก.ย.-2023,05-ก.ย.-2025,Anucha L.,-,Expired/Not renewed,"$243,900"
949,Real Estate & Leasing,Equipment Leasing Agreement #1948,Vietnam,Meridian Holdings JSC,Internal - Legal Dept.,Exclusive regional distribution rights included,30-ก.ค.-2021,30-ก.ค.-2021,18-ก.ค.-2024,Carlos P.,"Renewal quote received, under internal review",Expired/Not renewed,"$1,733,900"
950,Printing & Publishing,Annual Report Design & Print Contract #1949,United Kingdom,Silverline Holdings Ltd.,Internal - IT Security,Exclusive regional distribution rights included,02-ก.ย.-2020,16-ก.ย.-2020,24-มิ.ย.-2024,Wanida H.,Budget approval pending for renewal,Expired/Not renewed,"$155,300"
951,Consulting,Digital Transformation Consulting #1950,Singapore,Apex Dynamics Pte Ltd,Internal - Corporate Affairs,Volume discount tier applies above threshold spend,19-พ.ค.-2027,19-พ.ค.-2027,02-มิ.ย.-2028,Nattapong L.,"Renewal quote received, under internal review",Renewed,"$1,039,900"
952,Real Estate & Leasing,Retail Unit Lease Contract #1951,Hong Kong,Onyx Group Ltd.,Internal - Finance Dept.,Exclusive regional distribution rights included,27-ก.ค.-2024,27-ก.ค.-2024,07-พ.ค.-2027,Laura D.,-,Renewed,"$1,594,700"
953,Legal,Compliance Advisory Agreement #1952,Singapore,Nova Partners Pte Ltd,Atlas Partners Pte Ltd,Includes quarterly business review meetings,21-ก.พ.-2022,21-ก.พ.-2022,07-มี.ค.-2025,Laura N.,-,Expired/Not renewed,"$306,500"
954,IT Services,Data Center Colocation Contract #1953,India,Sterling Holdings Pvt. Ltd.,Vertex Capital Pvt. Ltd.,Service level agreement reviewed annually,11-ธ.ค.-2023,11-ธ.ค.-2023,24-ต.ค.-2026,Kanokwan L.,Scope extension being discussed with partner,Upcoming renewal,"$2,229,900"
955,Fleet & Transportation,Fleet Maintenance Agreement #1954,Vietnam,Crown Logistics JSC,Internal - E-commerce,Volume discount tier applies above threshold spend,11-ม.ค.-2022,25-ม.ค.-2022,24-ก.ย.-2024,Anucha S.,-,Expired/Not renewed,"$599,000"
956,Insurance,Property & Casualty Insurance Contract #1955,Germany,Horizon Services GmbH,Internal - IT Dept.,"Auto-renew clause, 60 days notice required",31-ธ.ค.-2023,31-ธ.ค.-2023,07-ม.ค.-2025,Wanida D.,Budget approval pending for renewal,Expired/Not renewed,"$1,340,400"
957,Software Licensing,CRM Platform Subscription Agreement #1956,Taiwan,"Pacific Systems Co., Ltd.",Internal - E-commerce,Service level agreement reviewed annually,15-พ.ค.-2025,15-พ.ค.-2025,13-ธ.ค.-2026,Anucha K.,Flagged for cost optimization review,Upcoming renewal,"$1,424,200"
958,HR & Payroll,HR Systems Implementation Contract #1957,Germany,Global Capital GmbH,Pinnacle Enterprises GmbH,Includes quarterly business review meetings,18-ต.ค.-2025,18-ต.ค.-2025,21-ธ.ค.-2028,Sarah B.,Vendor performance review scheduled,Renewed,"$332,600"
959,Software Licensing,Enterprise Software License (ERP) #1958,Cambodia,"Zenith Technologies Co., Ltd.",Internal - Corporate Affairs,"Multi-year framework agreement, reviewed yearly",24-ส.ค.-2027,24-ส.ค.-2027,25-ส.ค.-2028,Daniel I.,Vendor performance review scheduled,Renewed,"$1,231,500"
960,Fleet & Transportation,Fleet Maintenance Agreement #1959,Philippines,Radiant Group Inc.,Metro Partners Inc.,Service level agreement reviewed annually,28-เม.ย.-2023,28-เม.ย.-2023,31-ก.ค.-2024,Piyawan H.,Legal review in progress before renewal,Expired/Not renewed,"$622,000"
961,Legal,Corporate Legal Advisory Retainer #1960,Cambodia,"Global Enterprises Co., Ltd.","Global Networks Co., Ltd.",Exclusive regional distribution rights included,23-ธ.ค.-2025,23-ธ.ค.-2025,01-ก.ย.-2027,Laura G.,Flagged for cost optimization review,Renewed,"$205,200"
962,Telecommunications,Internet Leased Line Contract #1961,France,Quantum Partners SAS,Internal - Supply Chain,Exclusive regional distribution rights included,28-ก.ค.-2024,28-ก.ค.-2024,09-ม.ค.-2028,Sarah P.,Vendor performance review scheduled,Renewed,"$191,400"
963,Logistics,Freight Forwarding Contract #1962,Singapore,Beacon Capital Pte Ltd,Internal - HR Dept.,Renewal contingent on performance KPIs,17-มิ.ย.-2023,17-มิ.ย.-2023,05-พ.ย.-2026,Arjun E.,No issues reported this cycle,Negotiation in progress,"$878,200"
964,Training & Development,E-Learning Platform License #1963,United States,Nova Industries Inc.,Internal - Procurement,"Auto-renew clause, 30 days notice required",20-ต.ค.-2024,27-ต.ค.-2024,21-ม.ค.-2027,Tanawat M.,Relationship manager reassigned this quarter,Negotiation in progress,"$272,400"
965,Software Licensing,Enterprise Software License (ERP) #1964,South Korea,"Onyx Capital Co., Ltd.",Internal - Legal Dept.,Exclusive regional distribution rights included,21-ธ.ค.-2024,04-ม.ค.-2025,14-ก.ค.-2027,Minji L.,"Renewal quote received, under internal review",Renewed,"$2,403,400"
966,Fleet & Transportation,Fleet Maintenance Agreement #1965,Malaysia,Metro Technologies Sdn Bhd,Internal - Admin Dept.,Renewal contingent on performance KPIs,28-ต.ค.-2024,28-ต.ค.-2024,29-ส.ค.-2026,Aiko P.,No issues reported this cycle,Expired/Not renewed,"$308,100"
967,Construction & Maintenance,Elevator Maintenance Contract #1966,Thailand,"Crest Enterprises Co., Ltd.",Internal - Procurement,-,18-พ.ย.-2025,25-พ.ย.-2025,07-ม.ค.-2028,Chloe I.,No issues reported this cycle,Renewed,"$1,347,900"
968,Financial Services,Payment Gateway Services Agreement #1967,Malaysia,Atlas Innovations Sdn Bhd,Internal - Admin Dept.,Exclusive regional distribution rights included,27-พ.ย.-2022,27-พ.ย.-2022,21-พ.ย.-2026,Piyawan K.,-,Negotiation in progress,"$508,400"
969,Marketing,Brand Campaign Agreement #1968,Malaysia,Pinnacle Partners Sdn Bhd,Internal - IT Dept.,Service level agreement reviewed annually,05-พ.ย.-2025,19-พ.ย.-2025,17-มิ.ย.-2027,Siti N.,Scope extension being discussed with partner,Renewed,"$408,300"
970,Consulting,Change Management Engagement #1969,United States,Pacific Logistics Inc.,Internal - Corporate Affairs,"Multi-year framework agreement, reviewed yearly",06-พ.ค.-2026,06-พ.ค.-2026,07-ก.ค.-2028,Budi I.,"Renewal quote received, under internal review",Renewed,"$435,300"
971,Marketing,Influencer Partnership Contract #1970,China,"Solace Industries Co., Ltd.",Internal - Procurement,Volume discount tier applies above threshold spend,24-ม.ค.-2023,31-ม.ค.-2023,18-เม.ย.-2025,Wei A.,Flagged for cost optimization review,Expired/Not renewed,"$801,000"
972,Fleet & Transportation,Corporate Shuttle Service Contract #1971,South Korea,"Pinnacle Systems Co., Ltd.",Internal - Procurement,-,26-ก.ค.-2026,26-ก.ค.-2026,19-ก.ย.-2027,Ahmed O.,Legal review in progress before renewal,Renewed,"$883,000"
973,Consulting,Strategy Advisory Retainer #1972,Philippines,BlueSky Industries Inc.,Evergreen Enterprises Inc.,"Auto-renew clause, 15 days notice required",31-มี.ค.-2023,31-มี.ค.-2023,06-ต.ค.-2026,Carlos E.,Scope extension being discussed with partner,Negotiation in progress,"$757,600"
974,Financial Services,Audit & Assurance Engagement #1973,India,Delta Partners Pvt. Ltd.,BlueSky Innovations Pvt. Ltd.,Service level agreement reviewed annually,04-ก.พ.-2025,11-ก.พ.-2025,04-ก.พ.-2027,Somchai F.,"Renewal quote received, under internal review",Negotiation in progress,"$135,300"
975,Cleaning & Facility,Facility Maintenance Contract #1974,Germany,Pacific Networks GmbH,Internal - Legal Dept.,Includes 24/7 support SLA with penalty clauses,27-พ.ย.-2022,11-ธ.ค.-2022,06-ธ.ค.-2026,Laura O.,Vendor performance review scheduled,Upcoming renewal,"$83,300"
976,Real Estate & Leasing,Equipment Leasing Agreement #1975,France,Cascade Services SAS,Internal - Admin Dept.,Volume discount tier applies above threshold spend,13-ก.ย.-2024,13-ก.ย.-2024,22-เม.ย.-2028,Nattapong G.,-,Renewed,"$4,379,900"
977,HR & Payroll,Recruitment Services Agreement #1976,Taiwan,"Alliance Innovations Co., Ltd.",Internal - IT Security,Renewal contingent on performance KPIs,04-ก.พ.-2025,04-ก.พ.-2025,20-ต.ค.-2026,Suchada R.,Flagged for cost optimization review,Upcoming renewal,"$364,600"
978,Marketing,Digital Marketing Retainer #1977,South Korea,"Lumen Consulting Co., Ltd.",Internal - E-commerce,"Multi-year framework agreement, reviewed yearly",25-ต.ค.-2024,25-ต.ค.-2024,25-ต.ค.-2026,Hiroshi I.,Scope extension being discussed with partner,Negotiation in progress,"$396,400"
979,Marketing,Media Buying Agreement #1978,Hong Kong,NorthStar Dynamics Ltd.,Internal - Procurement,"Auto-renew clause, 15 days notice required",14-ส.ค.-2026,14-ส.ค.-2026,01-มี.ค.-2029,Anucha K.,-,Renewed,"$46,400"
980,IT Services,Cloud Hosting Agreement #1979,Vietnam,Sterling Holdings JSC,Radiant Consulting JSC,"Auto-renew clause, 90 days notice required",23-พ.ย.-2022,07-ธ.ค.-2022,24-พ.ค.-2026,Carlos P.,-,Expired/Not renewed,"$1,647,100"
981,Cleaning & Facility,Facility Maintenance Contract #1980,United States,Sterling Ventures Inc.,Granite Technologies Inc.,Volume discount tier applies above threshold spend,06-ก.พ.-2023,06-ก.พ.-2023,09-ต.ค.-2026,Hiroshi F.,Vendor performance review scheduled,Upcoming renewal,"$177,000"
982,Insurance,Group Health Insurance Policy #1981,Hong Kong,Trident Logistics Ltd.,Internal - Finance Dept.,"Multi-year framework agreement, reviewed yearly",28-ส.ค.-2025,28-ส.ค.-2025,06-ธ.ค.-2026,Chloe O.,Budget approval pending for renewal,Upcoming renewal,"$1,003,200"
983,Construction & Maintenance,Civil Works Contract #1982,Vietnam,Orion Capital JSC,Internal - Legal Dept.,Pricing subject to annual CPI adjustment,11-ม.ค.-2025,11-ม.ค.-2025,12-พ.ย.-2026,Nathan T.,-,Upcoming renewal,"$1,035,600"
984,Financial Services,Audit & Assurance Engagement #1983,India,BlueSky Ventures Pvt. Ltd.,Onyx Logistics Pvt. Ltd.,"Auto-renew clause, 90 days notice required",24-พ.ค.-2023,07-มิ.ย.-2023,04-ม.ค.-2027,Suchada N.,Flagged for cost optimization review,Negotiation in progress,"$374,400"
985,Security,Physical Security & Guard Services #1984,Indonesia,Meridian Logistics PT,Internal - IT Dept.,Includes quarterly business review meetings,10-พ.ค.-2022,10-พ.ค.-2022,27-เม.ย.-2026,Grace I.,Flagged for cost optimization review,Expired/Not renewed,"$141,900"
986,Travel & Events,Corporate Travel Management Agreement #1985,United Arab Emirates,Metro Capital LLC,Internal - Procurement,-,18-มิ.ย.-2025,18-มิ.ย.-2025,30-ต.ค.-2026,Wanida M.,Vendor performance review scheduled,Negotiation in progress,"$281,700"
987,Printing & Publishing,Corporate Printing Services Agreement #1986,Cambodia,"Nova Networks Co., Ltd.",Internal - IT Dept.,Includes quarterly business review meetings,05-ก.ย.-2023,05-ก.ย.-2023,03-ก.พ.-2027,Daniel E.,Relationship manager reassigned this quarter,Negotiation in progress,"$25,300"
988,Logistics,Last-Mile Delivery Partnership #1987,United Kingdom,Titan Ventures Ltd.,Internal - Supply Chain,Service level agreement reviewed annually,30-ต.ค.-2024,30-ต.ค.-2024,24-พ.ย.-2027,Piyawan F.,Scope extension being discussed with partner,Renewed,"$1,001,100"
989,IT Services,Network Infrastructure Services #1988,Vietnam,Crest Ventures JSC,Internal - Operations,Renewal contingent on performance KPIs,24-พ.ย.-2025,08-ธ.ค.-2025,15-เม.ย.-2028,Nattapong H.,Legal review in progress before renewal,Renewed,"$1,767,700"
990,Construction & Maintenance,Elevator Maintenance Contract #1989,Indonesia,Beacon Logistics PT,Bright Logistics PT,Renewal contingent on performance KPIs,14-ก.ย.-2024,14-ก.ย.-2024,15-พ.ย.-2026,Suchada J.,No issues reported this cycle,Negotiation in progress,"$408,800"
991,Construction & Maintenance,Building Renovation Contract #1990,Malaysia,Vanguard Industries Sdn Bhd,Pacific Consulting Sdn Bhd,"Multi-year framework agreement, reviewed yearly",18-เม.ย.-2026,02-พ.ค.-2026,08-ส.ค.-2027,Siti R.,"Renewal quote received, under internal review",Renewed,"$1,951,800"
992,Consulting,Strategy Advisory Retainer #1991,United Arab Emirates,Silverline Partners LLC,Internal - Supply Chain,-,19-มี.ค.-2023,19-มี.ค.-2023,22-ส.ค.-2024,Piyawan N.,Relationship manager reassigned this quarter,Expired/Not renewed,"$1,105,000"
993,Construction & Maintenance,Building Renovation Contract #1992,United Kingdom,Pacific Dynamics Ltd.,Zenith Capital Ltd.,Exclusive regional distribution rights included,15-ก.ค.-2025,29-ก.ค.-2025,27-ก.ย.-2026,Somchai F.,Flagged for cost optimization review,Negotiation in progress,"$235,800"
994,Cleaning & Facility,Facility Maintenance Contract #1993,Myanmar,"Ivory Solutions Co., Ltd.",Internal - HR Dept.,-,25-มี.ค.-2025,01-เม.ย.-2025,02-ธ.ค.-2026,Tanawat P.,Alternative vendors being benchmarked,Negotiation in progress,"$321,700"
995,Financial Services,Corporate Banking Services Agreement #1994,Myanmar,"Falcon Partners Co., Ltd.","Meridian Technologies Co., Ltd.","Multi-year framework agreement, reviewed yearly",05-เม.ย.-2026,05-เม.ย.-2026,12-พ.ย.-2028,Budi R.,Alternative vendors being benchmarked,Renewed,"$553,100"
996,Printing & Publishing,Corporate Printing Services Agreement #1995,United Arab Emirates,Bright Solutions LLC,Internal - HR Dept.,Includes 24/7 support SLA with penalty clauses,18-ก.พ.-2021,18-ก.พ.-2021,19-ธ.ค.-2024,Wei F.,Budget approval pending for renewal,Expired/Not renewed,"$19,300"
997,Construction & Maintenance,Elevator Maintenance Contract #1996,Germany,Meridian Consulting GmbH,Internal - IT Dept.,Pricing subject to annual CPI adjustment,26-เม.ย.-2024,26-เม.ย.-2024,17-พ.ค.-2027,James R.,Relationship manager reassigned this quarter,Renewed,"$1,561,600"
998,Software Licensing,Enterprise Software License (ERP) #1997,Germany,Delta Logistics GmbH,Internal - Marketing Dept.,"Auto-renew clause, 90 days notice required",20-พ.ค.-2025,20-พ.ค.-2025,14-ส.ค.-2026,James N.,Scope extension being discussed with partner,Expired/Not renewed,"$2,627,600"
999,Financial Services,Treasury Management Contract #1998,United Kingdom,Vanguard Consulting Ltd.,Prime Ventures Ltd.,Includes quarterly business review meetings,24-เม.ย.-2025,24-เม.ย.-2025,14-พ.ย.-2026,Siti C.,Budget approval pending for renewal,Negotiation in progress,"$774,600"
1000,Logistics,Customs Brokerage Agreement #1999,Germany,Granite Holdings GmbH,Internal - Marketing Dept.,Renewal contingent on performance KPIs,10-ม.ค.-2023,24-ม.ค.-2023,11-พ.ย.-2024,Ploy N.,Legal review in progress before renewal,Expired/Not renewed,"$419,000"
1001,Logistics,Customs Brokerage Agreement #2000,Malaysia,Metro Technologies Sdn Bhd,Global Capital Sdn Bhd,"Multi-year framework agreement, reviewed yearly",04-ก.พ.-2023,04-ก.พ.-2023,21-ม.ค.-2027,Carlos K.,Budget approval pending for renewal,Negotiation in progress,"$763,100"
1002,Real Estate & Leasing,Equipment Leasing Agreement #2001,Malaysia,Summit Group Sdn Bhd,Anchor Solutions Sdn Bhd,Service level agreement reviewed annually,03-ต.ค.-2025,03-ต.ค.-2025,12-ก.พ.-2027,Suchada R.,Relationship manager reassigned this quarter,Negotiation in progress,"$1,464,500"
1003,Telecommunications,Satellite Communication Contract #2002,Cambodia,"BlueSky Ventures Co., Ltd.","Pinnacle Networks Co., Ltd.",Includes quarterly business review meetings,19-พ.ค.-2025,19-พ.ค.-2025,08-ธ.ค.-2028,Arjun S.,Flagged for cost optimization review,Renewed,"$624,600"
1004,Financial Services,Corporate Banking Services Agreement #2003,Cambodia,"Atlas Industries Co., Ltd.",Internal - Corporate Affairs,Volume discount tier applies above threshold spend,17-ก.ย.-2023,17-ก.ย.-2023,19-ต.ค.-2025,Arjun A.,Scope extension being discussed with partner,Expired/Not renewed,"$893,800"
1005,Insurance,Cyber Liability Insurance Policy #2004,Indonesia,Delta Ventures PT,Internal - IT Dept.,"Auto-renew clause, 60 days notice required",10-ก.ย.-2026,17-ก.ย.-2026,15-พ.ค.-2028,Nattapong S.,Vendor performance review scheduled,Renewed,"$1,152,800"
1006,Consulting,Digital Transformation Consulting #2005,India,Onyx Industries Pvt. Ltd.,Internal - Admin Dept.,Includes quarterly business review meetings,26-พ.ค.-2023,09-มิ.ย.-2023,18-มี.ค.-2025,Yuki H.,Budget approval pending for renewal,Expired/Not renewed,"$918,100"
1007,Manufacturing Supply,Component Manufacturing Contract #2006,Malaysia,NorthStar Networks Sdn Bhd,Internal - E-commerce,Volume discount tier applies above threshold spend,21-เม.ย.-2023,28-เม.ย.-2023,21-ก.พ.-2025,Grace T.,Alternative vendors being benchmarked,Expired/Not renewed,"$2,677,600"
1008,Fleet & Transportation,Vehicle Leasing Agreement #2007,United Kingdom,Falcon Networks Ltd.,Internal - Admin Dept.,Pricing subject to annual CPI adjustment,01-ก.ย.-2024,15-ก.ย.-2024,09-ต.ค.-2026,Tanawat N.,Legal review in progress before renewal,Upcoming renewal,"$296,100"
1009,Consulting,Digital Transformation Consulting #2008,China,"Vanguard Partners Co., Ltd.",Internal - Operations,Renewal contingent on performance KPIs,12-ก.ค.-2022,12-ก.ค.-2022,17-มี.ค.-2026,Piyawan A.,No issues reported this cycle,Expired/Not renewed,"$41,100"
1010,Software Licensing,CRM Platform Subscription Agreement #2009,United Kingdom,Meridian Logistics Ltd.,Internal - HR Dept.,Volume discount tier applies above threshold spend,04-ก.พ.-2026,04-ก.พ.-2026,20-ธ.ค.-2028,Wanida C.,Flagged for cost optimization review,Renewed,"$167,600"
1011,Logistics,Freight Forwarding Contract #2010,Myanmar,"Cascade Consulting Co., Ltd.",Internal - Corporate Affairs,Includes 24/7 support SLA with penalty clauses,30-ต.ค.-2023,30-ต.ค.-2023,02-ต.ค.-2027,Michael B.,Vendor performance review scheduled,Renewed,"$1,575,700"
1012,Logistics,Customs Brokerage Agreement #2011,United States,Crown Systems Inc.,Internal - Finance Dept.,Exclusive regional distribution rights included,28-มิ.ย.-2025,05-ก.ค.-2025,01-พ.ย.-2026,Ravi W.,Vendor performance review scheduled,Negotiation in progress,"$1,599,500"
1013,Real Estate & Leasing,Equipment Leasing Agreement #2012,Indonesia,Falcon Solutions PT,Internal - Marketing Dept.,-,06-ส.ค.-2024,20-ส.ค.-2024,15-ก.ค.-2026,Ploy P.,Legal review in progress before renewal,Expired/Not renewed,"$3,511,400"
1014,IT Services,IT Helpdesk & Support Contract #2013,United Kingdom,Ivory Systems Ltd.,Internal - Admin Dept.,Service level agreement reviewed annually,20-ม.ค.-2024,20-ม.ค.-2024,24-ต.ค.-2026,Carlos O.,Budget approval pending for renewal,Negotiation in progress,"$1,810,100"
1015,Software Licensing,CRM Platform Subscription Agreement #2014,Malaysia,Beacon Consulting Sdn Bhd,Internal - Admin Dept.,Exclusive regional distribution rights included,17-ก.พ.-2024,17-ก.พ.-2024,04-เม.ย.-2027,Kanokwan C.,Flagged for cost optimization review,Renewed,"$676,100"
1016,Construction & Maintenance,Civil Works Contract #2015,Indonesia,Beacon Innovations PT,Internal - Supply Chain,"Auto-renew clause, 30 days notice required",11-ก.พ.-2024,11-ก.พ.-2024,10-ต.ค.-2026,Budi G.,No issues reported this cycle,Negotiation in progress,"$547,600"
1017,Construction & Maintenance,Building Renovation Contract #2016,Singapore,NorthStar Ventures Pte Ltd,Internal - IT Dept.,Includes quarterly business review meetings,31-พ.ค.-2024,07-มิ.ย.-2024,04-ต.ค.-2026,Chloe I.,Alternative vendors being benchmarked,Negotiation in progress,"$429,700"
1018,Travel & Events,Corporate Travel Management Agreement #2017,Taiwan,"Pacific Partners Co., Ltd.","Emerald Capital Co., Ltd.",-,30-มี.ค.-2025,06-เม.ย.-2025,11-ต.ค.-2026,Aiko C.,Vendor performance review scheduled,Upcoming renewal,"$358,800"
1019,Legal,Regulatory Filing Services #2018,Japan,Unity Capital K.K.,Zenith Holdings K.K.,"Multi-year framework agreement, reviewed yearly",16-เม.ย.-2021,16-เม.ย.-2021,28-ก.ย.-2024,Laura P.,Scope extension being discussed with partner,Expired/Not renewed,"$458,400"
1020,Legal,IP & Trademark Registration Services #2019,Hong Kong,Evergreen Services Ltd.,Internal - Supply Chain,Volume discount tier applies above threshold spend,26-มิ.ย.-2025,03-ก.ค.-2025,26-พ.ย.-2028,Ravi A.,Relationship manager reassigned this quarter,Renewed,"$413,200"
1021,Logistics,Freight Forwarding Contract #2020,United Kingdom,Emerald Industries Ltd.,Ivory Partners Ltd.,Pricing subject to annual CPI adjustment,08-พ.ค.-2025,08-พ.ค.-2025,27-ต.ค.-2026,Yuki A.,Vendor performance review scheduled,Negotiation in progress,"$365,800"
1022,Marketing,Digital Marketing Retainer #2021,United Kingdom,Orion Solutions Ltd.,Lumen Dynamics Ltd.,-,13-ก.ค.-2023,13-ก.ค.-2023,17-มิ.ย.-2027,Hiroshi M.,Budget approval pending for renewal,Renewed,"$84,000"
1023,Fleet & Transportation,Fleet Maintenance Agreement #2022,United Kingdom,Beacon Logistics Ltd.,Internal - E-commerce,Service level agreement reviewed annually,22-เม.ย.-2026,06-พ.ค.-2026,17-ธ.ค.-2028,Minji H.,-,Renewed,"$783,900"
1024,Construction & Maintenance,Elevator Maintenance Contract #2023,Singapore,Solace Industries Pte Ltd,Lumen Networks Pte Ltd,Volume discount tier applies above threshold spend,19-ม.ค.-2023,02-ก.พ.-2023,16-ธ.ค.-2026,Arjun E.,Budget approval pending for renewal,Negotiation in progress,"$1,268,300"
1025,Training & Development,Corporate Training Program Agreement #2024,Taiwan,"Granite Dynamics Co., Ltd.","Apex Dynamics Co., Ltd.","Multi-year framework agreement, reviewed yearly",01-พ.ย.-2023,08-พ.ย.-2023,07-ก.พ.-2027,Ahmed F.,Vendor performance review scheduled,Negotiation in progress,"$123,200"
1026,IT Services,Data Center Colocation Contract #2025,Myanmar,"Anchor Systems Co., Ltd.",Internal - Marketing Dept.,-,19-ธ.ค.-2024,26-ธ.ค.-2024,29-ก.ย.-2028,Wanida O.,Alternative vendors being benchmarked,Renewed,"$1,391,600"
1027,Printing & Publishing,Corporate Printing Services Agreement #2026,United Arab Emirates,NorthStar Partners LLC,Internal - Corporate Affairs,Service level agreement reviewed annually,11-พ.ค.-2022,25-พ.ค.-2022,06-มี.ค.-2025,Ploy B.,Budget approval pending for renewal,Expired/Not renewed,"$5,100"
1028,Logistics,Fleet Logistics Services Contract #2027,China,"Prime Trading Co., Ltd.","Atlas Ventures Co., Ltd.",Renewal contingent on performance KPIs,23-ส.ค.-2025,23-ส.ค.-2025,05-พ.ค.-2027,Laura O.,Budget approval pending for renewal,Renewed,"$539,300"
1029,Financial Services,Audit & Assurance Engagement #2028,China,"Unity Holdings Co., Ltd.","Vanguard Dynamics Co., Ltd.",Service level agreement reviewed annually,20-พ.ย.-2024,20-พ.ย.-2024,05-ธ.ค.-2026,Carlos E.,No issues reported this cycle,Negotiation in progress,"$644,900"
1030,Telecommunications,Corporate Mobile Plan Agreement #2029,United Kingdom,Crown Enterprises Ltd.,Internal - Corporate Affairs,Pricing subject to annual CPI adjustment,30-พ.ย.-2023,30-พ.ย.-2023,01-ต.ค.-2026,Laura M.,Vendor performance review scheduled,Upcoming renewal,"$382,500"
1031,Construction & Maintenance,HVAC Maintenance Agreement #2030,United Kingdom,BlueSky Holdings Ltd.,Internal - Corporate Affairs,Renewal contingent on performance KPIs,20-ก.ย.-2026,20-ก.ย.-2026,16-เม.ย.-2028,David K.,Flagged for cost optimization review,Renewed,"$1,724,400"
1032,Software Licensing,Cybersecurity Software License #2031,United States,Orion Solutions Inc.,Emerald Capital Inc.,"Multi-year framework agreement, reviewed yearly",20-มี.ค.-2023,20-มี.ค.-2023,12-ธ.ค.-2026,Nathan S.,Scope extension being discussed with partner,Negotiation in progress,"$2,479,000"
1033,Insurance,Cyber Liability Insurance Policy #2032,Myanmar,"Alliance Capital Co., Ltd.","Meridian Group Co., Ltd.","Auto-renew clause, 15 days notice required",30-ธ.ค.-2023,13-ม.ค.-2024,26-พ.ย.-2026,Tanawat F.,Budget approval pending for renewal,Upcoming renewal,"$376,900"
1034,Consulting,Business Process Improvement Engagement #2033,United Kingdom,Nova Consulting Ltd.,Internal - Finance Dept.,"Multi-year framework agreement, reviewed yearly",25-พ.ย.-2024,25-พ.ย.-2024,15-พ.ย.-2026,Michael K.,Relationship manager reassigned this quarter,Negotiation in progress,"$758,500"
1035,Printing & Publishing,Corporate Printing Services Agreement #2034,Malaysia,Metro Networks Sdn Bhd,Internal - Supply Chain,Volume discount tier applies above threshold spend,20-มี.ค.-2025,20-มี.ค.-2025,29-ต.ค.-2026,Nattapong W.,Budget approval pending for renewal,Negotiation in progress,"$190,300"
1036,Security,CCTV Monitoring Agreement #2035,France,Atlas Capital SAS,Alliance Capital SAS,Service level agreement reviewed annually,12-ธ.ค.-2023,12-ธ.ค.-2023,16-ส.ค.-2027,Suchada W.,Flagged for cost optimization review,Renewed,"$146,800"
1037,Printing & Publishing,Annual Report Design & Print Contract #2036,Taiwan,"Falcon Ventures Co., Ltd.",Internal - Legal Dept.,Includes 24/7 support SLA with penalty clauses,23-ธ.ค.-2022,30-ธ.ค.-2022,01-พ.ย.-2026,Chloe N.,Relationship manager reassigned this quarter,Upcoming renewal,"$159,500"
1038,Telecommunications,VoIP Services Agreement #2037,India,BlueSky Partners Pvt. Ltd.,Internal - Supply Chain,Pricing subject to annual CPI adjustment,16-ก.ค.-2025,16-ก.ค.-2025,26-พ.ย.-2028,Minji S.,Legal review in progress before renewal,Renewed,"$561,700"
1039,Security,CCTV Monitoring Agreement #2038,Hong Kong,Vertex Technologies Ltd.,Alliance Consulting Ltd.,Includes quarterly business review meetings,03-ก.ค.-2025,03-ก.ค.-2025,21-ก.ย.-2026,Laura A.,Scope extension being discussed with partner,Upcoming renewal,"$90,600"
1040,Fleet & Transportation,Corporate Shuttle Service Contract #2039,South Korea,"Meridian Industries Co., Ltd.",Internal - Marketing Dept.,"Multi-year framework agreement, reviewed yearly",09-ม.ค.-2024,16-ม.ค.-2024,12-ธ.ค.-2026,Michael C.,Flagged for cost optimization review,Negotiation in progress,"$49,700"
1041,Security,CCTV Monitoring Agreement #2040,Malaysia,Titan Technologies Sdn Bhd,Internal - E-commerce,"Multi-year framework agreement, reviewed yearly",21-ต.ค.-2026,28-ต.ค.-2026,18-ส.ค.-2028,Nathan T.,Relationship manager reassigned this quarter,Renewed,"$482,100"
1042,Training & Development,Leadership Development Engagement #2041,India,Zenith Partners Pvt. Ltd.,Vertex Trading Pvt. Ltd.,Service level agreement reviewed annually,28-ต.ค.-2022,28-ต.ค.-2022,08-ต.ค.-2026,Wei L.,"Renewal quote received, under internal review",Negotiation in progress,"$243,600"
1043,Cleaning & Facility,Office Facility Management Contract #2042,Japan,Meridian Partners K.K.,Internal - Legal Dept.,Exclusive regional distribution rights included,23-ต.ค.-2025,23-ต.ค.-2025,08-พ.ย.-2026,Priya W.,Relationship manager reassigned this quarter,Upcoming renewal,"$186,700"
1044,Security,Access Control System Contract #2043,Japan,Onyx Dynamics K.K.,Internal - E-commerce,Pricing subject to annual CPI adjustment,12-ธ.ค.-2023,12-ธ.ค.-2023,02-ก.ค.-2027,Tanawat M.,Relationship manager reassigned this quarter,Renewed,"$396,700"
1045,Construction & Maintenance,HVAC Maintenance Agreement #2044,China,"Orion Systems Co., Ltd.",Internal - HR Dept.,Renewal contingent on performance KPIs,14-พ.ย.-2022,21-พ.ย.-2022,02-ต.ค.-2026,Piyawan K.,"Renewal quote received, under internal review",Upcoming renewal,"$780,300"
1046,Software Licensing,CRM Platform Subscription Agreement #2045,Singapore,Onyx Holdings Pte Ltd,Alliance Innovations Pte Ltd,-,30-เม.ย.-2024,30-เม.ย.-2024,24-ต.ค.-2027,Wanida O.,-,Renewed,"$2,779,200"
1047,Construction & Maintenance,HVAC Maintenance Agreement #2046,Philippines,Evergreen Partners Inc.,Internal - Corporate Affairs,-,22-มี.ค.-2021,22-มี.ค.-2021,12-ส.ค.-2024,Daniel F.,Legal review in progress before renewal,Expired/Not renewed,"$1,323,100"
1048,HR & Payroll,Employee Benefits Administration #2047,Taiwan,"Onyx Partners Co., Ltd.",Internal - Legal Dept.,Includes quarterly business review meetings,17-ก.พ.-2022,17-ก.พ.-2022,08-เม.ย.-2024,Yuki H.,Alternative vendors being benchmarked,Expired/Not renewed,"$229,000"
1049,Legal,Compliance Advisory Agreement #2048,United Arab Emirates,Beacon Innovations LLC,Internal - HR Dept.,Includes 24/7 support SLA with penalty clauses,12-ก.ค.-2025,26-ก.ค.-2025,27-ธ.ค.-2027,Sarah A.,"Renewal quote received, under internal review",Renewed,"$489,300"
1050,Security,Access Control System Contract #2049,France,Solace Dynamics SAS,Internal - Corporate Affairs,Renewal contingent on performance KPIs,02-มิ.ย.-2024,16-มิ.ย.-2024,02-พ.ย.-2026,Ravi C.,"Renewal quote received, under internal review",Upcoming renewal,"$242,200"
1051,Consulting,Strategy Advisory Retainer #2050,United Arab Emirates,Sterling Partners LLC,Internal - E-commerce,"Auto-renew clause, 90 days notice required",01-ม.ค.-2025,01-ม.ค.-2025,03-ต.ค.-2026,James E.,Scope extension being discussed with partner,Upcoming renewal,"$500,700"
1052,Security,CCTV Monitoring Agreement #2051,Singapore,Apex Systems Pte Ltd,Emerald Dynamics Pte Ltd,Renewal contingent on performance KPIs,01-มิ.ย.-2024,01-มิ.ย.-2024,19-เม.ย.-2028,Ahmed G.,-,Renewed,"$104,600"
1053,Logistics,Freight Forwarding Contract #2052,Japan,Prime Systems K.K.,Metro Ventures K.K.,-,26-เม.ย.-2026,26-เม.ย.-2026,24-มี.ค.-2028,Michael D.,-,Renewed,"$1,576,000"
1054,Cleaning & Facility,Janitorial Services Agreement #2053,Cambodia,"BlueSky Trading Co., Ltd.","Horizon Technologies Co., Ltd.","Multi-year framework agreement, reviewed yearly",11-ส.ค.-2026,11-ส.ค.-2026,08-ก.ย.-2028,Tanawat I.,No issues reported this cycle,Renewed,"$218,100"
1055,Manufacturing Supply,Raw Material Supply Agreement #2054,United Arab Emirates,Horizon Enterprises LLC,Emerald Consulting LLC,Volume discount tier applies above threshold spend,04-ธ.ค.-2024,04-ธ.ค.-2024,10-ต.ค.-2026,Emily M.,Alternative vendors being benchmarked,Upcoming renewal,"$908,300"
1056,Training & Development,Leadership Development Engagement #2055,Indonesia,Summit Group PT,Internal - Procurement,"Auto-renew clause, 15 days notice required",11-เม.ย.-2025,11-เม.ย.-2025,11-พ.ย.-2026,Anucha D.,No issues reported this cycle,Upcoming renewal,"$274,900"
1057,Logistics,Warehouse Lease & Operation Agreement #2056,France,Vertex Services SAS,Ivory Dynamics SAS,Exclusive regional distribution rights included,26-ส.ค.-2026,26-ส.ค.-2026,09-พ.ย.-2027,Carlos W.,Budget approval pending for renewal,Renewed,"$1,050,800"
1058,Consulting,Digital Transformation Consulting #2057,Taiwan,"Global Holdings Co., Ltd.",Internal - IT Security,"Auto-renew clause, 90 days notice required",23-พ.ย.-2023,23-พ.ย.-2023,17-พ.ย.-2025,Kanokwan E.,Alternative vendors being benchmarked,Expired/Not renewed,"$144,500"
1059,Printing & Publishing,Corporate Printing Services Agreement #2058,Indonesia,Bright Solutions PT,Internal - Supply Chain,Pricing subject to annual CPI adjustment,04-ก.ย.-2025,18-ก.ย.-2025,23-ต.ค.-2026,Emily W.,Alternative vendors being benchmarked,Negotiation in progress,"$42,800"
1060,Marketing,Media Buying Agreement #2059,Thailand,"Silverline Trading Co., Ltd.",Internal - Procurement,"Multi-year framework agreement, reviewed yearly",26-มิ.ย.-2022,26-มิ.ย.-2022,10-ม.ค.-2026,Ploy A.,Budget approval pending for renewal,Expired/Not renewed,"$144,900"
1061,Waste Management,Waste Collection & Disposal Contract #2060,Australia,Lumen Trading Pty Ltd,Internal - Legal Dept.,Includes 24/7 support SLA with penalty clauses,18-ก.ย.-2022,18-ก.ย.-2022,02-ส.ค.-2024,Nattapong I.,Alternative vendors being benchmarked,Expired/Not renewed,"$50,800"
1062,Legal,Litigation Support Contract #2061,United States,Trident Holdings Inc.,Internal - E-commerce,Volume discount tier applies above threshold spend,30-ก.ค.-2025,06-ส.ค.-2025,09-ธ.ค.-2026,Minji B.,Alternative vendors being benchmarked,Upcoming renewal,"$435,500"
1063,Fleet & Transportation,Fleet Maintenance Agreement #2062,Thailand,"Zenith Industries Co., Ltd.",Internal - Operations,Includes quarterly business review meetings,16-ต.ค.-2025,16-ต.ค.-2025,31-ต.ค.-2026,Kanokwan K.,Scope extension being discussed with partner,Negotiation in progress,"$637,100"
1064,Logistics,Fleet Logistics Services Contract #2063,Malaysia,Prime Trading Sdn Bhd,Vanguard Innovations Sdn Bhd,Pricing subject to annual CPI adjustment,04-ต.ค.-2026,04-ต.ค.-2026,13-ก.พ.-2028,Ravi L.,Legal review in progress before renewal,Renewed,"$824,900"
1065,Manufacturing Supply,Component Manufacturing Contract #2064,Philippines,Metro Systems Inc.,Internal - Marketing Dept.,Volume discount tier applies above threshold spend,13-เม.ย.-2026,27-เม.ย.-2026,26-ก.ค.-2027,Hiroshi O.,"Renewal quote received, under internal review",Renewed,"$331,700"
1066,Logistics,Customs Brokerage Agreement #2065,Japan,Prime Networks K.K.,Internal - Marketing Dept.,"Auto-renew clause, 90 days notice required",04-ก.ย.-2022,04-ก.ย.-2022,01-มิ.ย.-2026,Grace I.,-,Expired/Not renewed,"$791,700"
1067,Printing & Publishing,Corporate Printing Services Agreement #2066,Malaysia,Orion Dynamics Sdn Bhd,Internal - Corporate Affairs,Exclusive regional distribution rights included,31-ม.ค.-2027,31-ม.ค.-2027,21-ก.ค.-2028,Kanokwan K.,"Renewal quote received, under internal review",Renewed,"$104,100"
1068,HR & Payroll,Employee Benefits Administration #2067,Singapore,Beacon Industries Pte Ltd,Internal - IT Dept.,Service level agreement reviewed annually,11-ส.ค.-2022,11-ส.ค.-2022,16-เม.ย.-2025,Yuki R.,Scope extension being discussed with partner,Expired/Not renewed,"$323,400"
1069,IT Services,Data Center Colocation Contract #2068,Thailand,"Pinnacle Networks Co., Ltd.",Internal - E-commerce,Volume discount tier applies above threshold spend,07-ม.ค.-2026,14-ม.ค.-2026,16-มิ.ย.-2028,Ahmed O.,-,Renewed,"$151,800"
1070,Construction & Maintenance,Elevator Maintenance Contract #2069,Japan,Quantum Ventures K.K.,Internal - Finance Dept.,Renewal contingent on performance KPIs,26-มี.ค.-2026,26-มี.ค.-2026,03-ก.ย.-2027,Chloe M.,Vendor performance review scheduled,Renewed,"$1,180,700"
1071,Travel & Events,Event Management Services Contract #2070,Thailand,"Apex Logistics Co., Ltd.","Vanguard Networks Co., Ltd.","Auto-renew clause, 60 days notice required",10-ต.ค.-2023,10-ต.ค.-2023,29-พ.ย.-2024,Kanokwan J.,No issues reported this cycle,Expired/Not renewed,"$320,100"
1072,Travel & Events,Conference Venue Agreement #2071,France,Alliance Systems SAS,Internal - Procurement,Includes quarterly business review meetings,09-ก.ย.-2025,23-ก.ย.-2025,09-ก.พ.-2027,Hiroshi T.,-,Negotiation in progress,"$305,300"
1073,Construction & Maintenance,Building Renovation Contract #2072,South Korea,"Meridian Services Co., Ltd.","Apex Systems Co., Ltd.",Volume discount tier applies above threshold spend,30-ก.ค.-2021,06-ส.ค.-2021,24-ก.ค.-2025,Priya W.,Relationship manager reassigned this quarter,Expired/Not renewed,"$1,286,800"
1074,Fleet & Transportation,Fleet Maintenance Agreement #2073,France,Alliance Networks SAS,Internal - E-commerce,Includes quarterly business review meetings,09-ต.ค.-2026,09-ต.ค.-2026,29-เม.ย.-2028,Arjun D.,Relationship manager reassigned this quarter,Renewed,"$210,300"
1075,Travel & Events,Event Management Services Contract #2074,Cambodia,"Cascade Industries Co., Ltd.",Internal - Legal Dept.,Volume discount tier applies above threshold spend,03-มิ.ย.-2024,17-มิ.ย.-2024,30-ม.ค.-2027,Chloe F.,Relationship manager reassigned this quarter,Negotiation in progress,"$231,700"
1076,IT Services,IT Helpdesk & Support Contract #2075,Vietnam,Unity Holdings JSC,Vertex Solutions JSC,"Auto-renew clause, 30 days notice required",23-ต.ค.-2026,23-ต.ค.-2026,08-ต.ค.-2028,Siti B.,-,Renewed,"$295,400"
1077,Telecommunications,Satellite Communication Contract #2076,Malaysia,Lumen Consulting Sdn Bhd,Internal - IT Security,-,18-ก.ย.-2025,02-ต.ค.-2025,16-พ.ย.-2026,Emily D.,Flagged for cost optimization review,Upcoming renewal,"$362,500"
1078,IT Services,IT Helpdesk & Support Contract #2077,Vietnam,Lumen Ventures JSC,Nova Partners JSC,"Multi-year framework agreement, reviewed yearly",16-ก.ย.-2021,30-ก.ย.-2021,02-ก.ย.-2025,Budi O.,Relationship manager reassigned this quarter,Expired/Not renewed,"$1,864,600"
1079,Printing & Publishing,Corporate Printing Services Agreement #2078,United States,Anchor Solutions Inc.,Internal - IT Dept.,Service level agreement reviewed annually,28-ม.ค.-2024,04-ก.พ.-2024,20-พ.ย.-2026,Hiroshi S.,Alternative vendors being benchmarked,Upcoming renewal,"$135,000"
1080,Fleet & Transportation,Fleet Maintenance Agreement #2079,Vietnam,Nova Ventures JSC,Internal - IT Security,Exclusive regional distribution rights included,21-ก.พ.-2026,21-ก.พ.-2026,27-ส.ค.-2028,Anucha F.,Flagged for cost optimization review,Renewed,"$547,900"
1081,Cleaning & Facility,Office Facility Management Contract #2080,France,Vanguard Innovations SAS,Summit Systems SAS,Pricing subject to annual CPI adjustment,12-มิ.ย.-2026,26-มิ.ย.-2026,24-ธ.ค.-2027,Ahmed H.,-,Renewed,"$154,000"
1082,Travel & Events,Conference Venue Agreement #2081,Taiwan,"Metro Holdings Co., Ltd.",Internal - IT Security,Exclusive regional distribution rights included,18-ส.ค.-2026,25-ส.ค.-2026,31-มี.ค.-2028,David K.,Legal review in progress before renewal,Renewed,"$236,600"
1083,Logistics,Fleet Logistics Services Contract #2082,Myanmar,"Zenith Technologies Co., Ltd.","Atlas Ventures Co., Ltd.",Includes quarterly business review meetings,28-เม.ย.-2024,28-เม.ย.-2024,19-มิ.ย.-2025,Sarah I.,"Renewal quote received, under internal review",Expired/Not renewed,"$842,900"
1084,Training & Development,Corporate Training Program Agreement #2083,Thailand,"NorthStar Services Co., Ltd.",Internal - Legal Dept.,Service level agreement reviewed annually,28-ม.ค.-2021,28-ม.ค.-2021,09-พ.ค.-2024,Ahmed T.,Flagged for cost optimization review,Expired/Not renewed,"$167,400"
1085,Fleet & Transportation,Vehicle Leasing Agreement #2084,South Korea,"Cascade Ventures Co., Ltd.",Internal - E-commerce,Renewal contingent on performance KPIs,31-ก.ค.-2023,07-ส.ค.-2023,24-ต.ค.-2026,Piyawan N.,No issues reported this cycle,Upcoming renewal,"$153,200"
1086,Fleet & Transportation,Vehicle Leasing Agreement #2085,Vietnam,Delta Solutions JSC,Internal - Marketing Dept.,-,29-พ.ค.-2024,29-พ.ค.-2024,19-ต.ค.-2026,Priya C.,Scope extension being discussed with partner,Negotiation in progress,"$601,800"
1087,Manufacturing Supply,Raw Material Supply Agreement #2086,Malaysia,Crown Enterprises Sdn Bhd,Internal - HR Dept.,Volume discount tier applies above threshold spend,14-ก.พ.-2024,14-ก.พ.-2024,19-ก.ค.-2026,Laura F.,Budget approval pending for renewal,Expired/Not renewed,"$2,269,500"
1088,IT Services,Network Infrastructure Services #2087,Philippines,Orion Systems Inc.,Emerald Partners Inc.,Includes quarterly business review meetings,28-ส.ค.-2025,28-ส.ค.-2025,31-ต.ค.-2026,Budi W.,No issues reported this cycle,Upcoming renewal,"$1,766,800"
1089,Manufacturing Supply,Component Manufacturing Contract #2088,United Kingdom,Meridian Innovations Ltd.,Crest Consulting Ltd.,"Auto-renew clause, 60 days notice required",08-ก.ค.-2027,22-ก.ค.-2027,14-ต.ค.-2028,Hiroshi W.,Relationship manager reassigned this quarter,Renewed,"$2,210,100"
1090,Waste Management,Recycling Services Agreement #2089,Indonesia,Pacific Systems PT,Internal - Operations,Includes quarterly business review meetings,14-พ.ย.-2022,21-พ.ย.-2022,03-ธ.ค.-2024,Kanokwan H.,Alternative vendors being benchmarked,Expired/Not renewed,"$191,700"
1091,Real Estate & Leasing,Equipment Leasing Agreement #2090,Taiwan,"Trident Industries Co., Ltd.","Radiant Ventures Co., Ltd.",-,07-พ.ย.-2022,07-พ.ย.-2022,07-ส.ค.-2025,Ravi J.,Budget approval pending for renewal,Expired/Not renewed,"$1,670,300"
1092,Logistics,Customs Brokerage Agreement #2091,Malaysia,Alliance Partners Sdn Bhd,Evergreen Logistics Sdn Bhd,Includes 24/7 support SLA with penalty clauses,28-ม.ค.-2027,28-ม.ค.-2027,28-เม.ย.-2028,Yuki H.,Alternative vendors being benchmarked,Renewed,"$248,400"
1093,Logistics,Warehouse Lease & Operation Agreement #2092,South Korea,"Solace Ventures Co., Ltd.",Internal - Supply Chain,"Auto-renew clause, 60 days notice required",20-มิ.ย.-2024,20-มิ.ย.-2024,04-ธ.ค.-2026,Daniel E.,Relationship manager reassigned this quarter,Upcoming renewal,"$701,700"
1094,IT Services,Data Center Colocation Contract #2093,Singapore,Prime Technologies Pte Ltd,Nova Capital Pte Ltd,Renewal contingent on performance KPIs,02-ต.ค.-2023,02-ต.ค.-2023,08-พ.ย.-2026,Hiroshi F.,Alternative vendors being benchmarked,Upcoming renewal,"$1,981,000"
1095,Manufacturing Supply,OEM Production Agreement #2094,United Arab Emirates,Zenith Logistics LLC,Internal - HR Dept.,Includes 24/7 support SLA with penalty clauses,06-ม.ค.-2023,13-ม.ค.-2023,18-ต.ค.-2025,Wei A.,Budget approval pending for renewal,Expired/Not renewed,"$3,474,200"
1096,Waste Management,Waste Collection & Disposal Contract #2095,Thailand,"Pinnacle Dynamics Co., Ltd.","Nova Services Co., Ltd.",Pricing subject to annual CPI adjustment,17-มี.ค.-2023,17-มี.ค.-2023,03-ส.ค.-2026,Carlos R.,Alternative vendors being benchmarked,Expired/Not renewed,"$80,300"
1097,Software Licensing,Enterprise Software License (ERP) #2096,Indonesia,Evergreen Networks PT,Internal - Operations,"Auto-renew clause, 60 days notice required",02-ม.ค.-2026,02-ม.ค.-2026,12-ธ.ค.-2028,Kanokwan M.,Vendor performance review scheduled,Renewed,"$2,777,900"
1098,Security,CCTV Monitoring Agreement #2097,Malaysia,Evergreen Partners Sdn Bhd,Internal - Finance Dept.,"Auto-renew clause, 15 days notice required",03-ม.ค.-2024,17-ม.ค.-2024,25-ต.ค.-2026,Tanawat P.,"Renewal quote received, under internal review",Negotiation in progress,"$47,700"
1099,Security,Executive Protection Services #2098,China,"Pacific Consulting Co., Ltd.",Internal - E-commerce,Renewal contingent on performance KPIs,29-ต.ค.-2025,29-ต.ค.-2025,28-พ.ย.-2026,Nathan B.,Relationship manager reassigned this quarter,Upcoming renewal,"$245,200"
1100,Travel & Events,Event Management Services Contract #2099,Taiwan,"Vertex Enterprises Co., Ltd.","Evergreen Trading Co., Ltd.",Exclusive regional distribution rights included,05-ธ.ค.-2025,05-ธ.ค.-2025,26-พ.ค.-2028,Somchai I.,Vendor performance review scheduled,Renewed,"$259,100"
1101,Legal,Litigation Support Contract #2100,Philippines,Summit Enterprises Inc.,Internal - Admin Dept.,Renewal contingent on performance KPIs,14-ก.ย.-2025,28-ก.ย.-2025,26-พ.ย.-2028,Laura H.,Vendor performance review scheduled,Renewed,"$43,100"
1102,Financial Services,Treasury Management Contract #2101,China,"Granite Holdings Co., Ltd.",Internal - Marketing Dept.,Exclusive regional distribution rights included,24-ส.ค.-2025,24-ส.ค.-2025,28-พ.ย.-2026,Michael I.,Legal review in progress before renewal,Negotiation in progress,"$685,500"
1103,Financial Services,Corporate Banking Services Agreement #2102,India,Beacon Services Pvt. Ltd.,Quantum Consulting Pvt. Ltd.,Includes 24/7 support SLA with penalty clauses,29-มี.ค.-2024,12-เม.ย.-2024,17-พ.ย.-2026,James G.,"Renewal quote received, under internal review",Upcoming renewal,"$626,300"
1104,Training & Development,Leadership Development Engagement #2103,France,Vanguard Enterprises SAS,Internal - Operations,Includes 24/7 support SLA with penalty clauses,30-ส.ค.-2023,30-ส.ค.-2023,15-ต.ค.-2026,Wei P.,-,Upcoming renewal,"$247,700"
1105,Waste Management,Recycling Services Agreement #2104,Singapore,Meridian Ventures Pte Ltd,Apex Systems Pte Ltd,Service level agreement reviewed annually,09-ม.ค.-2024,23-ม.ค.-2024,18-พ.ย.-2026,Carlos B.,No issues reported this cycle,Negotiation in progress,"$155,900"
1106,HR & Payroll,Outsourced Payroll Processing Contract #2105,Australia,Crown Technologies Pty Ltd,Internal - Procurement,Exclusive regional distribution rights included,11-ม.ค.-2026,25-ม.ค.-2026,02-ก.ย.-2028,Wanida M.,Vendor performance review scheduled,Renewed,"$363,400"
1107,Telecommunications,Corporate Mobile Plan Agreement #2106,China,"Unity Trading Co., Ltd.",Internal - HR Dept.,"Multi-year framework agreement, reviewed yearly",09-พ.ค.-2023,16-พ.ค.-2023,27-ก.ย.-2024,Fatima S.,Flagged for cost optimization review,Expired/Not renewed,"$429,900"
1108,Legal,IP & Trademark Registration Services #2107,Thailand,"Sterling Industries Co., Ltd.",Internal - Marketing Dept.,Exclusive regional distribution rights included,08-ต.ค.-2024,22-ต.ค.-2024,21-ธ.ค.-2027,Siti R.,Flagged for cost optimization review,Renewed,"$347,200"
1109,Printing & Publishing,Annual Report Design & Print Contract #2108,Indonesia,Solace Logistics PT,Internal - Supply Chain,"Auto-renew clause, 15 days notice required",09-ก.พ.-2025,09-ก.พ.-2025,17-พ.ย.-2026,James P.,No issues reported this cycle,Upcoming renewal,"$78,500"
1110,Waste Management,Hazardous Waste Management Contract #2109,United Kingdom,Unity Holdings Ltd.,Internal - Admin Dept.,Volume discount tier applies above threshold spend,25-พ.ค.-2026,25-พ.ค.-2026,18-ก.ย.-2028,David T.,"Renewal quote received, under internal review",Renewed,"$174,700"
1111,Waste Management,Waste Collection & Disposal Contract #2110,United Arab Emirates,Prime Ventures LLC,BlueSky Enterprises LLC,Volume discount tier applies above threshold spend,29-พ.ย.-2025,29-พ.ย.-2025,07-พ.ย.-2027,Suchada T.,Vendor performance review scheduled,Renewed,"$45,100"
1112,HR & Payroll,HR Systems Implementation Contract #2111,Philippines,Global Solutions Inc.,Internal - E-commerce,-,19-ก.ค.-2025,02-ส.ค.-2025,02-ต.ค.-2026,Siti N.,Relationship manager reassigned this quarter,Negotiation in progress,"$338,900"
1113,Software Licensing,Business Intelligence Platform License #2112,Malaysia,Global Consulting Sdn Bhd,Quantum Trading Sdn Bhd,Volume discount tier applies above threshold spend,08-มี.ค.-2024,08-มี.ค.-2024,21-ต.ค.-2026,Anucha J.,Flagged for cost optimization review,Upcoming renewal,"$1,958,400"
1114,Logistics,Warehouse Lease & Operation Agreement #2113,United Arab Emirates,Cascade Networks LLC,Onyx Partners LLC,"Multi-year framework agreement, reviewed yearly",18-ก.พ.-2026,18-ก.พ.-2026,26-พ.ย.-2028,Michael J.,Relationship manager reassigned this quarter,Renewed,"$111,000"
1115,Software Licensing,Business Intelligence Platform License #2114,Philippines,Global Trading Inc.,Cascade Services Inc.,Exclusive regional distribution rights included,17-เม.ย.-2023,24-เม.ย.-2023,02-ต.ค.-2026,Ravi C.,Legal review in progress before renewal,Negotiation in progress,"$2,918,000"
1116,Marketing,Digital Marketing Retainer #2115,Vietnam,Global Ventures JSC,Nova Consulting JSC,-,24-ม.ค.-2024,24-ม.ค.-2024,17-พ.ย.-2026,David J.,No issues reported this cycle,Upcoming renewal,"$371,000"
1117,Travel & Events,Corporate Travel Management Agreement #2116,Singapore,Ivory Solutions Pte Ltd,Internal - E-commerce,-,10-เม.ย.-2026,17-เม.ย.-2026,30-ม.ค.-2028,Chloe N.,No issues reported this cycle,Renewed,"$218,400"
1118,Software Licensing,Business Intelligence Platform License #2117,Philippines,Atlas Dynamics Inc.,Ivory Industries Inc.,"Auto-renew clause, 45 days notice required",30-พ.ค.-2025,13-มิ.ย.-2025,02-มี.ค.-2029,Budi P.,No issues reported this cycle,Renewed,"$241,100"
1119,Manufacturing Supply,Packaging Supply Contract #2118,Philippines,Orion Dynamics Inc.,Pinnacle Dynamics Inc.,Pricing subject to annual CPI adjustment,01-เม.ย.-2025,01-เม.ย.-2025,26-ก.ย.-2026,Nattapong W.,Flagged for cost optimization review,Negotiation in progress,"$1,783,300"
1120,Fleet & Transportation,Fleet Maintenance Agreement #2119,Taiwan,"Evergreen Ventures Co., Ltd.",Internal - Marketing Dept.,Renewal contingent on performance KPIs,23-พ.ค.-2025,30-พ.ค.-2025,26-ต.ค.-2026,Somchai T.,"Renewal quote received, under internal review",Negotiation in progress,"$337,900"
1121,Training & Development,E-Learning Platform License #2120,United Arab Emirates,Beacon Technologies LLC,Vertex Innovations LLC,Renewal contingent on performance KPIs,03-มี.ค.-2025,17-มี.ค.-2025,30-ก.ย.-2026,Nathan W.,Legal review in progress before renewal,Upcoming renewal,"$205,200"
1122,Marketing,Brand Campaign Agreement #2121,Myanmar,"Radiant Ventures Co., Ltd.","Delta Systems Co., Ltd.",Includes 24/7 support SLA with penalty clauses,06-ก.ย.-2025,20-ก.ย.-2025,04-ส.ค.-2028,Wei E.,Legal review in progress before renewal,Renewed,"$537,100"
1123,Financial Services,Payment Gateway Services Agreement #2122,China,"Vertex Group Co., Ltd.","Falcon Technologies Co., Ltd.",Service level agreement reviewed annually,15-พ.ค.-2025,15-พ.ค.-2025,28-ม.ค.-2027,Ploy B.,Budget approval pending for renewal,Negotiation in progress,"$849,600"
1124,Travel & Events,Conference Venue Agreement #2123,Thailand,"Pinnacle Solutions Co., Ltd.","Summit Consulting Co., Ltd.",Includes 24/7 support SLA with penalty clauses,31-พ.ค.-2022,31-พ.ค.-2022,16-ก.ย.-2025,Grace H.,Scope extension being discussed with partner,Expired/Not renewed,"$380,700"
1125,Cleaning & Facility,Facility Maintenance Contract #2124,China,"Crest Holdings Co., Ltd.",Internal - E-commerce,Includes quarterly business review meetings,09-ธ.ค.-2022,23-ธ.ค.-2022,22-พ.ย.-2026,Minji A.,Scope extension being discussed with partner,Upcoming renewal,"$72,100"
1126,Marketing,Influencer Partnership Contract #2125,Indonesia,Zenith Consulting PT,Internal - E-commerce,Pricing subject to annual CPI adjustment,07-ก.ค.-2025,07-ก.ค.-2025,04-พ.ย.-2026,Somchai P.,No issues reported this cycle,Upcoming renewal,"$122,200"
1127,Security,Physical Security & Guard Services #2126,France,Pacific Consulting SAS,Internal - HR Dept.,"Auto-renew clause, 15 days notice required",10-ก.ย.-2025,24-ก.ย.-2025,11-ม.ค.-2027,Piyawan L.,Relationship manager reassigned this quarter,Negotiation in progress,"$81,000"
1128,Marketing,Influencer Partnership Contract #2127,Germany,Radiant Services GmbH,Global Innovations GmbH,Service level agreement reviewed annually,18-เม.ย.-2025,18-เม.ย.-2025,17-ก.พ.-2028,Anucha R.,Flagged for cost optimization review,Renewed,"$219,800"
1129,Training & Development,Corporate Training Program Agreement #2128,Germany,Radiant Enterprises GmbH,Zenith Trading GmbH,Volume discount tier applies above threshold spend,09-พ.ย.-2022,16-พ.ย.-2022,09-ก.ค.-2024,Hiroshi I.,Flagged for cost optimization review,Expired/Not renewed,"$252,500"
1130,Cleaning & Facility,Office Facility Management Contract #2129,United Arab Emirates,Quantum Technologies LLC,Horizon Enterprises LLC,Exclusive regional distribution rights included,27-ต.ค.-2023,10-พ.ย.-2023,30-ต.ค.-2026,Piyawan I.,Vendor performance review scheduled,Negotiation in progress,"$235,800"
1131,Marketing,Influencer Partnership Contract #2130,France,Titan Enterprises SAS,Orion Dynamics SAS,Includes quarterly business review meetings,06-พ.ย.-2022,20-พ.ย.-2022,30-มี.ค.-2026,Sarah K.,Alternative vendors being benchmarked,Expired/Not renewed,"$73,200"
1132,Logistics,Last-Mile Delivery Partnership #2131,Germany,Anchor Enterprises GmbH,Internal - Admin Dept.,"Multi-year framework agreement, reviewed yearly",02-ก.พ.-2026,02-ก.พ.-2026,15-ต.ค.-2028,Priya S.,Legal review in progress before renewal,Renewed,"$606,400"
1133,Software Licensing,Business Intelligence Platform License #2132,Indonesia,Lumen Logistics PT,Internal - IT Dept.,Pricing subject to annual CPI adjustment,27-เม.ย.-2025,04-พ.ค.-2025,10-พ.ค.-2028,Ravi I.,Budget approval pending for renewal,Renewed,"$1,869,100"
1134,Software Licensing,Cybersecurity Software License #2133,Philippines,Silverline Holdings Inc.,Global Logistics Inc.,-,17-มี.ค.-2024,17-มี.ค.-2024,10-ธ.ค.-2026,Michael D.,Scope extension being discussed with partner,Upcoming renewal,"$2,006,600"
1135,Legal,Regulatory Filing Services #2134,Vietnam,Pacific Dynamics JSC,Atlas Group JSC,Service level agreement reviewed annually,01-มิ.ย.-2023,08-มิ.ย.-2023,05-ธ.ค.-2026,Nattapong E.,-,Negotiation in progress,"$46,600"
1136,Software Licensing,Enterprise Software License (ERP) #2135,Myanmar,"Orion Industries Co., Ltd.",Internal - Operations,Pricing subject to annual CPI adjustment,17-ม.ค.-2023,17-ม.ค.-2023,19-ต.ค.-2024,Aiko A.,Budget approval pending for renewal,Expired/Not renewed,"$1,327,300"
1137,Logistics,Last-Mile Delivery Partnership #2136,Thailand,"BlueSky Networks Co., Ltd.","Summit Consulting Co., Ltd.",-,13-พ.ย.-2023,27-พ.ย.-2023,06-พ.ย.-2026,Budi K.,-,Negotiation in progress,"$504,400"
1138,Training & Development,Leadership Development Engagement #2137,India,Apex Innovations Pvt. Ltd.,Internal - Finance Dept.,-,10-ก.ค.-2027,10-ก.ค.-2027,18-ต.ค.-2028,Carlos E.,-,Renewed,"$215,400"
1139,HR & Payroll,Employee Benefits Administration #2138,Vietnam,Summit Solutions JSC,Titan Enterprises JSC,Service level agreement reviewed annually,20-มี.ค.-2027,20-มี.ค.-2027,16-พ.ย.-2028,Somchai G.,Scope extension being discussed with partner,Renewed,"$121,800"
1140,Manufacturing Supply,OEM Production Agreement #2139,Singapore,Granite Technologies Pte Ltd,Internal - E-commerce,"Multi-year framework agreement, reviewed yearly",18-ก.ย.-2023,02-ต.ค.-2023,22-ก.ย.-2025,Kanokwan H.,No issues reported this cycle,Expired/Not renewed,"$1,500,800"
1141,Construction & Maintenance,Building Renovation Contract #2140,Indonesia,Apex Trading PT,Internal - IT Dept.,Exclusive regional distribution rights included,21-ต.ค.-2027,21-ต.ค.-2027,15-พ.ย.-2028,Daniel P.,-,Renewed,"$810,600"
1142,Marketing,Brand Campaign Agreement #2141,Taiwan,"Atlas Dynamics Co., Ltd.",Internal - IT Dept.,Includes quarterly business review meetings,03-ส.ค.-2024,03-ส.ค.-2024,23-ต.ค.-2026,Tanawat R.,No issues reported this cycle,Negotiation in progress,"$521,800"
1143,Financial Services,Audit & Assurance Engagement #2142,South Korea,"Prime Solutions Co., Ltd.",Internal - Finance Dept.,Volume discount tier applies above threshold spend,21-ธ.ค.-2024,21-ธ.ค.-2024,15-พ.ย.-2026,Wei K.,Scope extension being discussed with partner,Negotiation in progress,"$833,600"
1144,Software Licensing,Enterprise Software License (ERP) #2143,Australia,Unity Partners Pty Ltd,Evergreen Technologies Pty Ltd,Service level agreement reviewed annually,05-ก.ย.-2024,19-ก.ย.-2024,06-ต.ค.-2026,Siti S.,Scope extension being discussed with partner,Negotiation in progress,"$2,114,800"
1145,Insurance,Group Health Insurance Policy #2144,Australia,Pacific Consulting Pty Ltd,Internal - IT Dept.,"Auto-renew clause, 30 days notice required",15-พ.ค.-2023,29-พ.ค.-2023,22-ก.ย.-2026,Daniel B.,"Renewal quote received, under internal review",Negotiation in progress,"$402,300"
1146,Marketing,Media Buying Agreement #2145,United Kingdom,Vanguard Dynamics Ltd.,Internal - Legal Dept.,-,05-มี.ค.-2022,05-มี.ค.-2022,24-ก.ย.-2025,Somchai J.,Flagged for cost optimization review,Expired/Not renewed,"$683,700"
1147,Training & Development,Leadership Development Engagement #2146,Australia,Pinnacle Holdings Pty Ltd,Internal - Corporate Affairs,Service level agreement reviewed annually,11-มิ.ย.-2024,11-มิ.ย.-2024,26-ก.ย.-2026,Chloe J.,Vendor performance review scheduled,Upcoming renewal,"$131,500"
1148,Training & Development,E-Learning Platform License #2147,United States,Falcon Capital Inc.,Internal - Operations,Pricing subject to annual CPI adjustment,02-ส.ค.-2026,09-ส.ค.-2026,11-ส.ค.-2027,Siti A.,Scope extension being discussed with partner,Renewed,"$43,200"
1149,Waste Management,Waste Collection & Disposal Contract #2148,Thailand,"Evergreen Enterprises Co., Ltd.",Internal - Legal Dept.,Includes 24/7 support SLA with penalty clauses,10-พ.ค.-2025,24-พ.ค.-2025,02-ก.พ.-2027,Wei C.,Budget approval pending for renewal,Negotiation in progress,"$176,100"
1150,Fleet & Transportation,Vehicle Leasing Agreement #2149,Malaysia,Delta Group Sdn Bhd,Granite Networks Sdn Bhd,Includes 24/7 support SLA with penalty clauses,10-ก.ย.-2024,24-ก.ย.-2024,26-มิ.ย.-2027,Yuki K.,"Renewal quote received, under internal review",Renewed,"$679,700"
1151,Software Licensing,Business Intelligence Platform License #2150,Taiwan,"Ivory Logistics Co., Ltd.","Bright Industries Co., Ltd.",Includes 24/7 support SLA with penalty clauses,28-พ.ค.-2026,11-มิ.ย.-2026,22-เม.ย.-2028,Fatima C.,Flagged for cost optimization review,Renewed,"$2,728,100"
1152,Telecommunications,Internet Leased Line Contract #2151,Australia,Nova Logistics Pty Ltd,Granite Partners Pty Ltd,Service level agreement reviewed annually,19-ก.ค.-2024,02-ส.ค.-2024,13-ต.ค.-2026,Tanawat F.,Vendor performance review scheduled,Upcoming renewal,"$220,300"
1153,Cleaning & Facility,Facility Maintenance Contract #2152,Singapore,Unity Consulting Pte Ltd,Internal - Finance Dept.,Pricing subject to annual CPI adjustment,26-เม.ย.-2020,26-เม.ย.-2020,04-เม.ย.-2024,Fatima E.,No issues reported this cycle,Expired/Not renewed,"$32,500"
1154,Consulting,Strategy Advisory Retainer #2153,Thailand,"Vertex Solutions Co., Ltd.",Internal - IT Security,Service level agreement reviewed annually,19-พ.ย.-2022,19-พ.ย.-2022,19-ก.ย.-2024,Suchada I.,Relationship manager reassigned this quarter,Expired/Not renewed,"$1,028,800"
1155,Financial Services,Corporate Banking Services Agreement #2154,Indonesia,Pacific Industries PT,Internal - Admin Dept.,"Multi-year framework agreement, reviewed yearly",22-ก.ค.-2025,29-ก.ค.-2025,02-พ.ย.-2026,James R.,-,Upcoming renewal,"$275,900"
1156,Financial Services,Audit & Assurance Engagement #2155,Myanmar,"Crown Dynamics Co., Ltd.",Internal - Supply Chain,-,25-มี.ค.-2026,25-มี.ค.-2026,17-ส.ค.-2027,Kanokwan W.,Alternative vendors being benchmarked,Renewed,"$662,200"
1157,Marketing,Media Buying Agreement #2156,United Arab Emirates,Nova Ventures LLC,Apex Holdings LLC,Renewal contingent on performance KPIs,11-ก.พ.-2024,11-ก.พ.-2024,03-ส.ค.-2026,Fatima D.,"Renewal quote received, under internal review",Expired/Not renewed,"$761,100"
1158,Real Estate & Leasing,Office Space Lease Agreement #2157,United Kingdom,Vanguard Holdings Ltd.,Internal - Marketing Dept.,Pricing subject to annual CPI adjustment,08-พ.ค.-2027,08-พ.ค.-2027,29-ส.ค.-2028,Budi N.,Alternative vendors being benchmarked,Renewed,"$2,059,000"
1159,Training & Development,Leadership Development Engagement #2158,Singapore,Atlas Industries Pte Ltd,NorthStar Consulting Pte Ltd,"Auto-renew clause, 60 days notice required",29-เม.ย.-2024,29-เม.ย.-2024,07-ธ.ค.-2026,Grace L.,Alternative vendors being benchmarked,Negotiation in progress,"$97,100"
1160,Software Licensing,Cybersecurity Software License #2159,Japan,Nova Enterprises K.K.,Pinnacle Networks K.K.,Service level agreement reviewed annually,10-พ.ค.-2026,17-พ.ค.-2026,23-เม.ย.-2028,Somchai J.,Vendor performance review scheduled,Renewed,"$589,600"
1161,Manufacturing Supply,Packaging Supply Contract #2160,Malaysia,Horizon Technologies Sdn Bhd,Unity Enterprises Sdn Bhd,Volume discount tier applies above threshold spend,26-เม.ย.-2022,26-เม.ย.-2022,10-ก.พ.-2025,James K.,Flagged for cost optimization review,Expired/Not renewed,"$2,726,700"
1162,Logistics,Warehouse Lease & Operation Agreement #2161,Taiwan,"Emerald Group Co., Ltd.","Zenith Partners Co., Ltd.",Renewal contingent on performance KPIs,22-ก.ย.-2025,22-ก.ย.-2025,08-พ.ย.-2028,Priya C.,Scope extension being discussed with partner,Renewed,"$436,100"
1163,Cleaning & Facility,Janitorial Services Agreement #2162,India,Beacon Holdings Pvt. Ltd.,Summit Trading Pvt. Ltd.,Pricing subject to annual CPI adjustment,01-ก.ย.-2025,01-ก.ย.-2025,11-พ.ย.-2026,David H.,Relationship manager reassigned this quarter,Negotiation in progress,"$36,400"
1164,Software Licensing,Business Intelligence Platform License #2163,Thailand,"Orion Systems Co., Ltd.",Internal - Finance Dept.,Includes quarterly business review meetings,02-ต.ค.-2023,16-ต.ค.-2023,15-ม.ค.-2027,Minji P.,Scope extension being discussed with partner,Negotiation in progress,"$2,143,500"
1165,Financial Services,Audit & Assurance Engagement #2164,South Korea,"Delta Trading Co., Ltd.",Internal - Operations,Includes quarterly business review meetings,22-มี.ค.-2024,29-มี.ค.-2024,06-ส.ค.-2025,Nathan W.,"Renewal quote received, under internal review",Expired/Not renewed,"$232,400"
1166,Security,Physical Security & Guard Services #2165,Australia,Titan Trading Pty Ltd,Internal - Procurement,Service level agreement reviewed annually,18-ธ.ค.-2021,18-ธ.ค.-2021,23-ต.ค.-2025,Laura W.,No issues reported this cycle,Expired/Not renewed,"$410,200"
1167,Cleaning & Facility,Janitorial Services Agreement #2166,Australia,Orion Ventures Pty Ltd,Internal - Finance Dept.,-,20-ม.ค.-2025,20-ม.ค.-2025,26-ต.ค.-2026,Budi H.,Legal review in progress before renewal,Upcoming renewal,"$135,100"
1168,Security,Executive Protection Services #2167,United Kingdom,Alliance Technologies Ltd.,Internal - IT Security,Pricing subject to annual CPI adjustment,25-พ.ย.-2022,25-พ.ย.-2022,24-มี.ค.-2026,Carlos H.,Scope extension being discussed with partner,Expired/Not renewed,"$161,000"
1169,Logistics,Warehouse Lease & Operation Agreement #2168,France,Pinnacle Networks SAS,Internal - Finance Dept.,Pricing subject to annual CPI adjustment,31-มี.ค.-2025,07-เม.ย.-2025,12-ธ.ค.-2026,Kanokwan A.,Vendor performance review scheduled,Upcoming renewal,"$1,695,300"
1170,Legal,Compliance Advisory Agreement #2169,Vietnam,Orion Dynamics JSC,Internal - E-commerce,Renewal contingent on performance KPIs,29-พ.ย.-2024,06-ธ.ค.-2024,01-ธ.ค.-2026,Michael F.,Legal review in progress before renewal,Negotiation in progress,"$535,200"
1171,Telecommunications,Internet Leased Line Contract #2170,United Arab Emirates,Summit Group LLC,Internal - IT Security,Includes 24/7 support SLA with penalty clauses,21-พ.ค.-2026,21-พ.ค.-2026,18-มี.ค.-2028,Nattapong R.,Vendor performance review scheduled,Renewed,"$635,400"
1172,Fleet & Transportation,Corporate Shuttle Service Contract #2171,Germany,Vanguard Services GmbH,Internal - Admin Dept.,Includes 24/7 support SLA with penalty clauses,03-ก.ค.-2025,03-ก.ค.-2025,06-ต.ค.-2026,Somchai D.,"Renewal quote received, under internal review",Negotiation in progress,"$737,500"
1173,IT Services,Cloud Hosting Agreement #2172,United States,Sterling Capital Inc.,Apex Logistics Inc.,Pricing subject to annual CPI adjustment,14-มิ.ย.-2024,14-มิ.ย.-2024,03-มี.ค.-2026,Emily P.,Scope extension being discussed with partner,Expired/Not renewed,"$828,200"
1174,Legal,Corporate Legal Advisory Retainer #2173,Germany,Prime Technologies GmbH,Internal - Corporate Affairs,"Auto-renew clause, 30 days notice required",06-ก.ค.-2027,13-ก.ค.-2027,05-ม.ค.-2029,Fatima M.,"Renewal quote received, under internal review",Renewed,"$596,200"
1175,Consulting,Change Management Engagement #2174,United Kingdom,Trident Trading Ltd.,Internal - Legal Dept.,Pricing subject to annual CPI adjustment,23-ม.ค.-2024,23-ม.ค.-2024,11-ต.ค.-2027,Aiko A.,Budget approval pending for renewal,Renewed,"$439,000"
1176,Consulting,Change Management Engagement #2175,South Korea,"NorthStar Holdings Co., Ltd.",Internal - Procurement,Includes 24/7 support SLA with penalty clauses,05-ธ.ค.-2024,05-ธ.ค.-2024,26-พ.ย.-2026,David W.,Budget approval pending for renewal,Upcoming renewal,"$373,300"
1177,HR & Payroll,Employee Benefits Administration #2176,Indonesia,Crown Networks PT,Internal - E-commerce,Exclusive regional distribution rights included,08-มี.ค.-2023,08-มี.ค.-2023,03-ต.ค.-2026,Piyawan P.,Relationship manager reassigned this quarter,Negotiation in progress,"$211,900"
1178,Legal,Corporate Legal Advisory Retainer #2177,Hong Kong,BlueSky Enterprises Ltd.,Internal - Marketing Dept.,Renewal contingent on performance KPIs,25-ก.ย.-2023,09-ต.ค.-2023,03-ต.ค.-2026,Ploy D.,Vendor performance review scheduled,Upcoming renewal,"$145,000"
1179,Marketing,Creative & Branding Services #2178,United Arab Emirates,Delta Systems LLC,Internal - Operations,"Multi-year framework agreement, reviewed yearly",04-มี.ค.-2025,04-มี.ค.-2025,27-พ.ย.-2026,Tanawat G.,Vendor performance review scheduled,Negotiation in progress,"$204,600"
1180,Security,Access Control System Contract #2179,Hong Kong,Prime Group Ltd.,Titan Systems Ltd.,Pricing subject to annual CPI adjustment,27-พ.ค.-2022,27-พ.ค.-2022,06-เม.ย.-2024,Ahmed S.,-,Expired/Not renewed,"$101,600"
1181,Software Licensing,Enterprise Software License (ERP) #2180,Philippines,Trident Services Inc.,Internal - IT Security,Volume discount tier applies above threshold spend,16-มี.ค.-2021,16-มี.ค.-2021,20-พ.ย.-2024,Nathan H.,-,Expired/Not renewed,"$223,300"
1182,Telecommunications,Corporate Mobile Plan Agreement #2181,United Kingdom,Emerald Systems Ltd.,Internal - Admin Dept.,Pricing subject to annual CPI adjustment,28-พ.ค.-2024,28-พ.ค.-2024,11-ก.พ.-2027,Ploy K.,-,Negotiation in progress,"$464,200"
1183,Marketing,Media Buying Agreement #2182,South Korea,"Atlas Holdings Co., Ltd.",Internal - IT Dept.,Includes quarterly business review meetings,27-ธ.ค.-2023,03-ม.ค.-2024,20-ม.ค.-2027,Arjun M.,-,Negotiation in progress,"$75,700"
1184,Financial Services,Corporate Banking Services Agreement #2183,Australia,Unity Consulting Pty Ltd,Meridian Trading Pty Ltd,"Auto-renew clause, 90 days notice required",02-ม.ค.-2024,02-ม.ค.-2024,02-ธ.ค.-2026,Chloe I.,"Renewal quote received, under internal review",Upcoming renewal,"$445,400"
1185,Fleet & Transportation,Fleet Maintenance Agreement #2184,United Kingdom,Radiant Enterprises Ltd.,Internal - Finance Dept.,"Auto-renew clause, 45 days notice required",29-ต.ค.-2022,29-ต.ค.-2022,02-ก.ค.-2026,Ploy L.,Vendor performance review scheduled,Expired/Not renewed,"$733,900"
1186,Manufacturing Supply,Packaging Supply Contract #2185,Philippines,Global Consulting Inc.,Internal - IT Security,"Multi-year framework agreement, reviewed yearly",01-ก.ย.-2025,01-ก.ย.-2025,04-ก.ค.-2027,Kanokwan E.,Scope extension being discussed with partner,Renewed,"$385,800"
1187,Manufacturing Supply,Packaging Supply Contract #2186,Myanmar,"Vanguard Dynamics Co., Ltd.",Internal - IT Security,Exclusive regional distribution rights included,23-ม.ค.-2025,23-ม.ค.-2025,20-ก.ย.-2028,Grace B.,Relationship manager reassigned this quarter,Renewed,"$389,400"
1188,HR & Payroll,HR Systems Implementation Contract #2187,Vietnam,Solace Holdings JSC,Internal - IT Security,Renewal contingent on performance KPIs,15-ก.ย.-2020,29-ก.ย.-2020,19-ก.ย.-2024,Nattapong O.,Budget approval pending for renewal,Expired/Not renewed,"$254,300"
1189,HR & Payroll,Outsourced Payroll Processing Contract #2188,Japan,Pinnacle Technologies K.K.,Internal - Corporate Affairs,Service level agreement reviewed annually,31-ต.ค.-2022,14-พ.ย.-2022,28-ก.ย.-2026,Nathan K.,"Renewal quote received, under internal review",Negotiation in progress,"$260,200"
1190,Cleaning & Facility,Office Facility Management Contract #2189,Singapore,BlueSky Group Pte Ltd,Internal - Supply Chain,Includes quarterly business review meetings,14-เม.ย.-2023,28-เม.ย.-2023,27-พ.ย.-2025,Ahmed P.,-,Expired/Not renewed,"$227,600"
1191,Logistics,Last-Mile Delivery Partnership #2190,Thailand,"Vertex Networks Co., Ltd.","Beacon Ventures Co., Ltd.",Includes 24/7 support SLA with penalty clauses,03-ก.ย.-2024,10-ก.ย.-2024,22-มิ.ย.-2028,Priya S.,Relationship manager reassigned this quarter,Renewed,"$571,100"
1192,Insurance,Cyber Liability Insurance Policy #2191,Vietnam,Zenith Enterprises JSC,Internal - Supply Chain,Pricing subject to annual CPI adjustment,06-มิ.ย.-2025,13-มิ.ย.-2025,30-ก.ค.-2026,Piyawan I.,Relationship manager reassigned this quarter,Expired/Not renewed,"$389,100"
1193,Consulting,Strategy Advisory Retainer #2192,Singapore,Radiant Ventures Pte Ltd,Pinnacle Networks Pte Ltd,Exclusive regional distribution rights included,09-ธ.ค.-2023,09-ธ.ค.-2023,11-ธ.ค.-2026,Siti O.,Budget approval pending for renewal,Upcoming renewal,"$700,400"
1194,Consulting,Digital Transformation Consulting #2193,Singapore,Orion Dynamics Pte Ltd,Evergreen Trading Pte Ltd,"Multi-year framework agreement, reviewed yearly",27-มี.ค.-2025,27-มี.ค.-2025,20-ก.ค.-2028,Budi F.,Budget approval pending for renewal,Renewed,"$534,800"
1195,Real Estate & Leasing,Retail Unit Lease Contract #2194,India,Ivory Services Pvt. Ltd.,Internal - Supply Chain,Includes quarterly business review meetings,26-มิ.ย.-2024,26-มิ.ย.-2024,14-ธ.ค.-2026,Daniel N.,"Renewal quote received, under internal review",Negotiation in progress,"$3,739,400"
1196,Insurance,Property & Casualty Insurance Contract #2195,Myanmar,"Alliance Ventures Co., Ltd.",Internal - Corporate Affairs,Includes quarterly business review meetings,10-มิ.ย.-2024,10-มิ.ย.-2024,14-ม.ค.-2027,Sarah I.,Legal review in progress before renewal,Negotiation in progress,"$875,100"
1197,IT Services,Data Center Colocation Contract #2196,Hong Kong,Onyx Holdings Ltd.,Internal - IT Dept.,Renewal contingent on performance KPIs,12-เม.ย.-2025,12-เม.ย.-2025,13-ธ.ค.-2028,Laura R.,No issues reported this cycle,Renewed,"$2,471,800"
1198,Telecommunications,Satellite Communication Contract #2197,Malaysia,Metro Holdings Sdn Bhd,Internal - IT Dept.,Includes quarterly business review meetings,23-พ.ย.-2023,23-พ.ย.-2023,30-ก.ค.-2027,James B.,Budget approval pending for renewal,Renewed,"$345,700"
1199,Consulting,Strategy Advisory Retainer #2198,India,Zenith Trading Pvt. Ltd.,Internal - Corporate Affairs,Includes quarterly business review meetings,22-ม.ค.-2024,22-ม.ค.-2024,01-ต.ค.-2026,James B.,"Renewal quote received, under internal review",Negotiation in progress,"$697,400"
1200,Cleaning & Facility,Office Facility Management Contract #2199,Myanmar,"Crown Logistics Co., Ltd.","NorthStar Trading Co., Ltd.",Renewal contingent on performance KPIs,28-ก.พ.-2024,06-มี.ค.-2024,17-ม.ค.-2027,James D.,Alternative vendors being benchmarked,Negotiation in progress,"$303,900"
1201,Consulting,Business Process Improvement Engagement #2200,Australia,Radiant Services Pty Ltd,Internal - Finance Dept.,Pricing subject to annual CPI adjustment,26-ก.ย.-2022,26-ก.ย.-2022,16-ธ.ค.-2024,Chloe C.,Legal review in progress before renewal,Expired/Not renewed,"$342,900"
1202,Consulting,Business Process Improvement Engagement #2201,China,"Sterling Ventures Co., Ltd.",Internal - Marketing Dept.,"Multi-year framework agreement, reviewed yearly",30-มี.ค.-2025,30-มี.ค.-2025,23-พ.ค.-2027,David S.,Vendor performance review scheduled,Renewed,"$1,072,700"
1203,Cleaning & Facility,Janitorial Services Agreement #2202,Singapore,Metro Enterprises Pte Ltd,Internal - Operations,Includes 24/7 support SLA with penalty clauses,10-ก.ย.-2025,10-ก.ย.-2025,18-ต.ค.-2026,Hiroshi N.,Alternative vendors being benchmarked,Negotiation in progress,"$88,900"
1204,Printing & Publishing,Annual Report Design & Print Contract #2203,United Kingdom,Lumen Solutions Ltd.,Internal - IT Security,Volume discount tier applies above threshold spend,27-เม.ย.-2024,27-เม.ย.-2024,07-ส.ค.-2025,Emily T.,Relationship manager reassigned this quarter,Expired/Not renewed,"$177,800"
1205,Insurance,Cargo Insurance Agreement #2204,Vietnam,Beacon Systems JSC,Internal - IT Dept.,Renewal contingent on performance KPIs,01-ต.ค.-2023,01-ต.ค.-2023,20-ต.ค.-2026,Fatima K.,Legal review in progress before renewal,Upcoming renewal,"$270,200"
1206,Manufacturing Supply,Component Manufacturing Contract #2205,United Kingdom,Bright Holdings Ltd.,Internal - Supply Chain,Service level agreement reviewed annually,19-มิ.ย.-2024,19-มิ.ย.-2024,10-ต.ค.-2026,Carlos G.,Alternative vendors being benchmarked,Upcoming renewal,"$631,500"
1207,Fleet & Transportation,Vehicle Leasing Agreement #2206,Malaysia,Silverline Enterprises Sdn Bhd,Crown Solutions Sdn Bhd,Exclusive regional distribution rights included,11-ก.พ.-2027,11-ก.พ.-2027,28-มิ.ย.-2028,Carlos I.,Budget approval pending for renewal,Renewed,"$609,900"
1208,IT Services,Network Infrastructure Services #2207,France,Delta Partners SAS,Trident Trading SAS,Service level agreement reviewed annually,15-พ.ย.-2023,15-พ.ย.-2023,12-ธ.ค.-2026,Sarah B.,No issues reported this cycle,Upcoming renewal,"$215,600"
1209,Waste Management,Recycling Services Agreement #2208,China,"Emerald Holdings Co., Ltd.",Internal - Admin Dept.,-,04-เม.ย.-2023,04-เม.ย.-2023,28-ต.ค.-2026,James B.,"Renewal quote received, under internal review",Upcoming renewal,"$284,500"
1210,Training & Development,Corporate Training Program Agreement #2209,Philippines,BlueSky Partners Inc.,Internal - Supply Chain,Includes 24/7 support SLA with penalty clauses,08-พ.ค.-2022,08-พ.ค.-2022,10-ธ.ค.-2025,Ravi N.,Budget approval pending for renewal,Expired/Not renewed,"$251,200"
1211,Telecommunications,VoIP Services Agreement #2210,Germany,Pacific Holdings GmbH,Summit Ventures GmbH,Pricing subject to annual CPI adjustment,21-ก.ค.-2023,28-ก.ค.-2023,07-มิ.ย.-2025,David S.,"Renewal quote received, under internal review",Expired/Not renewed,"$447,700"
1212,Security,CCTV Monitoring Agreement #2211,Indonesia,Sterling Logistics PT,Radiant Services PT,Includes 24/7 support SLA with penalty clauses,22-ม.ค.-2023,22-ม.ค.-2023,25-พ.ย.-2026,Grace S.,Scope extension being discussed with partner,Negotiation in progress,"$474,400"
1213,Training & Development,Corporate Training Program Agreement #2212,Cambodia,"Meridian Holdings Co., Ltd.",Internal - Marketing Dept.,Renewal contingent on performance KPIs,18-มิ.ย.-2027,18-มิ.ย.-2027,10-ก.ย.-2028,Suchada D.,No issues reported this cycle,Renewed,"$212,100"
1214,Logistics,Freight Forwarding Contract #2213,Vietnam,Beacon Logistics JSC,Emerald Technologies JSC,Pricing subject to annual CPI adjustment,07-พ.ค.-2024,07-พ.ค.-2024,04-ต.ค.-2026,David W.,Relationship manager reassigned this quarter,Upcoming renewal,"$361,900"
1215,Legal,IP & Trademark Registration Services #2214,Philippines,Evergreen Partners Inc.,Atlas Systems Inc.,Service level agreement reviewed annually,06-ส.ค.-2026,06-ส.ค.-2026,18-ก.ย.-2027,David S.,"Renewal quote received, under internal review",Renewed,"$516,400"
1216,Software Licensing,CRM Platform Subscription Agreement #2215,Philippines,Atlas Services Inc.,Unity Ventures Inc.,Includes 24/7 support SLA with penalty clauses,02-ก.ย.-2025,02-ก.ย.-2025,21-ต.ค.-2027,Carlos A.,Legal review in progress before renewal,Renewed,"$900,900"
1217,Printing & Publishing,Corporate Printing Services Agreement #2216,Hong Kong,Emerald Capital Ltd.,Internal - Supply Chain,Exclusive regional distribution rights included,21-ก.ย.-2025,21-ก.ย.-2025,12-ต.ค.-2026,Minji O.,Budget approval pending for renewal,Upcoming renewal,"$124,700"
1218,Marketing,Influencer Partnership Contract #2217,Myanmar,"Sterling Enterprises Co., Ltd.","Anchor Innovations Co., Ltd.",-,05-ธ.ค.-2026,05-ธ.ค.-2026,05-ก.พ.-2029,Aiko M.,Alternative vendors being benchmarked,Renewed,"$853,900"
1219,HR & Payroll,Recruitment Services Agreement #2218,China,"Evergreen Dynamics Co., Ltd.","Crest Services Co., Ltd.",Pricing subject to annual CPI adjustment,17-ธ.ค.-2023,17-ธ.ค.-2023,21-เม.ย.-2027,Wei L.,"Renewal quote received, under internal review",Renewed,"$356,000"
1220,Cleaning & Facility,Janitorial Services Agreement #2219,Myanmar,"Vertex Solutions Co., Ltd.","Pinnacle Holdings Co., Ltd.",Pricing subject to annual CPI adjustment,22-ส.ค.-2024,22-ส.ค.-2024,12-พ.ย.-2026,Arjun D.,No issues reported this cycle,Upcoming renewal,"$61,600"
1221,Software Licensing,CRM Platform Subscription Agreement #2220,South Korea,"Delta Industries Co., Ltd.",Internal - Procurement,Exclusive regional distribution rights included,24-ธ.ค.-2021,24-ธ.ค.-2021,22-ส.ค.-2024,Daniel F.,Budget approval pending for renewal,Expired/Not renewed,"$152,200"
1222,Telecommunications,VoIP Services Agreement #2221,Myanmar,"Granite Solutions Co., Ltd.",Internal - E-commerce,"Auto-renew clause, 15 days notice required",05-ก.ค.-2024,19-ก.ค.-2024,18-ต.ค.-2026,Kanokwan G.,Legal review in progress before renewal,Negotiation in progress,"$537,000"
1223,Fleet & Transportation,Vehicle Leasing Agreement #2222,Taiwan,"Crown Holdings Co., Ltd.",Internal - IT Security,Renewal contingent on performance KPIs,10-พ.ค.-2025,10-พ.ค.-2025,13-ต.ค.-2026,Aiko E.,Budget approval pending for renewal,Upcoming renewal,"$679,300"
1224,Waste Management,Recycling Services Agreement #2223,Indonesia,Delta Networks PT,Internal - HR Dept.,Renewal contingent on performance KPIs,21-พ.ค.-2022,21-พ.ค.-2022,12-พ.ค.-2026,Somchai D.,Alternative vendors being benchmarked,Expired/Not renewed,"$86,000"
1225,Insurance,Property & Casualty Insurance Contract #2224,India,Vertex Solutions Pvt. Ltd.,Internal - HR Dept.,Exclusive regional distribution rights included,26-มี.ค.-2026,26-มี.ค.-2026,07-ส.ค.-2028,Ploy O.,Legal review in progress before renewal,Renewed,"$795,500"
1226,Software Licensing,CRM Platform Subscription Agreement #2225,India,Alliance Networks Pvt. Ltd.,Silverline Technologies Pvt. Ltd.,Service level agreement reviewed annually,23-ม.ค.-2025,23-ม.ค.-2025,15-พ.ย.-2026,Budi W.,Legal review in progress before renewal,Upcoming renewal,"$248,400"
1227,Marketing,Brand Campaign Agreement #2226,Singapore,Titan Holdings Pte Ltd,Internal - E-commerce,-,23-ม.ค.-2027,23-ม.ค.-2027,08-ก.ย.-2028,Budi J.,Vendor performance review scheduled,Renewed,"$434,500"
1228,Manufacturing Supply,Raw Material Supply Agreement #2227,Cambodia,"Trident Systems Co., Ltd.",Internal - E-commerce,Exclusive regional distribution rights included,16-มิ.ย.-2026,16-มิ.ย.-2026,26-ก.ค.-2027,Wei R.,Alternative vendors being benchmarked,Renewed,"$955,400"
1229,IT Services,IT Helpdesk & Support Contract #2228,Philippines,Global Logistics Inc.,Internal - Admin Dept.,"Auto-renew clause, 45 days notice required",31-มี.ค.-2026,31-มี.ค.-2026,14-ต.ค.-2027,Laura G.,Vendor performance review scheduled,Renewed,"$858,700"
1230,Telecommunications,VoIP Services Agreement #2229,South Korea,"Ivory Industries Co., Ltd.",Internal - IT Dept.,"Auto-renew clause, 15 days notice required",12-ธ.ค.-2022,26-ธ.ค.-2022,10-ธ.ค.-2024,Wei N.,Relationship manager reassigned this quarter,Expired/Not renewed,"$541,800"
1231,Software Licensing,CRM Platform Subscription Agreement #2230,Taiwan,"Delta Holdings Co., Ltd.","Delta Industries Co., Ltd.","Multi-year framework agreement, reviewed yearly",29-มี.ค.-2022,12-เม.ย.-2022,02-ก.พ.-2026,Aiko S.,Relationship manager reassigned this quarter,Expired/Not renewed,"$2,681,500"
1232,Manufacturing Supply,Packaging Supply Contract #2231,Vietnam,Granite Services JSC,Internal - IT Security,Volume discount tier applies above threshold spend,24-มิ.ย.-2024,08-ก.ค.-2024,13-ธ.ค.-2027,Aiko M.,"Renewal quote received, under internal review",Renewed,"$1,288,300"
1233,Consulting,Strategy Advisory Retainer #2232,Indonesia,Granite Holdings PT,Internal - Admin Dept.,Includes 24/7 support SLA with penalty clauses,14-พ.ค.-2022,14-พ.ค.-2022,14-ส.ค.-2024,Kanokwan S.,"Renewal quote received, under internal review",Expired/Not renewed,"$1,081,300"
1234,Printing & Publishing,Annual Report Design & Print Contract #2233,United Arab Emirates,Sterling Solutions LLC,Internal - Finance Dept.,Renewal contingent on performance KPIs,29-เม.ย.-2025,13-พ.ค.-2025,09-มิ.ย.-2028,Nathan D.,"Renewal quote received, under internal review",Renewed,"$37,600"
1235,Telecommunications,Satellite Communication Contract #2234,South Korea,"Meridian Partners Co., Ltd.",Internal - Finance Dept.,Exclusive regional distribution rights included,07-ก.พ.-2023,07-ก.พ.-2023,20-ก.ย.-2024,Budi O.,Flagged for cost optimization review,Expired/Not renewed,"$679,600"
1236,HR & Payroll,Recruitment Services Agreement #2235,Taiwan,"Nova Trading Co., Ltd.","Evergreen Solutions Co., Ltd.",-,28-ธ.ค.-2022,04-ม.ค.-2023,01-ม.ค.-2027,Grace M.,No issues reported this cycle,Negotiation in progress,"$309,000"
1237,Legal,Regulatory Filing Services #2236,Indonesia,Sterling Dynamics PT,Internal - Corporate Affairs,Includes quarterly business review meetings,22-มิ.ย.-2023,22-มิ.ย.-2023,29-พ.ย.-2026,Wei K.,No issues reported this cycle,Negotiation in progress,"$461,900"
1238,Real Estate & Leasing,Equipment Leasing Agreement #2237,Thailand,"Anchor Systems Co., Ltd.",Internal - Legal Dept.,Exclusive regional distribution rights included,27-ก.ย.-2026,04-ต.ค.-2026,09-ก.พ.-2028,Daniel N.,-,Renewed,"$2,891,800"
1239,Waste Management,Recycling Services Agreement #2238,Thailand,"Onyx Dynamics Co., Ltd.",Internal - IT Security,Renewal contingent on performance KPIs,25-ส.ค.-2023,25-ส.ค.-2023,02-ธ.ค.-2026,Hiroshi S.,No issues reported this cycle,Negotiation in progress,"$31,800"
1240,Printing & Publishing,Annual Report Design & Print Contract #2239,India,Alliance Networks Pvt. Ltd.,Internal - Operations,Includes quarterly business review meetings,09-ก.พ.-2023,09-ก.พ.-2023,05-ก.พ.-2027,Laura G.,Flagged for cost optimization review,Negotiation in progress,"$199,500"
1241,IT Services,IT Helpdesk & Support Contract #2240,China,"Titan Services Co., Ltd.",Internal - Corporate Affairs,Service level agreement reviewed annually,06-มี.ค.-2025,06-มี.ค.-2025,03-พ.ย.-2026,Grace A.,-,Negotiation in progress,"$476,900"
1242,Software Licensing,CRM Platform Subscription Agreement #2241,United Kingdom,Titan Logistics Ltd.,Internal - E-commerce,"Auto-renew clause, 90 days notice required",30-ก.ย.-2021,30-ก.ย.-2021,30-ส.ค.-2025,Minji S.,Flagged for cost optimization review,Expired/Not renewed,"$2,316,300"
1243,Fleet & Transportation,Fleet Maintenance Agreement #2242,Taiwan,"Quantum Logistics Co., Ltd.",Internal - Operations,Exclusive regional distribution rights included,12-ก.พ.-2026,12-ก.พ.-2026,01-ส.ค.-2028,Sarah W.,-,Renewed,"$506,900"
1244,Cleaning & Facility,Office Facility Management Contract #2243,France,Orion Solutions SAS,Internal - Admin Dept.,-,07-ธ.ค.-2023,21-ธ.ค.-2023,16-ก.ค.-2025,Ahmed M.,Scope extension being discussed with partner,Expired/Not renewed,"$312,100"
1245,IT Services,Data Center Colocation Contract #2244,United States,Atlas Technologies Inc.,Internal - Operations,"Auto-renew clause, 90 days notice required",20-ก.พ.-2022,27-ก.พ.-2022,21-ต.ค.-2024,Carlos O.,Relationship manager reassigned this quarter,Expired/Not renewed,"$1,166,200"
1246,IT Services,Cloud Hosting Agreement #2245,Malaysia,Ivory Innovations Sdn Bhd,Internal - IT Security,Volume discount tier applies above threshold spend,06-มิ.ย.-2024,06-มิ.ย.-2024,29-ต.ค.-2027,Nattapong D.,Scope extension being discussed with partner,Renewed,"$2,230,300"
1247,Telecommunications,Corporate Mobile Plan Agreement #2246,India,Nova Systems Pvt. Ltd.,Internal - Corporate Affairs,Exclusive regional distribution rights included,23-ก.ค.-2023,06-ส.ค.-2023,17-ธ.ค.-2026,Grace P.,Vendor performance review scheduled,Negotiation in progress,"$633,600"
1248,Insurance,Cargo Insurance Agreement #2247,Singapore,Atlas Partners Pte Ltd,Vertex Group Pte Ltd,Service level agreement reviewed annually,30-ต.ค.-2026,30-ต.ค.-2026,05-ส.ค.-2028,Ahmed W.,Vendor performance review scheduled,Renewed,"$1,400,700"
1249,Legal,Compliance Advisory Agreement #2248,Myanmar,"Global Services Co., Ltd.",Internal - IT Security,Includes quarterly business review meetings,24-มี.ค.-2023,31-มี.ค.-2023,08-ธ.ค.-2026,Ravi A.,Budget approval pending for renewal,Negotiation in progress,"$192,600"
1250,Real Estate & Leasing,Office Space Lease Agreement #2249,South Korea,"Solace Networks Co., Ltd.",Internal - Marketing Dept.,Pricing subject to annual CPI adjustment,25-ธ.ค.-2024,25-ธ.ค.-2024,01-ต.ค.-2026,David K.,"Renewal quote received, under internal review",Upcoming renewal,"$1,698,400"
1251,Security,Access Control System Contract #2250,Myanmar,"Summit Solutions Co., Ltd.","Vanguard Partners Co., Ltd.",Service level agreement reviewed annually,02-พ.ย.-2020,02-พ.ย.-2020,26-มิ.ย.-2024,Anucha C.,Relationship manager reassigned this quarter,Expired/Not renewed,"$462,700"
1252,Security,Executive Protection Services #2251,Germany,Cascade Industries GmbH,Internal - E-commerce,Pricing subject to annual CPI adjustment,20-ก.พ.-2024,20-ก.พ.-2024,06-พ.ย.-2026,Michael S.,Budget approval pending for renewal,Negotiation in progress,"$345,400"
1253,Legal,Regulatory Filing Services #2252,United Kingdom,Alliance Capital Ltd.,Internal - Supply Chain,"Auto-renew clause, 45 days notice required",06-ก.ค.-2025,20-ก.ค.-2025,03-พ.ย.-2026,Anucha O.,Legal review in progress before renewal,Upcoming renewal,"$513,200"
1254,Real Estate & Leasing,Retail Unit Lease Contract #2253,Vietnam,Unity Dynamics JSC,Internal - Operations,Renewal contingent on performance KPIs,19-มิ.ย.-2026,19-มิ.ย.-2026,03-เม.ย.-2028,David L.,"Renewal quote received, under internal review",Renewed,"$2,219,900"
1255,Training & Development,Corporate Training Program Agreement #2254,Malaysia,Falcon Technologies Sdn Bhd,Pinnacle Dynamics Sdn Bhd,Includes 24/7 support SLA with penalty clauses,03-พ.ย.-2022,03-พ.ย.-2022,23-ธ.ค.-2024,Hiroshi J.,Flagged for cost optimization review,Expired/Not renewed,"$106,700"
1256,IT Services,Cloud Hosting Agreement #2255,South Korea,"Quantum Group Co., Ltd.",Internal - HR Dept.,Renewal contingent on performance KPIs,17-ม.ค.-2025,24-ม.ค.-2025,01-ก.พ.-2027,Wanida G.,Flagged for cost optimization review,Negotiation in progress,"$2,345,900"
1257,Waste Management,Recycling Services Agreement #2256,Philippines,Onyx Consulting Inc.,Internal - Legal Dept.,Volume discount tier applies above threshold spend,25-มิ.ย.-2023,25-มิ.ย.-2023,01-ธ.ค.-2026,Tanawat G.,Vendor performance review scheduled,Upcoming renewal,"$101,600"
1258,Legal,IP & Trademark Registration Services #2257,France,Nova Networks SAS,Internal - IT Security,Volume discount tier applies above threshold spend,31-พ.ค.-2027,31-พ.ค.-2027,09-ก.ย.-2028,Michael H.,Alternative vendors being benchmarked,Renewed,"$314,500"
1259,Travel & Events,Conference Venue Agreement #2258,Japan,Titan Systems K.K.,Emerald Consulting K.K.,Includes quarterly business review meetings,11-มิ.ย.-2024,25-มิ.ย.-2024,17-ก.ย.-2027,Tanawat O.,Scope extension being discussed with partner,Renewed,"$373,500"
1260,Software Licensing,Cybersecurity Software License #2259,Indonesia,Radiant Systems PT,Delta Systems PT,Renewal contingent on performance KPIs,26-ก.ย.-2027,26-ก.ย.-2027,23-พ.ย.-2028,Suchada W.,Flagged for cost optimization review,Renewed,"$358,700"
1261,Construction & Maintenance,Elevator Maintenance Contract #2260,United Arab Emirates,Crown Solutions LLC,Internal - Admin Dept.,Includes quarterly business review meetings,09-มิ.ย.-2025,23-มิ.ย.-2025,08-ต.ค.-2028,Wei D.,Legal review in progress before renewal,Renewed,"$598,800"
1262,Software Licensing,Business Intelligence Platform License #2261,China,"Granite Capital Co., Ltd.",Internal - IT Security,-,07-ก.พ.-2023,07-ก.พ.-2023,07-พ.ย.-2026,Yuki O.,Flagged for cost optimization review,Upcoming renewal,"$1,914,500"
1263,Cleaning & Facility,Pest Control Services Agreement #2262,Hong Kong,Alliance Logistics Ltd.,Internal - Marketing Dept.,Renewal contingent on performance KPIs,13-ก.ย.-2027,13-ก.ย.-2027,10-ก.พ.-2029,Siti S.,No issues reported this cycle,Renewed,"$111,700"
1264,Training & Development,E-Learning Platform License #2263,Vietnam,Beacon Solutions JSC,Radiant Capital JSC,Service level agreement reviewed annually,19-ธ.ค.-2021,19-ธ.ค.-2021,15-มิ.ย.-2024,Hiroshi K.,Alternative vendors being benchmarked,Expired/Not renewed,"$133,400"
1265,Printing & Publishing,Signage & Print Production Agreement #2264,Malaysia,Horizon Holdings Sdn Bhd,Prime Enterprises Sdn Bhd,Includes 24/7 support SLA with penalty clauses,08-พ.ย.-2024,22-พ.ย.-2024,08-พ.ค.-2026,Laura N.,"Renewal quote received, under internal review",Expired/Not renewed,"$52,900"
1266,Telecommunications,Corporate Mobile Plan Agreement #2265,Australia,Pinnacle Solutions Pty Ltd,Prime Holdings Pty Ltd,Exclusive regional distribution rights included,11-ก.ค.-2025,11-ก.ค.-2025,17-เม.ย.-2028,Ravi O.,No issues reported this cycle,Renewed,"$401,000"
1267,Consulting,Digital Transformation Consulting #2266,South Korea,"Orion Consulting Co., Ltd.",Internal - IT Security,Exclusive regional distribution rights included,07-พ.ย.-2023,07-พ.ย.-2023,20-ส.ค.-2026,Nattapong O.,"Renewal quote received, under internal review",Expired/Not renewed,"$186,800"
1268,Legal,IP & Trademark Registration Services #2267,Cambodia,"Metro Consulting Co., Ltd.",Internal - E-commerce,Exclusive regional distribution rights included,16-พ.ย.-2023,16-พ.ย.-2023,31-ต.ค.-2026,Tanawat J.,No issues reported this cycle,Upcoming renewal,"$157,400"
1269,Logistics,Last-Mile Delivery Partnership #2268,Hong Kong,Sterling Group Ltd.,Alliance Logistics Ltd.,Volume discount tier applies above threshold spend,16-ส.ค.-2023,23-ส.ค.-2023,30-ต.ค.-2025,Michael B.,Flagged for cost optimization review,Expired/Not renewed,"$411,500"
1270,Travel & Events,Corporate Travel Management Agreement #2269,Japan,Atlas Ventures K.K.,Internal - Finance Dept.,Pricing subject to annual CPI adjustment,25-ส.ค.-2025,08-ก.ย.-2025,07-ธ.ค.-2028,Fatima L.,No issues reported this cycle,Renewed,"$105,700"
1271,Logistics,Last-Mile Delivery Partnership #2270,Thailand,"Bright Services Co., Ltd.","Delta Consulting Co., Ltd.","Multi-year framework agreement, reviewed yearly",09-ส.ค.-2024,16-ส.ค.-2024,01-ก.ค.-2027,Arjun O.,Relationship manager reassigned this quarter,Renewed,"$1,485,700"
1272,Fleet & Transportation,Corporate Shuttle Service Contract #2271,Philippines,Falcon Trading Inc.,Alliance Group Inc.,Includes 24/7 support SLA with penalty clauses,17-ธ.ค.-2024,31-ธ.ค.-2024,01-ต.ค.-2026,Arjun H.,Vendor performance review scheduled,Negotiation in progress,"$821,700"
1273,Training & Development,Corporate Training Program Agreement #2272,Thailand,"BlueSky Networks Co., Ltd.","Atlas Networks Co., Ltd.",Includes quarterly business review meetings,10-ส.ค.-2025,17-ส.ค.-2025,01-ก.พ.-2027,Laura H.,Alternative vendors being benchmarked,Negotiation in progress,"$244,100"
1274,Marketing,Influencer Partnership Contract #2273,Singapore,Pacific Dynamics Pte Ltd,Sterling Enterprises Pte Ltd,Renewal contingent on performance KPIs,17-มิ.ย.-2023,17-มิ.ย.-2023,20-ก.ค.-2026,Priya N.,-,Expired/Not renewed,"$53,000"
1275,Cleaning & Facility,Pest Control Services Agreement #2274,United Arab Emirates,Silverline Solutions LLC,Internal - Finance Dept.,Includes quarterly business review meetings,30-เม.ย.-2025,30-เม.ย.-2025,25-พ.ย.-2026,Fatima N.,"Renewal quote received, under internal review",Upcoming renewal,"$225,500"
1276,Printing & Publishing,Signage & Print Production Agreement #2275,Cambodia,"Crown Services Co., Ltd.","Prime Networks Co., Ltd.",Renewal contingent on performance KPIs,05-ธ.ค.-2026,19-ธ.ค.-2026,26-ธ.ค.-2027,Piyawan N.,Legal review in progress before renewal,Renewed,"$38,900"
1277,Real Estate & Leasing,Equipment Leasing Agreement #2276,Hong Kong,Beacon Systems Ltd.,Falcon Group Ltd.,Includes quarterly business review meetings,30-ก.ย.-2026,07-ต.ค.-2026,11-ก.ค.-2028,Sarah K.,-,Renewed,"$660,300"
1278,Manufacturing Supply,Raw Material Supply Agreement #2277,Taiwan,"Onyx Group Co., Ltd.","Atlas Systems Co., Ltd.",Renewal contingent on performance KPIs,25-ก.พ.-2021,11-มี.ค.-2021,05-ม.ค.-2025,Carlos J.,Scope extension being discussed with partner,Expired/Not renewed,"$3,614,500"
1279,Waste Management,Waste Collection & Disposal Contract #2278,United Arab Emirates,Anchor Trading LLC,Crown Industries LLC,"Auto-renew clause, 90 days notice required",01-พ.ค.-2024,01-พ.ค.-2024,29-พ.ค.-2025,Grace J.,-,Expired/Not renewed,"$37,300"
1280,Real Estate & Leasing,Retail Unit Lease Contract #2279,Malaysia,Falcon Enterprises Sdn Bhd,Internal - IT Security,Service level agreement reviewed annually,15-ส.ค.-2026,15-ส.ค.-2026,13-พ.ค.-2028,Nattapong F.,Legal review in progress before renewal,Renewed,"$1,359,300"
1281,Marketing,Influencer Partnership Contract #2280,Philippines,Crown Consulting Inc.,Internal - Procurement,Includes 24/7 support SLA with penalty clauses,01-เม.ย.-2024,01-เม.ย.-2024,25-ต.ค.-2026,Ravi O.,Legal review in progress before renewal,Upcoming renewal,"$37,300"
1282,Legal,Regulatory Filing Services #2281,Cambodia,"Silverline Holdings Co., Ltd.",Internal - Admin Dept.,Service level agreement reviewed annually,01-เม.ย.-2026,01-เม.ย.-2026,24-ธ.ค.-2028,Wanida B.,Legal review in progress before renewal,Renewed,"$573,500"
1283,Waste Management,Recycling Services Agreement #2282,France,Prime Innovations SAS,Internal - HR Dept.,Service level agreement reviewed annually,24-พ.ค.-2025,31-พ.ค.-2025,07-พ.ย.-2026,Daniel G.,Legal review in progress before renewal,Upcoming renewal,"$254,200"
1284,IT Services,Data Center Colocation Contract #2283,China,"Silverline Holdings Co., Ltd.",Internal - Marketing Dept.,Exclusive regional distribution rights included,21-พ.ย.-2022,28-พ.ย.-2022,08-พ.ย.-2026,Suchada B.,-,Upcoming renewal,"$320,100"
1285,Travel & Events,Corporate Travel Management Agreement #2284,Thailand,"NorthStar Ventures Co., Ltd.",Internal - IT Security,Exclusive regional distribution rights included,14-ก.ย.-2023,14-ก.ย.-2023,31-ก.ค.-2026,Suchada E.,"Renewal quote received, under internal review",Expired/Not renewed,"$162,500"
1286,Fleet & Transportation,Vehicle Leasing Agreement #2285,United States,Quantum Networks Inc.,Radiant Solutions Inc.,"Multi-year framework agreement, reviewed yearly",19-ธ.ค.-2026,19-ธ.ค.-2026,18-ก.พ.-2028,Laura O.,Budget approval pending for renewal,Renewed,"$104,300"
1287,Fleet & Transportation,Vehicle Leasing Agreement #2286,Thailand,"Prime Dynamics Co., Ltd.",Internal - Finance Dept.,Renewal contingent on performance KPIs,02-พ.ย.-2025,02-พ.ย.-2025,26-ก.ย.-2027,Carlos B.,No issues reported this cycle,Renewed,"$116,100"
1288,Logistics,Warehouse Lease & Operation Agreement #2287,Hong Kong,Crest Consulting Ltd.,Emerald Partners Ltd.,Volume discount tier applies above threshold spend,10-มี.ค.-2023,10-มี.ค.-2023,16-ธ.ค.-2025,Budi A.,"Renewal quote received, under internal review",Expired/Not renewed,"$1,351,100"
1289,Fleet & Transportation,Corporate Shuttle Service Contract #2288,Philippines,Onyx Consulting Inc.,Internal - IT Dept.,Includes quarterly business review meetings,12-ธ.ค.-2024,12-ธ.ค.-2024,04-ต.ค.-2026,Hiroshi J.,Vendor performance review scheduled,Negotiation in progress,"$688,400"
1290,Financial Services,Treasury Management Contract #2289,Indonesia,Horizon Ventures PT,Internal - Supply Chain,Includes quarterly business review meetings,26-ธ.ค.-2024,26-ธ.ค.-2024,12-ต.ค.-2026,Fatima T.,Relationship manager reassigned this quarter,Negotiation in progress,"$595,800"
1291,Security,CCTV Monitoring Agreement #2290,United Kingdom,Trident Solutions Ltd.,Internal - Legal Dept.,Includes 24/7 support SLA with penalty clauses,10-ก.พ.-2023,17-ก.พ.-2023,07-ต.ค.-2026,Ahmed K.,Legal review in progress before renewal,Upcoming renewal,"$53,300"
1292,Waste Management,Waste Collection & Disposal Contract #2291,Thailand,"Vertex Systems Co., Ltd.","Falcon Trading Co., Ltd.",Renewal contingent on performance KPIs,20-ก.พ.-2025,20-ก.พ.-2025,04-ต.ค.-2026,Nathan B.,"Renewal quote received, under internal review",Upcoming renewal,"$287,000"
1293,Security,Executive Protection Services #2292,Germany,Lumen Ventures GmbH,Titan Networks GmbH,Exclusive regional distribution rights included,03-พ.ค.-2025,03-พ.ค.-2025,11-ก.ย.-2028,Tanawat S.,-,Renewed,"$118,700"
1294,Printing & Publishing,Signage & Print Production Agreement #2293,Hong Kong,Cascade Technologies Ltd.,Internal - IT Dept.,"Auto-renew clause, 60 days notice required",29-ก.ค.-2023,12-ส.ค.-2023,08-ก.พ.-2025,David O.,Legal review in progress before renewal,Expired/Not renewed,"$26,400"
1295,Real Estate & Leasing,Office Space Lease Agreement #2294,Cambodia,"Vertex Consulting Co., Ltd.",Internal - IT Dept.,Service level agreement reviewed annually,04-ส.ค.-2026,11-ส.ค.-2026,26-ก.ย.-2028,Grace T.,Budget approval pending for renewal,Renewed,"$3,059,300"
1296,HR & Payroll,HR Systems Implementation Contract #2295,China,"Lumen Systems Co., Ltd.",Internal - Operations,Exclusive regional distribution rights included,28-ต.ค.-2022,04-พ.ย.-2022,19-ต.ค.-2026,Piyawan R.,Vendor performance review scheduled,Upcoming renewal,"$137,600"
1297,IT Services,Managed IT Services Agreement #2296,Philippines,Meridian Holdings Inc.,Internal - Procurement,"Auto-renew clause, 15 days notice required",11-ธ.ค.-2025,11-ธ.ค.-2025,14-ธ.ค.-2026,Emily A.,-,Negotiation in progress,"$1,922,500"
1298,IT Services,Managed IT Services Agreement #2297,Taiwan,"Ivory Ventures Co., Ltd.",Internal - Operations,-,12-ธ.ค.-2027,12-ธ.ค.-2027,20-ธ.ค.-2028,Siti H.,"Renewal quote received, under internal review",Renewed,"$1,329,100"
1299,Legal,Litigation Support Contract #2298,China,"Alliance Ventures Co., Ltd.","Prime Consulting Co., Ltd.",-,30-ก.ย.-2024,07-ต.ค.-2024,23-พ.ย.-2026,Emily H.,No issues reported this cycle,Upcoming renewal,"$449,200"
1300,Training & Development,E-Learning Platform License #2299,Myanmar,"Apex Ventures Co., Ltd.",Internal - Procurement,Exclusive regional distribution rights included,14-ม.ค.-2023,21-ม.ค.-2023,09-มิ.ย.-2026,Priya S.,-,Expired/Not renewed,"$300,000"
1301,Logistics,Warehouse Lease & Operation Agreement #2300,Thailand,"Solace Capital Co., Ltd.",Internal - Admin Dept.,Volume discount tier applies above threshold spend,03-เม.ย.-2022,10-เม.ย.-2022,22-ส.ค.-2024,Chloe D.,"Renewal quote received, under internal review",Expired/Not renewed,"$194,300"
1302,Construction & Maintenance,HVAC Maintenance Agreement #2301,Vietnam,Solace Trading JSC,Bright Capital JSC,"Multi-year framework agreement, reviewed yearly",07-ก.ย.-2023,07-ก.ย.-2023,20-ก.พ.-2026,Priya E.,Scope extension being discussed with partner,Expired/Not renewed,"$160,100"
1303,Telecommunications,VoIP Services Agreement #2302,Germany,Zenith Solutions GmbH,Internal - HR Dept.,"Auto-renew clause, 15 days notice required",14-ส.ค.-2022,21-ส.ค.-2022,26-พ.ย.-2025,Arjun T.,-,Expired/Not renewed,"$320,300"
1304,Waste Management,Hazardous Waste Management Contract #2303,Indonesia,Cascade Solutions PT,Lumen Consulting PT,Includes quarterly business review meetings,25-ก.พ.-2025,11-มี.ค.-2025,10-ก.ย.-2028,Emily E.,Vendor performance review scheduled,Renewed,"$277,500"
1305,Software Licensing,Business Intelligence Platform License #2304,Indonesia,Apex Capital PT,Internal - Marketing Dept.,"Multi-year framework agreement, reviewed yearly",01-ก.พ.-2023,01-ก.พ.-2023,11-พ.ค.-2025,Hiroshi K.,Legal review in progress before renewal,Expired/Not renewed,"$1,920,600"
1306,Security,Physical Security & Guard Services #2305,South Korea,"Falcon Dynamics Co., Ltd.",Internal - Operations,Volume discount tier applies above threshold spend,05-ก.พ.-2025,19-ก.พ.-2025,01-ธ.ค.-2026,Wei W.,"Renewal quote received, under internal review",Upcoming renewal,"$355,100"
1307,Manufacturing Supply,OEM Production Agreement #2306,Vietnam,Evergreen Services JSC,Internal - IT Dept.,"Auto-renew clause, 45 days notice required",09-พ.ย.-2022,23-พ.ย.-2022,01-ก.ค.-2026,Grace D.,Alternative vendors being benchmarked,Expired/Not renewed,"$774,300"
1308,Manufacturing Supply,Component Manufacturing Contract #2307,Thailand,"Summit Consulting Co., Ltd.",Internal - Admin Dept.,Exclusive regional distribution rights included,29-ส.ค.-2024,29-ส.ค.-2024,13-ต.ค.-2026,Siti C.,Budget approval pending for renewal,Upcoming renewal,"$2,314,400"
1309,Marketing,Creative & Branding Services #2308,Indonesia,Prime Systems PT,Orion Solutions PT,"Auto-renew clause, 45 days notice required",05-ส.ค.-2023,05-ส.ค.-2023,15-ม.ค.-2026,Chloe N.,Vendor performance review scheduled,Expired/Not renewed,"$356,000"
1310,Cleaning & Facility,Office Facility Management Contract #2309,France,Zenith Industries SAS,Nova Ventures SAS,"Multi-year framework agreement, reviewed yearly",07-ต.ค.-2025,07-ต.ค.-2025,21-ต.ค.-2026,Kanokwan W.,Relationship manager reassigned this quarter,Upcoming renewal,"$179,700"
1311,Cleaning & Facility,Office Facility Management Contract #2310,China,"Metro Trading Co., Ltd.",Internal - HR Dept.,Service level agreement reviewed annually,07-ธ.ค.-2024,07-ธ.ค.-2024,18-ก.ย.-2027,Ploy N.,Vendor performance review scheduled,Renewed,"$264,800"
1312,Software Licensing,Business Intelligence Platform License #2311,France,Global Capital SAS,Internal - HR Dept.,-,17-ก.ค.-2022,17-ก.ค.-2022,08-เม.ย.-2024,Ahmed M.,Alternative vendors being benchmarked,Expired/Not renewed,"$2,951,100"
1313,Waste Management,Recycling Services Agreement #2312,France,Granite Systems SAS,Titan Innovations SAS,Exclusive regional distribution rights included,19-พ.ย.-2026,19-พ.ย.-2026,17-ม.ค.-2029,Anucha F.,Flagged for cost optimization review,Renewed,"$14,400"
1314,Insurance,Property & Casualty Insurance Contract #2313,Hong Kong,Pinnacle Innovations Ltd.,NorthStar Partners Ltd.,Exclusive regional distribution rights included,05-ก.ค.-2024,05-ก.ค.-2024,22-ต.ค.-2025,Michael I.,Vendor performance review scheduled,Expired/Not renewed,"$1,097,300"
1315,Legal,Regulatory Filing Services #2314,Indonesia,Horizon Services PT,Delta Systems PT,Includes quarterly business review meetings,23-ก.ย.-2025,30-ก.ย.-2025,04-พ.ย.-2026,Ahmed F.,"Renewal quote received, under internal review",Negotiation in progress,"$401,100"
1316,Legal,Regulatory Filing Services #2315,Malaysia,Trident Innovations Sdn Bhd,Lumen Consulting Sdn Bhd,-,17-ก.ย.-2024,17-ก.ย.-2024,08-ม.ค.-2027,Emily O.,Flagged for cost optimization review,Negotiation in progress,"$146,800"
1317,Printing & Publishing,Annual Report Design & Print Contract #2316,Philippines,Meridian Capital Inc.,Internal - Corporate Affairs,"Auto-renew clause, 30 days notice required",11-พ.ค.-2024,11-พ.ค.-2024,22-เม.ย.-2027,Nattapong M.,"Renewal quote received, under internal review",Renewed,"$164,200"
1318,Security,Access Control System Contract #2317,United States,Nova Enterprises Inc.,Cascade Consulting Inc.,Renewal contingent on performance KPIs,30-ก.ค.-2025,30-ก.ค.-2025,11-พ.ย.-2026,Sarah A.,-,Upcoming renewal,"$311,500"
1319,HR & Payroll,Outsourced Payroll Processing Contract #2318,United Arab Emirates,NorthStar Group LLC,Granite Ventures LLC,-,01-มี.ค.-2025,15-มี.ค.-2025,16-ต.ค.-2026,Suchada G.,No issues reported this cycle,Upcoming renewal,"$187,000"
1320,Logistics,Warehouse Lease & Operation Agreement #2319,Vietnam,Horizon Systems JSC,Internal - IT Dept.,-,17-พ.ค.-2024,24-พ.ค.-2024,29-ธ.ค.-2025,Priya P.,Flagged for cost optimization review,Expired/Not renewed,"$1,358,200"
1321,Manufacturing Supply,Raw Material Supply Agreement #2320,Singapore,Pacific Ventures Pte Ltd,NorthStar Trading Pte Ltd,Pricing subject to annual CPI adjustment,26-พ.ค.-2024,09-มิ.ย.-2024,20-ม.ค.-2028,Hiroshi D.,"Renewal quote received, under internal review",Renewed,"$1,381,800"
1322,Marketing,Brand Campaign Agreement #2321,Japan,Anchor Services K.K.,Internal - E-commerce,"Auto-renew clause, 60 days notice required",28-ก.ย.-2023,05-ต.ค.-2023,21-ก.ย.-2027,Budi A.,Vendor performance review scheduled,Renewed,"$479,900"
1323,Training & Development,Corporate Training Program Agreement #2322,Myanmar,"Summit Industries Co., Ltd.",Internal - HR Dept.,Service level agreement reviewed annually,12-ม.ค.-2027,26-ม.ค.-2027,09-ก.ย.-2028,Chloe A.,Scope extension being discussed with partner,Renewed,"$146,300"
1324,Real Estate & Leasing,Equipment Leasing Agreement #2323,Cambodia,"Atlas Systems Co., Ltd.",Internal - Marketing Dept.,Renewal contingent on performance KPIs,21-ส.ค.-2025,28-ส.ค.-2025,18-พ.ย.-2026,Carlos P.,-,Negotiation in progress,"$4,397,600"
1325,Security,Executive Protection Services #2324,India,Onyx Solutions Pvt. Ltd.,Onyx Trading Pvt. Ltd.,Service level agreement reviewed annually,04-พ.ค.-2024,04-พ.ค.-2024,12-ต.ค.-2026,Siti R.,Alternative vendors being benchmarked,Upcoming renewal,"$109,200"
1326,Security,CCTV Monitoring Agreement #2325,Philippines,Alliance Ventures Inc.,Internal - HR Dept.,Pricing subject to annual CPI adjustment,03-ธ.ค.-2025,10-ธ.ค.-2025,19-ม.ค.-2027,Ahmed O.,Alternative vendors being benchmarked,Negotiation in progress,"$403,400"
1327,Real Estate & Leasing,Retail Unit Lease Contract #2326,Malaysia,Metro Trading Sdn Bhd,NorthStar Consulting Sdn Bhd,Includes 24/7 support SLA with penalty clauses,01-ม.ค.-2024,08-ม.ค.-2024,31-ต.ค.-2025,Suchada D.,Scope extension being discussed with partner,Expired/Not renewed,"$409,900"
1328,Consulting,Strategy Advisory Retainer #2327,United States,Apex Capital Inc.,BlueSky Technologies Inc.,Includes quarterly business review meetings,10-ก.พ.-2026,10-ก.พ.-2026,17-พ.ย.-2027,Budi W.,"Renewal quote received, under internal review",Renewed,"$668,500"
1329,HR & Payroll,Outsourced Payroll Processing Contract #2328,Thailand,"Global Technologies Co., Ltd.","Delta Consulting Co., Ltd.",Pricing subject to annual CPI adjustment,10-ก.ย.-2023,10-ก.ย.-2023,03-ต.ค.-2026,Michael H.,Alternative vendors being benchmarked,Upcoming renewal,"$160,200"
1330,Insurance,Property & Casualty Insurance Contract #2329,United Kingdom,Metro Industries Ltd.,Trident Services Ltd.,Includes quarterly business review meetings,24-พ.ย.-2023,24-พ.ย.-2023,21-ก.ย.-2026,Priya S.,Alternative vendors being benchmarked,Upcoming renewal,"$1,235,700"
1331,Telecommunications,Corporate Mobile Plan Agreement #2330,Indonesia,Emerald Capital PT,Radiant Networks PT,Volume discount tier applies above threshold spend,28-ก.พ.-2024,28-ก.พ.-2024,16-ธ.ค.-2026,Michael P.,Relationship manager reassigned this quarter,Negotiation in progress,"$113,000"
1332,Construction & Maintenance,Civil Works Contract #2331,Malaysia,Vertex Industries Sdn Bhd,Internal - Corporate Affairs,-,21-ก.ย.-2023,21-ก.ย.-2023,30-ต.ค.-2026,Kanokwan K.,Vendor performance review scheduled,Negotiation in progress,"$1,530,800"
1333,HR & Payroll,HR Systems Implementation Contract #2332,United Kingdom,Prime Partners Ltd.,Internal - Operations,Volume discount tier applies above threshold spend,04-ธ.ค.-2024,04-ธ.ค.-2024,20-ก.ค.-2028,Yuki I.,"Renewal quote received, under internal review",Renewed,"$29,100"
1334,IT Services,Network Infrastructure Services #2333,France,Silverline Logistics SAS,Beacon Group SAS,"Auto-renew clause, 30 days notice required",05-พ.ค.-2021,05-พ.ค.-2021,27-เม.ย.-2025,Nathan I.,"Renewal quote received, under internal review",Expired/Not renewed,"$1,244,400"
1335,Travel & Events,Event Management Services Contract #2334,Australia,Nova Industries Pty Ltd,Internal - Legal Dept.,Exclusive regional distribution rights included,03-มิ.ย.-2022,10-มิ.ย.-2022,04-เม.ย.-2025,Arjun C.,Vendor performance review scheduled,Expired/Not renewed,"$272,000"
1336,Fleet & Transportation,Corporate Shuttle Service Contract #2335,Philippines,Bright Systems Inc.,Vanguard Capital Inc.,Exclusive regional distribution rights included,22-มี.ค.-2024,22-มี.ค.-2024,26-พ.ย.-2026,Emily O.,Vendor performance review scheduled,Upcoming renewal,"$414,900"
1337,IT Services,IT Helpdesk & Support Contract #2336,France,Atlas Enterprises SAS,Internal - Marketing Dept.,Pricing subject to annual CPI adjustment,10-ก.ย.-2024,17-ก.ย.-2024,18-พ.ค.-2028,Laura G.,Vendor performance review scheduled,Renewed,"$1,753,700"
1338,Consulting,Change Management Engagement #2337,Hong Kong,Delta Capital Ltd.,Solace Logistics Ltd.,Service level agreement reviewed annually,24-มิ.ย.-2025,08-ก.ค.-2025,20-ก.ย.-2028,Nattapong I.,Budget approval pending for renewal,Renewed,"$828,100"
1339,Financial Services,Treasury Management Contract #2338,South Korea,"Unity Solutions Co., Ltd.",Internal - IT Dept.,Exclusive regional distribution rights included,13-ส.ค.-2024,27-ส.ค.-2024,28-มิ.ย.-2027,Tanawat G.,-,Renewed,"$858,100"
1340,Construction & Maintenance,Civil Works Contract #2339,Japan,Sterling Networks K.K.,Internal - Procurement,Volume discount tier applies above threshold spend,17-ต.ค.-2025,17-ต.ค.-2025,21-มี.ค.-2028,Siti P.,-,Renewed,"$886,800"
1341,HR & Payroll,HR Systems Implementation Contract #2340,Hong Kong,Unity Partners Ltd.,Crest Enterprises Ltd.,Service level agreement reviewed annually,05-มิ.ย.-2026,05-มิ.ย.-2026,05-ต.ค.-2027,James O.,"Renewal quote received, under internal review",Renewed,"$82,500"
1342,Legal,Regulatory Filing Services #2341,Vietnam,Beacon Trading JSC,Emerald Networks JSC,Renewal contingent on performance KPIs,17-มิ.ย.-2025,17-มิ.ย.-2025,12-ต.ค.-2026,Budi P.,"Renewal quote received, under internal review",Upcoming renewal,"$107,200"
1343,Insurance,Group Health Insurance Policy #2342,China,"Onyx Ventures Co., Ltd.",Internal - Admin Dept.,-,27-พ.ย.-2020,11-ธ.ค.-2020,29-เม.ย.-2024,Yuki F.,Vendor performance review scheduled,Expired/Not renewed,"$41,600"
1344,IT Services,IT Helpdesk & Support Contract #2343,Philippines,Zenith Solutions Inc.,Internal - Operations,Volume discount tier applies above threshold spend,11-ก.พ.-2026,18-ก.พ.-2026,22-มิ.ย.-2027,Grace I.,Relationship manager reassigned this quarter,Renewed,"$1,402,200"
1345,IT Services,Network Infrastructure Services #2344,Japan,Horizon Ventures K.K.,Anchor Logistics K.K.,Includes 24/7 support SLA with penalty clauses,09-ก.ย.-2024,09-ก.ย.-2024,10-พ.ย.-2026,Somchai B.,Legal review in progress before renewal,Negotiation in progress,"$1,080,100"
1346,Telecommunications,VoIP Services Agreement #2345,United Kingdom,Pinnacle Industries Ltd.,Anchor Holdings Ltd.,-,18-ม.ค.-2024,01-ก.พ.-2024,10-ก.พ.-2025,Ravi N.,Alternative vendors being benchmarked,Expired/Not renewed,"$171,200"
1347,Construction & Maintenance,Building Renovation Contract #2346,China,"Summit Holdings Co., Ltd.","Trident Services Co., Ltd.",Volume discount tier applies above threshold spend,21-ก.พ.-2025,28-ก.พ.-2025,17-ม.ค.-2027,David W.,No issues reported this cycle,Negotiation in progress,"$380,900"
1348,Legal,Corporate Legal Advisory Retainer #2347,United Kingdom,Crown Trading Ltd.,Nova Networks Ltd.,Includes 24/7 support SLA with penalty clauses,23-เม.ย.-2025,23-เม.ย.-2025,10-ก.ค.-2028,James N.,Flagged for cost optimization review,Renewed,"$497,100"
1349,Insurance,Cargo Insurance Agreement #2348,United States,Silverline Innovations Inc.,Internal - Procurement,Exclusive regional distribution rights included,27-มี.ค.-2025,27-มี.ค.-2025,02-ก.ย.-2028,Nattapong O.,Budget approval pending for renewal,Renewed,"$1,229,600"
1350,Manufacturing Supply,Raw Material Supply Agreement #2349,Thailand,"BlueSky Logistics Co., Ltd.",Internal - IT Security,Includes quarterly business review meetings,08-พ.ค.-2025,08-พ.ค.-2025,14-ต.ค.-2026,Wei W.,No issues reported this cycle,Upcoming renewal,"$3,128,900"
1351,Logistics,Warehouse Lease & Operation Agreement #2350,China,"Unity Logistics Co., Ltd.",Internal - Legal Dept.,Volume discount tier applies above threshold spend,22-ต.ค.-2025,22-ต.ค.-2025,04-พ.ย.-2026,Ahmed G.,Vendor performance review scheduled,Negotiation in progress,"$478,200"
1352,Financial Services,Treasury Management Contract #2351,Australia,Falcon Logistics Pty Ltd,Internal - Procurement,Renewal contingent on performance KPIs,17-มิ.ย.-2024,24-มิ.ย.-2024,29-ก.ย.-2026,Laura J.,Legal review in progress before renewal,Negotiation in progress,"$593,500"
1353,Consulting,Digital Transformation Consulting #2352,Myanmar,"Quantum Industries Co., Ltd.",Internal - Legal Dept.,Renewal contingent on performance KPIs,14-ส.ค.-2021,14-ส.ค.-2021,03-ม.ค.-2025,Sarah M.,Budget approval pending for renewal,Expired/Not renewed,"$48,400"
1354,Fleet & Transportation,Corporate Shuttle Service Contract #2353,Taiwan,"Crown Group Co., Ltd.",Internal - Operations,Exclusive regional distribution rights included,08-ม.ค.-2023,08-ม.ค.-2023,05-ก.ค.-2026,Anucha F.,No issues reported this cycle,Expired/Not renewed,"$681,200"
1355,Real Estate & Leasing,Retail Unit Lease Contract #2354,Myanmar,"Vertex Logistics Co., Ltd.",Internal - Admin Dept.,Service level agreement reviewed annually,11-ก.พ.-2024,25-ก.พ.-2024,18-พ.ย.-2026,Grace G.,-,Upcoming renewal,"$1,889,900"
1356,Software Licensing,CRM Platform Subscription Agreement #2355,Philippines,Solace Systems Inc.,Internal - Corporate Affairs,Volume discount tier applies above threshold spend,15-ต.ค.-2025,15-ต.ค.-2025,13-ก.ค.-2027,Ravi K.,"Renewal quote received, under internal review",Renewed,"$1,201,700"
1357,Travel & Events,Event Management Services Contract #2356,United States,Crown Ventures Inc.,Internal - HR Dept.,Service level agreement reviewed annually,01-ก.ย.-2023,01-ก.ย.-2023,25-พ.ย.-2026,Tanawat K.,No issues reported this cycle,Upcoming renewal,"$159,400"
1358,Manufacturing Supply,Component Manufacturing Contract #2357,Malaysia,Anchor Industries Sdn Bhd,Internal - Corporate Affairs,Volume discount tier applies above threshold spend,27-ก.ค.-2024,27-ก.ค.-2024,29-พ.ย.-2025,Minji K.,Budget approval pending for renewal,Expired/Not renewed,"$748,200"
1359,HR & Payroll,Recruitment Services Agreement #2358,Australia,Falcon Solutions Pty Ltd,Internal - Operations,"Auto-renew clause, 90 days notice required",14-พ.ย.-2024,14-พ.ย.-2024,20-ก.ค.-2027,James D.,Relationship manager reassigned this quarter,Renewed,"$271,500"
1360,Travel & Events,Corporate Travel Management Agreement #2359,Cambodia,"Beacon Partners Co., Ltd.",Internal - Corporate Affairs,Includes quarterly business review meetings,04-ก.ย.-2024,18-ก.ย.-2024,28-มี.ค.-2026,Yuki I.,Flagged for cost optimization review,Expired/Not renewed,"$222,600"
1361,Legal,Litigation Support Contract #2360,Cambodia,"Evergreen Solutions Co., Ltd.",Internal - E-commerce,"Multi-year framework agreement, reviewed yearly",08-พ.ย.-2025,22-พ.ย.-2025,12-ม.ค.-2029,Ploy B.,Vendor performance review scheduled,Renewed,"$131,000"
1362,Fleet & Transportation,Fleet Maintenance Agreement #2361,Cambodia,"Onyx Networks Co., Ltd.",Internal - Supply Chain,Renewal contingent on performance KPIs,16-มิ.ย.-2024,23-มิ.ย.-2024,06-ก.พ.-2027,Suchada F.,Flagged for cost optimization review,Negotiation in progress,"$261,900"
1363,Financial Services,Payment Gateway Services Agreement #2362,Hong Kong,Ivory Enterprises Ltd.,Lumen Holdings Ltd.,Includes 24/7 support SLA with penalty clauses,24-ส.ค.-2025,07-ก.ย.-2025,13-ต.ค.-2026,Chloe P.,No issues reported this cycle,Upcoming renewal,"$288,100"
1364,Security,Physical Security & Guard Services #2363,United States,Nova Enterprises Inc.,Sterling Trading Inc.,Volume discount tier applies above threshold spend,17-ก.ย.-2025,17-ก.ย.-2025,27-ก.ย.-2027,Grace F.,Vendor performance review scheduled,Renewed,"$19,200"
1365,Financial Services,Audit & Assurance Engagement #2364,United Kingdom,BlueSky Technologies Ltd.,Internal - E-commerce,Service level agreement reviewed annually,03-ก.พ.-2025,03-ก.พ.-2025,01-มี.ค.-2026,Carlos T.,Scope extension being discussed with partner,Expired/Not renewed,"$855,500"
1366,Telecommunications,Satellite Communication Contract #2365,Vietnam,Titan Holdings JSC,Internal - IT Dept.,"Auto-renew clause, 45 days notice required",15-มี.ค.-2024,15-มี.ค.-2024,04-มิ.ย.-2025,Grace F.,Budget approval pending for renewal,Expired/Not renewed,"$298,700"
1367,Logistics,Customs Brokerage Agreement #2366,Cambodia,"Orion Networks Co., Ltd.",Internal - Marketing Dept.,Volume discount tier applies above threshold spend,20-พ.ค.-2025,20-พ.ค.-2025,20-ต.ค.-2026,Arjun B.,Scope extension being discussed with partner,Upcoming renewal,"$1,340,300"
1368,HR & Payroll,HR Systems Implementation Contract #2367,United States,Quantum Holdings Inc.,Internal - Operations,Exclusive regional distribution rights included,27-พ.ย.-2022,27-พ.ย.-2022,17-ม.ค.-2026,Anucha C.,Flagged for cost optimization review,Expired/Not renewed,"$282,500"
1369,Cleaning & Facility,Pest Control Services Agreement #2368,France,Emerald Logistics SAS,Internal - Operations,Exclusive regional distribution rights included,03-พ.ย.-2022,10-พ.ย.-2022,07-ก.ค.-2026,Budi N.,Scope extension being discussed with partner,Expired/Not renewed,"$305,900"
1370,Printing & Publishing,Annual Report Design & Print Contract #2369,United States,Global Solutions Inc.,Internal - Admin Dept.,"Multi-year framework agreement, reviewed yearly",11-เม.ย.-2023,18-เม.ย.-2023,14-ต.ค.-2026,Aiko G.,Scope extension being discussed with partner,Negotiation in progress,"$133,500"
1371,Consulting,Digital Transformation Consulting #2370,Germany,Alliance Solutions GmbH,Internal - Corporate Affairs,Exclusive regional distribution rights included,23-ม.ค.-2024,23-ม.ค.-2024,30-ต.ค.-2025,Arjun C.,Legal review in progress before renewal,Expired/Not renewed,"$869,900"
1372,Insurance,Cyber Liability Insurance Policy #2371,Malaysia,Quantum Dynamics Sdn Bhd,Internal - Finance Dept.,"Multi-year framework agreement, reviewed yearly",14-พ.ค.-2023,21-พ.ค.-2023,23-ก.ค.-2024,Yuki P.,No issues reported this cycle,Expired/Not renewed,"$1,292,200"
1373,Insurance,Cyber Liability Insurance Policy #2372,Philippines,Trident Logistics Inc.,Delta Consulting Inc.,Includes 24/7 support SLA with penalty clauses,11-มิ.ย.-2023,11-มิ.ย.-2023,30-พ.ย.-2026,Michael K.,No issues reported this cycle,Upcoming renewal,"$1,497,100"
1374,Fleet & Transportation,Corporate Shuttle Service Contract #2373,Japan,Evergreen Technologies K.K.,Apex Holdings K.K.,Includes quarterly business review meetings,15-มิ.ย.-2025,22-มิ.ย.-2025,28-พ.ย.-2026,David O.,Alternative vendors being benchmarked,Negotiation in progress,"$168,000"
1375,Construction & Maintenance,Building Renovation Contract #2374,Japan,Granite Ventures K.K.,Internal - Finance Dept.,Service level agreement reviewed annually,06-มิ.ย.-2021,06-มิ.ย.-2021,02-ก.ค.-2024,Wei L.,Flagged for cost optimization review,Expired/Not renewed,"$772,500"
1376,Fleet & Transportation,Corporate Shuttle Service Contract #2375,Singapore,Cascade Dynamics Pte Ltd,Internal - E-commerce,Pricing subject to annual CPI adjustment,13-พ.ค.-2024,13-พ.ค.-2024,07-เม.ย.-2027,Minji C.,Relationship manager reassigned this quarter,Renewed,"$460,800"
1377,Telecommunications,Corporate Mobile Plan Agreement #2376,Philippines,Horizon Ventures Inc.,Metro Services Inc.,Exclusive regional distribution rights included,05-พ.ค.-2021,05-พ.ค.-2021,01-พ.ค.-2025,Piyawan T.,Legal review in progress before renewal,Expired/Not renewed,"$198,100"
1378,Travel & Events,Conference Venue Agreement #2377,Germany,Pacific Technologies GmbH,Internal - E-commerce,Includes 24/7 support SLA with penalty clauses,09-ก.ค.-2023,16-ก.ค.-2023,04-ต.ค.-2026,Hiroshi I.,Alternative vendors being benchmarked,Negotiation in progress,"$42,100"
1379,Telecommunications,Satellite Communication Contract #2378,Germany,Beacon Partners GmbH,Atlas Industries GmbH,-,04-ส.ค.-2023,04-ส.ค.-2023,02-ก.ค.-2027,Wanida L.,-,Renewed,"$575,200"
1380,Logistics,Freight Forwarding Contract #2379,Indonesia,Anchor Innovations PT,BlueSky Group PT,"Multi-year framework agreement, reviewed yearly",22-ก.ย.-2023,22-ก.ย.-2023,18-พ.ย.-2026,Priya K.,Alternative vendors being benchmarked,Upcoming renewal,"$557,600"
1381,Manufacturing Supply,Packaging Supply Contract #2380,Singapore,Bright Logistics Pte Ltd,Internal - Admin Dept.,Includes 24/7 support SLA with penalty clauses,05-ต.ค.-2025,05-ต.ค.-2025,11-ธ.ค.-2027,Minji N.,-,Renewed,"$1,645,800"
1382,Software Licensing,Business Intelligence Platform License #2381,United Arab Emirates,Alliance Partners LLC,Internal - Legal Dept.,Renewal contingent on performance KPIs,18-เม.ย.-2022,18-เม.ย.-2022,13-พ.ย.-2024,Daniel P.,Flagged for cost optimization review,Expired/Not renewed,"$1,852,600"
1383,Printing & Publishing,Signage & Print Production Agreement #2382,Germany,Bright Enterprises GmbH,Internal - Supply Chain,Service level agreement reviewed annually,04-ก.ค.-2024,04-ก.ค.-2024,31-ต.ค.-2027,Piyawan M.,No issues reported this cycle,Renewed,"$64,400"
1384,Printing & Publishing,Corporate Printing Services Agreement #2383,United Arab Emirates,Vanguard Solutions LLC,Sterling Services LLC,Renewal contingent on performance KPIs,19-มี.ค.-2023,19-มี.ค.-2023,06-ต.ค.-2026,Priya T.,"Renewal quote received, under internal review",Upcoming renewal,"$56,200"
1385,Waste Management,Waste Collection & Disposal Contract #2384,United Kingdom,Anchor Solutions Ltd.,Internal - Admin Dept.,-,11-ส.ค.-2026,18-ส.ค.-2026,17-ก.ย.-2027,Suchada C.,Vendor performance review scheduled,Renewed,"$65,600"
1386,Printing & Publishing,Corporate Printing Services Agreement #2385,Myanmar,"Horizon Holdings Co., Ltd.",Internal - E-commerce,Includes 24/7 support SLA with penalty clauses,16-พ.ค.-2022,16-พ.ค.-2022,06-ก.ค.-2024,Daniel K.,Flagged for cost optimization review,Expired/Not renewed,"$95,400"
1387,Manufacturing Supply,OEM Production Agreement #2386,India,Trident Systems Pvt. Ltd.,Internal - Corporate Affairs,"Multi-year framework agreement, reviewed yearly",13-ต.ค.-2024,13-ต.ค.-2024,05-ก.พ.-2027,Wei A.,Legal review in progress before renewal,Negotiation in progress,"$2,730,800"
1388,Real Estate & Leasing,Equipment Leasing Agreement #2387,Thailand,"Alliance Technologies Co., Ltd.",Internal - Corporate Affairs,Renewal contingent on performance KPIs,06-พ.ย.-2024,06-พ.ย.-2024,08-พ.ย.-2026,Daniel O.,Scope extension being discussed with partner,Upcoming renewal,"$3,103,800"
1389,IT Services,IT Helpdesk & Support Contract #2388,United States,Unity Capital Inc.,Internal - Operations,Renewal contingent on performance KPIs,22-พ.ย.-2022,22-พ.ย.-2022,17-ก.ย.-2024,Minji H.,Alternative vendors being benchmarked,Expired/Not renewed,"$1,207,500"
1390,Travel & Events,Event Management Services Contract #2389,Hong Kong,Global Ventures Ltd.,Internal - IT Security,Includes quarterly business review meetings,20-ต.ค.-2025,20-ต.ค.-2025,03-ก.พ.-2027,David D.,Vendor performance review scheduled,Negotiation in progress,"$158,000"
1391,Printing & Publishing,Corporate Printing Services Agreement #2390,Vietnam,Bright Solutions JSC,Internal - Finance Dept.,"Auto-renew clause, 60 days notice required",14-ม.ค.-2025,21-ม.ค.-2025,06-ธ.ค.-2026,Budi P.,-,Upcoming renewal,"$128,000"
1392,Consulting,Change Management Engagement #2391,Thailand,"Granite Logistics Co., Ltd.",Internal - Marketing Dept.,Includes quarterly business review meetings,02-มิ.ย.-2023,16-มิ.ย.-2023,12-ต.ค.-2026,Wei M.,Flagged for cost optimization review,Upcoming renewal,"$241,700"
1393,Construction & Maintenance,Elevator Maintenance Contract #2392,Thailand,"Prime Dynamics Co., Ltd.",Internal - E-commerce,Exclusive regional distribution rights included,23-ม.ค.-2026,30-ม.ค.-2026,03-ก.ค.-2027,Aiko O.,"Renewal quote received, under internal review",Renewed,"$1,091,200"
1394,Real Estate & Leasing,Office Space Lease Agreement #2393,United Kingdom,Alliance Holdings Ltd.,Vanguard Ventures Ltd.,Includes 24/7 support SLA with penalty clauses,04-ก.ย.-2025,04-ก.ย.-2025,08-ต.ค.-2026,Somchai S.,Vendor performance review scheduled,Upcoming renewal,"$3,143,300"
1395,Manufacturing Supply,Packaging Supply Contract #2394,Japan,Unity Systems K.K.,Internal - Supply Chain,"Auto-renew clause, 45 days notice required",16-พ.ค.-2023,16-พ.ค.-2023,01-ก.พ.-2027,Aiko I.,Vendor performance review scheduled,Negotiation in progress,"$416,800"
1396,Insurance,Group Health Insurance Policy #2395,Philippines,Orion Enterprises Inc.,Internal - IT Dept.,Includes quarterly business review meetings,26-พ.ย.-2026,26-พ.ย.-2026,14-ธ.ค.-2027,Emily H.,Relationship manager reassigned this quarter,Renewed,"$840,400"
1397,Software Licensing,Enterprise Software License (ERP) #2396,Singapore,Metro Ventures Pte Ltd,Internal - Finance Dept.,Pricing subject to annual CPI adjustment,14-มี.ค.-2025,14-มี.ค.-2025,11-ธ.ค.-2026,James J.,Alternative vendors being benchmarked,Negotiation in progress,"$150,000"
1398,Telecommunications,Internet Leased Line Contract #2397,Hong Kong,Horizon Dynamics Ltd.,Cascade Solutions Ltd.,-,02-มิ.ย.-2023,02-มิ.ย.-2023,28-มี.ค.-2025,Grace I.,Relationship manager reassigned this quarter,Expired/Not renewed,"$259,500"
1399,HR & Payroll,Recruitment Services Agreement #2398,Hong Kong,Orion Systems Ltd.,Vanguard Networks Ltd.,-,05-ส.ค.-2023,12-ส.ค.-2023,30-ก.ย.-2026,Carlos E.,Flagged for cost optimization review,Negotiation in progress,"$325,600"
1400,Manufacturing Supply,OEM Production Agreement #2399,India,Radiant Consulting Pvt. Ltd.,Internal - Corporate Affairs,Exclusive regional distribution rights included,20-เม.ย.-2024,20-เม.ย.-2024,27-ก.ย.-2026,Ploy F.,Vendor performance review scheduled,Upcoming renewal,"$2,458,800"
1401,Manufacturing Supply,Packaging Supply Contract #2400,Cambodia,"Trident Partners Co., Ltd.",Internal - HR Dept.,Pricing subject to annual CPI adjustment,15-ต.ค.-2021,15-ต.ค.-2021,27-ม.ค.-2025,Wanida O.,No issues reported this cycle,Expired/Not renewed,"$837,700"
1402,Fleet & Transportation,Fleet Maintenance Agreement #2401,Myanmar,"NorthStar Industries Co., Ltd.",Internal - E-commerce,Pricing subject to annual CPI adjustment,05-ต.ค.-2024,12-ต.ค.-2024,22-ก.ค.-2028,Tanawat M.,-,Renewed,"$557,600"
1403,Insurance,Cargo Insurance Agreement #2402,Malaysia,Metro Systems Sdn Bhd,Internal - IT Dept.,Service level agreement reviewed annually,28-ธ.ค.-2024,11-ม.ค.-2025,03-ก.พ.-2027,Sarah D.,-,Negotiation in progress,"$154,400"
1404,IT Services,Managed IT Services Agreement #2403,Thailand,"Meridian Technologies Co., Ltd.",Internal - IT Security,"Multi-year framework agreement, reviewed yearly",07-เม.ย.-2023,07-เม.ย.-2023,21-ส.ค.-2024,Grace E.,Legal review in progress before renewal,Expired/Not renewed,"$1,873,700"
1405,Fleet & Transportation,Fleet Maintenance Agreement #2404,Vietnam,Silverline Technologies JSC,Internal - Admin Dept.,-,24-เม.ย.-2023,24-เม.ย.-2023,11-ธ.ค.-2026,Ploy K.,Alternative vendors being benchmarked,Upcoming renewal,"$49,200"
1406,Construction & Maintenance,Building Renovation Contract #2405,United Kingdom,Nova Holdings Ltd.,Vertex Technologies Ltd.,"Multi-year framework agreement, reviewed yearly",02-ม.ค.-2023,02-ม.ค.-2023,06-พ.ย.-2024,Laura W.,Scope extension being discussed with partner,Expired/Not renewed,"$1,049,200"
1407,IT Services,Data Center Colocation Contract #2406,Cambodia,"Emerald Networks Co., Ltd.",Internal - Marketing Dept.,Renewal contingent on performance KPIs,22-ต.ค.-2023,05-พ.ย.-2023,18-ก.ค.-2025,Hiroshi S.,Budget approval pending for renewal,Expired/Not renewed,"$2,355,200"
1408,Software Licensing,Cybersecurity Software License #2407,Taiwan,"Vertex Solutions Co., Ltd.",Internal - IT Security,Exclusive regional distribution rights included,09-ก.พ.-2025,09-ก.พ.-2025,26-พ.ค.-2028,Sarah A.,Budget approval pending for renewal,Renewed,"$2,810,900"
1409,Travel & Events,Event Management Services Contract #2408,Indonesia,Titan Solutions PT,Internal - Operations,Includes 24/7 support SLA with penalty clauses,19-พ.ย.-2025,19-พ.ย.-2025,23-ก.พ.-2028,Hiroshi D.,Budget approval pending for renewal,Renewed,"$266,100"
1410,Software Licensing,CRM Platform Subscription Agreement #2409,Malaysia,Global Logistics Sdn Bhd,Internal - Finance Dept.,-,21-พ.ย.-2026,21-พ.ย.-2026,27-มี.ค.-2028,Wei C.,-,Renewed,"$1,271,700"
1411,Cleaning & Facility,Pest Control Services Agreement #2410,Australia,Trident Consulting Pty Ltd,Internal - E-commerce,Includes quarterly business review meetings,12-ก.พ.-2025,12-ก.พ.-2025,15-ต.ค.-2027,Carlos G.,Relationship manager reassigned this quarter,Renewed,"$285,500"
1412,Insurance,Group Health Insurance Policy #2411,Taiwan,"Solace Solutions Co., Ltd.","Emerald Networks Co., Ltd.","Auto-renew clause, 60 days notice required",09-พ.ค.-2025,09-พ.ค.-2025,13-ส.ค.-2027,Ravi S.,Alternative vendors being benchmarked,Renewed,"$1,480,100"
1413,Construction & Maintenance,Building Renovation Contract #2412,Vietnam,Solace Consulting JSC,Apex Trading JSC,Exclusive regional distribution rights included,05-เม.ย.-2023,05-เม.ย.-2023,15-มี.ค.-2026,Tanawat H.,Legal review in progress before renewal,Expired/Not renewed,"$554,300"
1414,Logistics,Last-Mile Delivery Partnership #2413,Myanmar,"Meridian Trading Co., Ltd.",Internal - Supply Chain,-,30-ก.ค.-2024,30-ก.ค.-2024,14-ม.ค.-2027,Anucha D.,Budget approval pending for renewal,Negotiation in progress,"$1,307,000"
1415,HR & Payroll,HR Systems Implementation Contract #2414,Myanmar,"Alliance Ventures Co., Ltd.",Internal - Finance Dept.,Includes quarterly business review meetings,28-ต.ค.-2025,28-ต.ค.-2025,22-พ.ย.-2026,Somchai B.,Flagged for cost optimization review,Negotiation in progress,"$137,800"
1416,Telecommunications,Corporate Mobile Plan Agreement #2415,Thailand,"Metro Partners Co., Ltd.",Internal - E-commerce,Renewal contingent on performance KPIs,12-ส.ค.-2025,12-ส.ค.-2025,01-พ.ย.-2026,Fatima T.,Alternative vendors being benchmarked,Negotiation in progress,"$369,300"
1417,Telecommunications,Internet Leased Line Contract #2416,Thailand,"Anchor Solutions Co., Ltd.",Internal - Supply Chain,"Multi-year framework agreement, reviewed yearly",30-ธ.ค.-2022,06-ม.ค.-2023,06-ส.ค.-2025,Laura C.,Scope extension being discussed with partner,Expired/Not renewed,"$502,300"
1418,Construction & Maintenance,Civil Works Contract #2417,Germany,Vertex Enterprises GmbH,Internal - Admin Dept.,Exclusive regional distribution rights included,01-มิ.ย.-2021,01-มิ.ย.-2021,04-เม.ย.-2025,Priya I.,-,Expired/Not renewed,"$1,530,100"
1419,Printing & Publishing,Corporate Printing Services Agreement #2418,Myanmar,"Onyx Innovations Co., Ltd.","Apex Holdings Co., Ltd.","Multi-year framework agreement, reviewed yearly",07-ธ.ค.-2024,07-ธ.ค.-2024,07-ก.ค.-2027,Budi W.,Alternative vendors being benchmarked,Renewed,"$20,400"
1420,Software Licensing,Cybersecurity Software License #2419,Malaysia,Pacific Services Sdn Bhd,Internal - E-commerce,Volume discount tier applies above threshold spend,06-ก.ค.-2024,06-ก.ค.-2024,11-พ.ย.-2026,Suchada K.,Alternative vendors being benchmarked,Upcoming renewal,"$1,983,000"
1421,Logistics,Warehouse Lease & Operation Agreement #2420,India,Beacon Holdings Pvt. Ltd.,Internal - Supply Chain,"Auto-renew clause, 90 days notice required",25-ธ.ค.-2024,25-ธ.ค.-2024,08-ม.ค.-2028,Tanawat A.,Vendor performance review scheduled,Renewed,"$568,500"
1422,Consulting,Business Process Improvement Engagement #2421,Vietnam,Anchor Consulting JSC,Internal - Procurement,Service level agreement reviewed annually,10-ก.ย.-2024,17-ก.ย.-2024,08-มิ.ย.-2028,Laura H.,Vendor performance review scheduled,Renewed,"$1,197,500"
1423,HR & Payroll,Outsourced Payroll Processing Contract #2422,Australia,Pinnacle Ventures Pty Ltd,Orion Industries Pty Ltd,Includes 24/7 support SLA with penalty clauses,22-มี.ค.-2024,22-มี.ค.-2024,28-พ.ย.-2026,James M.,Relationship manager reassigned this quarter,Upcoming renewal,"$64,900"
1424,IT Services,Cloud Hosting Agreement #2423,Japan,Atlas Capital K.K.,Internal - Supply Chain,Pricing subject to annual CPI adjustment,03-ก.ค.-2024,10-ก.ค.-2024,10-พ.ย.-2026,Grace H.,Vendor performance review scheduled,Upcoming renewal,"$2,086,700"
1425,Printing & Publishing,Corporate Printing Services Agreement #2424,Vietnam,Delta Systems JSC,Trident Group JSC,"Multi-year framework agreement, reviewed yearly",03-พ.ย.-2024,03-พ.ย.-2024,06-ต.ค.-2026,Fatima T.,Vendor performance review scheduled,Upcoming renewal,"$162,100"
1426,Financial Services,Treasury Management Contract #2425,Indonesia,Prime Systems PT,Internal - Procurement,-,16-พ.ย.-2025,16-พ.ย.-2025,05-ธ.ค.-2028,Siti L.,Alternative vendors being benchmarked,Renewed,"$861,700"
1427,Logistics,Last-Mile Delivery Partnership #2426,Singapore,Trident Networks Pte Ltd,Internal - Finance Dept.,"Auto-renew clause, 45 days notice required",29-พ.ค.-2025,12-มิ.ย.-2025,23-ธ.ค.-2027,Ploy J.,Legal review in progress before renewal,Renewed,"$1,715,700"
1428,Waste Management,Waste Collection & Disposal Contract #2427,Myanmar,"Titan Technologies Co., Ltd.","Crown Capital Co., Ltd.",Pricing subject to annual CPI adjustment,15-มี.ค.-2025,29-มี.ค.-2025,01-ธ.ค.-2026,Budi S.,Flagged for cost optimization review,Upcoming renewal,"$182,600"
1429,Consulting,Strategy Advisory Retainer #2428,India,Titan Services Pvt. Ltd.,Internal - HR Dept.,Includes 24/7 support SLA with penalty clauses,18-ต.ค.-2023,18-ต.ค.-2023,18-ส.ค.-2025,Wei W.,Budget approval pending for renewal,Expired/Not renewed,"$612,300"
1430,Manufacturing Supply,Packaging Supply Contract #2429,United Kingdom,Global Industries Ltd.,Zenith Group Ltd.,Service level agreement reviewed annually,01-พ.ย.-2023,01-พ.ย.-2023,05-พ.ค.-2027,James J.,Alternative vendors being benchmarked,Renewed,"$1,255,700"
1431,IT Services,Data Center Colocation Contract #2430,Indonesia,Quantum Trading PT,Meridian Trading PT,Volume discount tier applies above threshold spend,08-ต.ค.-2025,08-ต.ค.-2025,16-ต.ค.-2026,Yuki A.,Relationship manager reassigned this quarter,Upcoming renewal,"$1,147,800"
1432,Legal,Regulatory Filing Services #2431,Australia,Delta Logistics Pty Ltd,Internal - Finance Dept.,-,13-ก.พ.-2024,13-ก.พ.-2024,23-ต.ค.-2026,Suchada L.,Legal review in progress before renewal,Upcoming renewal,"$137,400"
1433,Training & Development,Corporate Training Program Agreement #2432,Cambodia,"Unity Logistics Co., Ltd.","Unity Trading Co., Ltd.",Volume discount tier applies above threshold spend,06-เม.ย.-2027,06-เม.ย.-2027,25-ก.ค.-2028,Kanokwan K.,"Renewal quote received, under internal review",Renewed,"$219,600"
1434,Printing & Publishing,Annual Report Design & Print Contract #2433,Cambodia,"Lumen Ventures Co., Ltd.",Internal - Procurement,"Multi-year framework agreement, reviewed yearly",11-ต.ค.-2023,11-ต.ค.-2023,14-ธ.ค.-2026,Grace T.,No issues reported this cycle,Negotiation in progress,"$113,000"
1435,Travel & Events,Event Management Services Contract #2434,China,"Onyx Dynamics Co., Ltd.",Internal - IT Dept.,Volume discount tier applies above threshold spend,16-เม.ย.-2022,23-เม.ย.-2022,27-ธ.ค.-2025,Siti B.,Legal review in progress before renewal,Expired/Not renewed,"$322,500"
1436,HR & Payroll,Employee Benefits Administration #2435,Thailand,"Pacific Holdings Co., Ltd.",Internal - Corporate Affairs,"Multi-year framework agreement, reviewed yearly",04-ม.ค.-2025,18-ม.ค.-2025,08-พ.ย.-2026,Chloe P.,Scope extension being discussed with partner,Negotiation in progress,"$284,000"
1437,Fleet & Transportation,Vehicle Leasing Agreement #2436,United Kingdom,Titan Systems Ltd.,Internal - E-commerce,-,24-ก.พ.-2021,03-มี.ค.-2021,19-พ.ค.-2024,Michael H.,Legal review in progress before renewal,Expired/Not renewed,"$350,900"
1438,Security,Access Control System Contract #2437,France,Crest Industries SAS,Internal - Procurement,Service level agreement reviewed annually,20-ม.ค.-2023,20-ม.ค.-2023,03-พ.ย.-2024,David S.,No issues reported this cycle,Expired/Not renewed,"$81,300"
1439,Legal,IP & Trademark Registration Services #2438,China,"Global Consulting Co., Ltd.",Internal - Admin Dept.,Volume discount tier applies above threshold spend,17-ส.ค.-2024,17-ส.ค.-2024,26-ต.ค.-2026,Aiko R.,No issues reported this cycle,Negotiation in progress,"$304,400"
1440,Printing & Publishing,Annual Report Design & Print Contract #2439,Indonesia,Solace Solutions PT,Crest Services PT,"Auto-renew clause, 60 days notice required",26-ต.ค.-2021,26-ต.ค.-2021,25-ก.ย.-2024,Anucha K.,Budget approval pending for renewal,Expired/Not renewed,"$179,900"
1441,Manufacturing Supply,Raw Material Supply Agreement #2440,Cambodia,"Solace Consulting Co., Ltd.",Internal - Admin Dept.,Service level agreement reviewed annually,06-ต.ค.-2025,06-ต.ค.-2025,10-พ.ค.-2028,Nattapong A.,Alternative vendors being benchmarked,Renewed,"$932,400"
1442,Cleaning & Facility,Janitorial Services Agreement #2441,Indonesia,Emerald Dynamics PT,Internal - Admin Dept.,Includes quarterly business review meetings,16-ม.ค.-2024,23-ม.ค.-2024,01-เม.ย.-2025,Wanida N.,-,Expired/Not renewed,"$146,600"
1443,Training & Development,Corporate Training Program Agreement #2442,Thailand,"Silverline Trading Co., Ltd.",Internal - HR Dept.,Volume discount tier applies above threshold spend,14-พ.ค.-2024,14-พ.ค.-2024,27-ม.ค.-2027,Laura W.,Relationship manager reassigned this quarter,Negotiation in progress,"$192,800"
1444,Insurance,Cyber Liability Insurance Policy #2443,Singapore,Vertex Innovations Pte Ltd,Internal - IT Security,-,23-พ.ย.-2024,30-พ.ย.-2024,15-มิ.ย.-2028,Tanawat L.,Alternative vendors being benchmarked,Renewed,"$232,400"
1445,Security,Executive Protection Services #2444,Thailand,"Apex Industries Co., Ltd.","Quantum Capital Co., Ltd.",Includes quarterly business review meetings,25-มี.ค.-2023,25-มี.ค.-2023,16-ส.ค.-2024,Grace I.,No issues reported this cycle,Expired/Not renewed,"$293,200"
1446,Travel & Events,Conference Venue Agreement #2445,Cambodia,"Silverline Group Co., Ltd.",Internal - Admin Dept.,Includes quarterly business review meetings,02-ก.พ.-2022,16-ก.พ.-2022,06-ก.ย.-2024,Ploy T.,Flagged for cost optimization review,Expired/Not renewed,"$317,900"
1447,Manufacturing Supply,Component Manufacturing Contract #2446,Singapore,Radiant Services Pte Ltd,Global Technologies Pte Ltd,"Multi-year framework agreement, reviewed yearly",14-ต.ค.-2022,14-ต.ค.-2022,12-มิ.ย.-2025,Emily N.,Legal review in progress before renewal,Expired/Not renewed,"$597,500"
1448,Software Licensing,Enterprise Software License (ERP) #2447,Malaysia,Vertex Group Sdn Bhd,Internal - E-commerce,"Auto-renew clause, 15 days notice required",05-ธ.ค.-2025,05-ธ.ค.-2025,30-ต.ค.-2028,Kanokwan K.,Vendor performance review scheduled,Renewed,"$773,100"
1449,Training & Development,Leadership Development Engagement #2448,Germany,BlueSky Partners GmbH,Radiant Capital GmbH,Renewal contingent on performance KPIs,27-พ.ย.-2023,04-ธ.ค.-2023,01-พ.ย.-2026,Priya P.,"Renewal quote received, under internal review",Negotiation in progress,"$217,400"
1450,Printing & Publishing,Annual Report Design & Print Contract #2449,Hong Kong,Ivory Partners Ltd.,Vertex Enterprises Ltd.,"Auto-renew clause, 60 days notice required",23-มิ.ย.-2024,23-มิ.ย.-2024,07-ก.พ.-2027,Tanawat B.,"Renewal quote received, under internal review",Negotiation in progress,"$80,600"
1451,Consulting,Digital Transformation Consulting #2450,China,"Pinnacle Trading Co., Ltd.",Internal - Finance Dept.,-,07-พ.ย.-2021,14-พ.ย.-2021,04-ต.ค.-2025,Grace A.,No issues reported this cycle,Expired/Not renewed,"$836,600"
1452,Software Licensing,CRM Platform Subscription Agreement #2451,Japan,Lumen Industries K.K.,Trident Dynamics K.K.,Exclusive regional distribution rights included,27-ก.พ.-2025,13-มี.ค.-2025,12-ก.ค.-2026,Carlos M.,Alternative vendors being benchmarked,Expired/Not renewed,"$2,643,200"
1453,Software Licensing,Cybersecurity Software License #2452,Indonesia,Global Group PT,Internal - Supply Chain,Renewal contingent on performance KPIs,01-มี.ค.-2025,08-มี.ค.-2025,13-ม.ค.-2028,Ravi R.,Budget approval pending for renewal,Renewed,"$2,004,900"
1454,Construction & Maintenance,Elevator Maintenance Contract #2453,United States,Emerald Trading Inc.,Internal - Legal Dept.,Pricing subject to annual CPI adjustment,31-พ.ค.-2025,07-มิ.ย.-2025,22-ก.ย.-2026,Tanawat N.,Alternative vendors being benchmarked,Negotiation in progress,"$1,059,500"
1455,Printing & Publishing,Annual Report Design & Print Contract #2454,Indonesia,Titan Logistics PT,Internal - HR Dept.,Includes quarterly business review meetings,06-พ.ย.-2024,06-พ.ย.-2024,30-ต.ค.-2026,Ahmed I.,Flagged for cost optimization review,Negotiation in progress,"$173,000"
1456,Fleet & Transportation,Vehicle Leasing Agreement #2455,Myanmar,"Crest Technologies Co., Ltd.",Internal - Admin Dept.,Includes 24/7 support SLA with penalty clauses,01-ต.ค.-2022,01-ต.ค.-2022,15-ส.ค.-2026,Daniel S.,"Renewal quote received, under internal review",Expired/Not renewed,"$756,100"
1457,Training & Development,E-Learning Platform License #2456,Thailand,"Metro Networks Co., Ltd.",Internal - Corporate Affairs,Pricing subject to annual CPI adjustment,05-ธ.ค.-2021,05-ธ.ค.-2021,26-มี.ค.-2025,Minji E.,Flagged for cost optimization review,Expired/Not renewed,"$60,300"
1458,Real Estate & Leasing,Office Space Lease Agreement #2457,Taiwan,"Crown Solutions Co., Ltd.","Cascade Consulting Co., Ltd.",Includes 24/7 support SLA with penalty clauses,19-มิ.ย.-2025,03-ก.ค.-2025,15-พ.ย.-2026,Minji T.,Relationship manager reassigned this quarter,Upcoming renewal,"$2,404,400"
1459,Cleaning & Facility,Janitorial Services Agreement #2458,China,"Bright Partners Co., Ltd.",Internal - Marketing Dept.,"Auto-renew clause, 60 days notice required",30-ส.ค.-2027,30-ส.ค.-2027,24-ก.ย.-2028,Yuki M.,Scope extension being discussed with partner,Renewed,"$118,000"
1460,Financial Services,Audit & Assurance Engagement #2459,United Kingdom,Emerald Technologies Ltd.,Global Services Ltd.,Renewal contingent on performance KPIs,23-ต.ค.-2023,06-พ.ย.-2023,25-ก.ย.-2026,David T.,Vendor performance review scheduled,Negotiation in progress,"$833,500"
1461,Manufacturing Supply,Raw Material Supply Agreement #2460,Thailand,"BlueSky Systems Co., Ltd.",Internal - IT Security,-,23-เม.ย.-2025,23-เม.ย.-2025,03-ก.พ.-2027,David C.,Relationship manager reassigned this quarter,Negotiation in progress,"$2,130,300"
1462,Consulting,Change Management Engagement #2461,India,NorthStar Logistics Pvt. Ltd.,Internal - Corporate Affairs,Volume discount tier applies above threshold spend,13-มิ.ย.-2023,13-มิ.ย.-2023,10-ม.ค.-2027,Siti P.,"Renewal quote received, under internal review",Negotiation in progress,"$747,200"
1463,Printing & Publishing,Signage & Print Production Agreement #2462,Germany,Cascade Capital GmbH,Quantum Solutions GmbH,Includes quarterly business review meetings,30-ต.ค.-2023,13-พ.ย.-2023,01-ก.พ.-2027,James W.,No issues reported this cycle,Negotiation in progress,"$162,200"
1464,Manufacturing Supply,Raw Material Supply Agreement #2463,Philippines,Metro Industries Inc.,Internal - HR Dept.,Includes 24/7 support SLA with penalty clauses,20-ธ.ค.-2024,27-ธ.ค.-2024,01-ธ.ค.-2026,Yuki S.,Flagged for cost optimization review,Negotiation in progress,"$1,738,000"
1465,Consulting,Strategy Advisory Retainer #2464,Malaysia,Anchor Enterprises Sdn Bhd,Atlas Ventures Sdn Bhd,Service level agreement reviewed annually,27-ก.ค.-2025,03-ส.ค.-2025,03-ก.พ.-2027,Fatima C.,Vendor performance review scheduled,Negotiation in progress,"$667,400"
1466,Software Licensing,Enterprise Software License (ERP) #2465,United States,Bright Technologies Inc.,Internal - E-commerce,Volume discount tier applies above threshold spend,27-มี.ค.-2025,27-มี.ค.-2025,16-ม.ค.-2027,Daniel E.,No issues reported this cycle,Negotiation in progress,"$1,969,900"
1467,Printing & Publishing,Signage & Print Production Agreement #2466,Cambodia,"Prime Partners Co., Ltd.","Crown Innovations Co., Ltd.",Renewal contingent on performance KPIs,07-ก.ย.-2025,07-ก.ย.-2025,15-มิ.ย.-2028,Suchada B.,-,Renewed,"$175,200"
1468,Waste Management,Recycling Services Agreement #2467,China,"Beacon Dynamics Co., Ltd.",Internal - Procurement,Volume discount tier applies above threshold spend,18-พ.ค.-2025,18-พ.ค.-2025,19-ก.พ.-2028,Wanida O.,Flagged for cost optimization review,Renewed,"$182,100"
1469,Real Estate & Leasing,Retail Unit Lease Contract #2468,Singapore,Anchor Enterprises Pte Ltd,Internal - Marketing Dept.,-,21-ก.ย.-2024,21-ก.ย.-2024,02-มิ.ย.-2027,Wanida K.,Vendor performance review scheduled,Renewed,"$2,574,100"
1470,Software Licensing,Business Intelligence Platform License #2469,Taiwan,"Silverline Capital Co., Ltd.",Internal - E-commerce,Service level agreement reviewed annually,31-ก.ค.-2026,07-ส.ค.-2026,10-ก.ย.-2027,Daniel G.,No issues reported this cycle,Renewed,"$1,210,800"
1471,Software Licensing,Cybersecurity Software License #2470,Malaysia,Evergreen Group Sdn Bhd,Solace Solutions Sdn Bhd,Renewal contingent on performance KPIs,31-ก.ค.-2023,31-ก.ค.-2023,19-ก.พ.-2025,Anucha S.,Alternative vendors being benchmarked,Expired/Not renewed,"$2,787,000"
1472,Legal,Corporate Legal Advisory Retainer #2471,Hong Kong,Vertex Solutions Ltd.,Internal - Finance Dept.,-,21-ก.ย.-2027,21-ก.ย.-2027,04-ธ.ค.-2028,Grace M.,Scope extension being discussed with partner,Renewed,"$42,500"
1473,Travel & Events,Corporate Travel Management Agreement #2472,Indonesia,Radiant Partners PT,Internal - Corporate Affairs,Includes 24/7 support SLA with penalty clauses,15-ต.ค.-2021,15-ต.ค.-2021,27-มี.ค.-2025,David I.,Scope extension being discussed with partner,Expired/Not renewed,"$246,900"
1474,Construction & Maintenance,Civil Works Contract #2473,Singapore,Zenith Innovations Pte Ltd,Internal - E-commerce,Volume discount tier applies above threshold spend,10-ธ.ค.-2025,17-ธ.ค.-2025,13-ม.ค.-2027,David G.,Scope extension being discussed with partner,Negotiation in progress,"$898,500"
1475,Legal,Compliance Advisory Agreement #2474,Australia,Bright Services Pty Ltd,Internal - IT Security,"Multi-year framework agreement, reviewed yearly",29-ต.ค.-2022,05-พ.ย.-2022,14-ต.ค.-2026,Ravi B.,Legal review in progress before renewal,Negotiation in progress,"$376,500"
1476,Telecommunications,Internet Leased Line Contract #2475,China,"Apex Technologies Co., Ltd.",Internal - E-commerce,Volume discount tier applies above threshold spend,25-มี.ค.-2023,25-มี.ค.-2023,08-ธ.ค.-2026,Kanokwan C.,Scope extension being discussed with partner,Negotiation in progress,"$463,000"
1477,Construction & Maintenance,Building Renovation Contract #2476,Singapore,Quantum Ventures Pte Ltd,Internal - Finance Dept.,"Auto-renew clause, 90 days notice required",17-มิ.ย.-2020,01-ก.ค.-2020,28-มิ.ย.-2024,Michael M.,Relationship manager reassigned this quarter,Expired/Not renewed,"$172,400"
1478,Training & Development,Leadership Development Engagement #2477,Myanmar,"Anchor Logistics Co., Ltd.","NorthStar Industries Co., Ltd.",Includes 24/7 support SLA with penalty clauses,12-มิ.ย.-2024,12-มิ.ย.-2024,30-ม.ค.-2027,Priya I.,Legal review in progress before renewal,Negotiation in progress,"$129,500"
1479,IT Services,Managed IT Services Agreement #2478,South Korea,"Delta Networks Co., Ltd.","Prime Consulting Co., Ltd.","Multi-year framework agreement, reviewed yearly",11-พ.ค.-2026,18-พ.ค.-2026,07-ส.ค.-2028,Fatima E.,Budget approval pending for renewal,Renewed,"$1,304,600"
1480,Fleet & Transportation,Fleet Maintenance Agreement #2479,United Arab Emirates,Orion Dynamics LLC,BlueSky Partners LLC,Volume discount tier applies above threshold spend,10-ก.ย.-2024,10-ก.ย.-2024,10-พ.ย.-2026,Ravi H.,Flagged for cost optimization review,Upcoming renewal,"$140,300"
1481,Financial Services,Corporate Banking Services Agreement #2480,India,BlueSky Industries Pvt. Ltd.,Internal - Operations,Exclusive regional distribution rights included,19-พ.ค.-2024,02-มิ.ย.-2024,04-พ.ย.-2026,Nathan L.,-,Upcoming renewal,"$270,000"
1482,Training & Development,E-Learning Platform License #2481,Japan,Nova Technologies K.K.,Crest Systems K.K.,Includes 24/7 support SLA with penalty clauses,20-พ.ค.-2024,20-พ.ค.-2024,21-ธ.ค.-2026,Aiko D.,No issues reported this cycle,Negotiation in progress,"$277,300"
1483,Legal,IP & Trademark Registration Services #2482,Germany,Meridian Dynamics GmbH,Internal - IT Dept.,Includes quarterly business review meetings,19-มี.ค.-2024,02-เม.ย.-2024,09-ก.ค.-2027,Wei C.,Scope extension being discussed with partner,Renewed,"$337,800"
1484,Insurance,Property & Casualty Insurance Contract #2483,China,"Crest Ventures Co., Ltd.","Summit Systems Co., Ltd.","Multi-year framework agreement, reviewed yearly",26-ม.ค.-2025,09-ก.พ.-2025,23-ต.ค.-2026,Ploy O.,-,Negotiation in progress,"$625,500"
1485,Cleaning & Facility,Pest Control Services Agreement #2484,Germany,Falcon Solutions GmbH,Internal - IT Security,Volume discount tier applies above threshold spend,08-มิ.ย.-2024,15-มิ.ย.-2024,14-ต.ค.-2027,Aiko D.,Alternative vendors being benchmarked,Renewed,"$163,800"
1486,Manufacturing Supply,Packaging Supply Contract #2485,Germany,Delta Consulting GmbH,Internal - Supply Chain,"Multi-year framework agreement, reviewed yearly",24-ธ.ค.-2024,24-ธ.ค.-2024,25-ก.ย.-2026,Sarah I.,No issues reported this cycle,Upcoming renewal,"$621,200"
1487,Fleet & Transportation,Corporate Shuttle Service Contract #2486,Taiwan,"Apex Consulting Co., Ltd.","Silverline Dynamics Co., Ltd.",Includes 24/7 support SLA with penalty clauses,24-พ.ย.-2027,24-พ.ย.-2027,26-ธ.ค.-2028,David N.,"Renewal quote received, under internal review",Renewed,"$437,400"
1488,Construction & Maintenance,Elevator Maintenance Contract #2487,Indonesia,Nova Systems PT,Alliance Systems PT,Exclusive regional distribution rights included,05-พ.ย.-2023,05-พ.ย.-2023,22-ต.ค.-2026,Nattapong W.,Alternative vendors being benchmarked,Upcoming renewal,"$929,400"
1489,Insurance,Property & Casualty Insurance Contract #2488,Indonesia,Atlas Logistics PT,Internal - HR Dept.,Pricing subject to annual CPI adjustment,02-ต.ค.-2023,09-ต.ค.-2023,08-ต.ค.-2026,Ploy E.,No issues reported this cycle,Negotiation in progress,"$1,343,600"
1490,Security,Physical Security & Guard Services #2489,Philippines,Emerald Dynamics Inc.,Internal - Operations,Pricing subject to annual CPI adjustment,26-ธ.ค.-2023,26-ธ.ค.-2023,18-ต.ค.-2026,Priya W.,"Renewal quote received, under internal review",Upcoming renewal,"$486,800"
1491,Consulting,Strategy Advisory Retainer #2490,China,"Titan Systems Co., Ltd.","Vanguard Innovations Co., Ltd.","Multi-year framework agreement, reviewed yearly",09-ม.ค.-2025,09-ม.ค.-2025,10-ม.ค.-2026,Aiko S.,"Renewal quote received, under internal review",Expired/Not renewed,"$583,800"
1492,Telecommunications,Satellite Communication Contract #2491,United States,Cascade Ventures Inc.,Horizon Trading Inc.,-,01-เม.ย.-2023,01-เม.ย.-2023,02-เม.ย.-2026,Arjun T.,Flagged for cost optimization review,Expired/Not renewed,"$97,800"
1493,Printing & Publishing,Signage & Print Production Agreement #2492,France,Radiant Services SAS,Internal - Legal Dept.,Exclusive regional distribution rights included,27-มี.ค.-2024,27-มี.ค.-2024,01-พ.ย.-2026,Somchai J.,"Renewal quote received, under internal review",Upcoming renewal,"$91,000"
1494,Printing & Publishing,Corporate Printing Services Agreement #2493,Japan,Summit Capital K.K.,Granite Logistics K.K.,Volume discount tier applies above threshold spend,17-มิ.ย.-2026,17-มิ.ย.-2026,09-ธ.ค.-2027,Kanokwan S.,"Renewal quote received, under internal review",Renewed,"$45,200"
1495,Marketing,Brand Campaign Agreement #2494,China,"Crown Networks Co., Ltd.",Internal - HR Dept.,"Auto-renew clause, 90 days notice required",28-เม.ย.-2027,12-พ.ค.-2027,16-ต.ค.-2028,Kanokwan A.,Alternative vendors being benchmarked,Renewed,"$421,400"
1496,Printing & Publishing,Corporate Printing Services Agreement #2495,Australia,Delta Technologies Pty Ltd,Internal - Finance Dept.,"Multi-year framework agreement, reviewed yearly",11-มิ.ย.-2025,18-มิ.ย.-2025,06-เม.ย.-2027,Daniel S.,"Renewal quote received, under internal review",Renewed,"$165,300"
1497,Financial Services,Corporate Banking Services Agreement #2496,China,"Evergreen Enterprises Co., Ltd.",Internal - IT Dept.,Pricing subject to annual CPI adjustment,24-มิ.ย.-2023,24-มิ.ย.-2023,24-พ.ย.-2026,Aiko G.,Budget approval pending for renewal,Upcoming renewal,"$977,500"
1498,Cleaning & Facility,Office Facility Management Contract #2497,Philippines,Titan Group Inc.,Internal - Legal Dept.,-,11-ต.ค.-2024,11-ต.ค.-2024,18-ก.ค.-2027,Grace N.,Vendor performance review scheduled,Renewed,"$97,100"
1499,IT Services,IT Helpdesk & Support Contract #2498,Malaysia,Vanguard Networks Sdn Bhd,Silverline Capital Sdn Bhd,"Multi-year framework agreement, reviewed yearly",06-ก.ย.-2024,06-ก.ย.-2024,21-พ.ย.-2025,James E.,Vendor performance review scheduled,Expired/Not renewed,"$2,478,700"
1500,Security,Physical Security & Guard Services #2499,Philippines,Summit Trading Inc.,Internal - IT Security,Includes quarterly business review meetings,12-พ.ย.-2022,12-พ.ย.-2022,14-เม.ย.-2024,Kanokwan W.,Legal review in progress before renewal,Expired/Not renewed,"$382,700"
1501,Consulting,Strategy Advisory Retainer #2500,South Korea,"Pinnacle Group Co., Ltd.",Internal - IT Security,-,19-พ.ค.-2025,19-พ.ค.-2025,01-ส.ค.-2027,Yuki F.,Budget approval pending for renewal,Renewed,"$322,200"
1502,Manufacturing Supply,Packaging Supply Contract #2501,India,Bright Partners Pvt. Ltd.,Internal - Legal Dept.,Renewal contingent on performance KPIs,06-มิ.ย.-2027,06-มิ.ย.-2027,15-มิ.ย.-2028,Priya J.,Alternative vendors being benchmarked,Renewed,"$1,128,500"
1503,Consulting,Strategy Advisory Retainer #2502,China,"Evergreen Logistics Co., Ltd.","Radiant Trading Co., Ltd.",Renewal contingent on performance KPIs,23-มี.ค.-2026,23-มี.ค.-2026,31-ก.ค.-2028,Chloe O.,Vendor performance review scheduled,Renewed,"$807,800"
1504,Real Estate & Leasing,Retail Unit Lease Contract #2503,United Arab Emirates,Crown Trading LLC,Internal - Marketing Dept.,Volume discount tier applies above threshold spend,17-มิ.ย.-2022,17-มิ.ย.-2022,15-ก.ค.-2025,Aiko M.,Relationship manager reassigned this quarter,Expired/Not renewed,"$2,835,500"
1505,Software Licensing,Business Intelligence Platform License #2504,Philippines,Orion Industries Inc.,Granite Logistics Inc.,-,26-ต.ค.-2023,26-ต.ค.-2023,20-พ.ย.-2026,Daniel J.,Vendor performance review scheduled,Upcoming renewal,"$766,400"
1506,Insurance,Property & Casualty Insurance Contract #2505,France,Cascade Ventures SAS,Internal - Supply Chain,Pricing subject to annual CPI adjustment,25-ส.ค.-2026,08-ก.ย.-2026,25-พ.ค.-2028,Laura G.,Vendor performance review scheduled,Renewed,"$840,600"
1507,Insurance,Group Health Insurance Policy #2506,Japan,Atlas Innovations K.K.,NorthStar Technologies K.K.,Renewal contingent on performance KPIs,13-พ.ค.-2023,20-พ.ค.-2023,12-ธ.ค.-2026,Laura P.,Budget approval pending for renewal,Upcoming renewal,"$1,427,800"
1508,Telecommunications,Satellite Communication Contract #2507,Japan,Titan Networks K.K.,Internal - E-commerce,-,07-ก.ค.-2023,21-ก.ค.-2023,03-ต.ค.-2026,Sarah T.,No issues reported this cycle,Upcoming renewal,"$120,000"
1509,HR & Payroll,Recruitment Services Agreement #2508,Myanmar,"Solace Consulting Co., Ltd.",Internal - Supply Chain,"Multi-year framework agreement, reviewed yearly",17-ธ.ค.-2024,24-ธ.ค.-2024,30-ม.ค.-2027,Anucha D.,Relationship manager reassigned this quarter,Negotiation in progress,"$49,000"
1510,Consulting,Strategy Advisory Retainer #2509,United Arab Emirates,Vertex Ventures LLC,Internal - Procurement,"Auto-renew clause, 90 days notice required",12-เม.ย.-2023,26-เม.ย.-2023,07-ม.ค.-2027,Somchai D.,Vendor performance review scheduled,Negotiation in progress,"$1,088,400"
1511,Software Licensing,Cybersecurity Software License #2510,China,"Pinnacle Enterprises Co., Ltd.",Internal - Marketing Dept.,Includes quarterly business review meetings,04-ส.ค.-2024,11-ส.ค.-2024,02-ก.พ.-2028,Grace G.,No issues reported this cycle,Renewed,"$572,200"
1512,Security,Physical Security & Guard Services #2511,United Kingdom,Titan Trading Ltd.,Silverline Enterprises Ltd.,-,19-มี.ค.-2026,19-มี.ค.-2026,23-พ.ย.-2028,Siti E.,Flagged for cost optimization review,Renewed,"$119,400"
1513,Marketing,Media Buying Agreement #2512,Malaysia,Evergreen Networks Sdn Bhd,Atlas Technologies Sdn Bhd,Renewal contingent on performance KPIs,12-พ.ค.-2027,19-พ.ค.-2027,09-ก.ค.-2028,Siti C.,Scope extension being discussed with partner,Renewed,"$620,100"
1514,Construction & Maintenance,Building Renovation Contract #2513,South Korea,"Solace Group Co., Ltd.",Internal - HR Dept.,"Multi-year framework agreement, reviewed yearly",01-ธ.ค.-2023,01-ธ.ค.-2023,25-ม.ค.-2025,Wei L.,No issues reported this cycle,Expired/Not renewed,"$817,700"
1515,Telecommunications,VoIP Services Agreement #2514,Cambodia,"Apex Consulting Co., Ltd.",Internal - Admin Dept.,"Multi-year framework agreement, reviewed yearly",02-ต.ค.-2025,09-ต.ค.-2025,13-ก.พ.-2029,Minji G.,Flagged for cost optimization review,Renewed,"$466,600"
1516,Legal,Corporate Legal Advisory Retainer #2515,India,Apex Systems Pvt. Ltd.,Internal - IT Dept.,Volume discount tier applies above threshold spend,12-ธ.ค.-2025,12-ธ.ค.-2025,12-พ.ค.-2027,Chloe P.,Alternative vendors being benchmarked,Renewed,"$546,600"
1517,IT Services,IT Helpdesk & Support Contract #2516,India,Radiant Consulting Pvt. Ltd.,Summit Technologies Pvt. Ltd.,Renewal contingent on performance KPIs,01-ก.พ.-2025,01-ก.พ.-2025,04-มิ.ย.-2028,Piyawan E.,"Renewal quote received, under internal review",Renewed,"$1,058,200"
1518,Real Estate & Leasing,Office Space Lease Agreement #2517,Myanmar,"Apex Industries Co., Ltd.",Internal - Marketing Dept.,Service level agreement reviewed annually,05-ม.ค.-2023,19-ม.ค.-2023,29-ก.ย.-2025,Hiroshi R.,Scope extension being discussed with partner,Expired/Not renewed,"$1,342,600"
1519,Construction & Maintenance,Building Renovation Contract #2518,Japan,Meridian Networks K.K.,Internal - Finance Dept.,Includes 24/7 support SLA with penalty clauses,09-ต.ค.-2023,09-ต.ค.-2023,29-พ.ย.-2026,Ploy T.,"Renewal quote received, under internal review",Upcoming renewal,"$182,700"
1520,Travel & Events,Corporate Travel Management Agreement #2519,Malaysia,Silverline Partners Sdn Bhd,Pacific Technologies Sdn Bhd,Renewal contingent on performance KPIs,09-ต.ค.-2023,09-ต.ค.-2023,16-ต.ค.-2024,James J.,"Renewal quote received, under internal review",Expired/Not renewed,"$388,600"
1521,Insurance,Cargo Insurance Agreement #2520,Vietnam,Alliance Partners JSC,Beacon Technologies JSC,Renewal contingent on performance KPIs,31-มี.ค.-2024,07-เม.ย.-2024,17-มิ.ย.-2026,James P.,Relationship manager reassigned this quarter,Expired/Not renewed,"$730,400"
1522,Software Licensing,Enterprise Software License (ERP) #2521,India,Delta Enterprises Pvt. Ltd.,Internal - Admin Dept.,Includes quarterly business review meetings,04-ก.ย.-2023,04-ก.ย.-2023,19-ต.ค.-2026,Piyawan P.,Scope extension being discussed with partner,Negotiation in progress,"$2,352,800"
1523,Cleaning & Facility,Office Facility Management Contract #2522,Malaysia,Falcon Technologies Sdn Bhd,Meridian Industries Sdn Bhd,Exclusive regional distribution rights included,01-ส.ค.-2023,01-ส.ค.-2023,04-ม.ค.-2027,Laura G.,Legal review in progress before renewal,Negotiation in progress,"$142,100"
1524,Financial Services,Audit & Assurance Engagement #2523,Australia,BlueSky Services Pty Ltd,Internal - IT Security,Volume discount tier applies above threshold spend,28-พ.ย.-2023,28-พ.ย.-2023,11-ธ.ค.-2026,Priya C.,No issues reported this cycle,Upcoming renewal,"$502,000"
1525,Waste Management,Recycling Services Agreement #2524,Myanmar,"Trident Systems Co., Ltd.",Internal - Supply Chain,Volume discount tier applies above threshold spend,18-พ.ย.-2024,18-พ.ย.-2024,13-ก.พ.-2027,Nathan W.,Budget approval pending for renewal,Negotiation in progress,"$18,900"
1526,Manufacturing Supply,OEM Production Agreement #2525,France,Falcon Ventures SAS,Internal - Supply Chain,Service level agreement reviewed annually,11-ธ.ค.-2023,11-ธ.ค.-2023,01-ก.ค.-2027,Emily F.,Alternative vendors being benchmarked,Renewed,"$1,619,900"
1527,Financial Services,Corporate Banking Services Agreement #2526,Thailand,"Unity Ventures Co., Ltd.","Crest Solutions Co., Ltd.","Auto-renew clause, 60 days notice required",19-เม.ย.-2022,19-เม.ย.-2022,01-พ.ย.-2024,Anucha J.,Flagged for cost optimization review,Expired/Not renewed,"$843,700"
1528,Manufacturing Supply,Raw Material Supply Agreement #2527,Philippines,Unity Logistics Inc.,Granite Dynamics Inc.,"Auto-renew clause, 45 days notice required",23-ม.ค.-2021,30-ม.ค.-2021,22-พ.ค.-2024,Somchai A.,"Renewal quote received, under internal review",Expired/Not renewed,"$2,211,800"
1529,Travel & Events,Corporate Travel Management Agreement #2528,Indonesia,Lumen Partners PT,Internal - HR Dept.,Service level agreement reviewed annually,17-ส.ค.-2024,17-ส.ค.-2024,06-ส.ค.-2027,Carlos R.,Vendor performance review scheduled,Renewed,"$64,600"
1530,Security,Executive Protection Services #2529,Philippines,Onyx Partners Inc.,Internal - E-commerce,-,12-ก.พ.-2023,12-ก.พ.-2023,12-มี.ค.-2025,Tanawat K.,Legal review in progress before renewal,Expired/Not renewed,"$500,000"
1531,Logistics,Last-Mile Delivery Partnership #2530,Thailand,"Cascade Consulting Co., Ltd.",Internal - E-commerce,"Multi-year framework agreement, reviewed yearly",10-ธ.ค.-2022,10-ธ.ค.-2022,11-ม.ค.-2026,Ravi W.,-,Expired/Not renewed,"$1,282,900"
1532,Construction & Maintenance,HVAC Maintenance Agreement #2531,Japan,Sterling Dynamics K.K.,BlueSky Capital K.K.,-,12-มี.ค.-2023,26-มี.ค.-2023,22-ธ.ค.-2026,Somchai N.,Flagged for cost optimization review,Negotiation in progress,"$1,961,600"
1533,HR & Payroll,Outsourced Payroll Processing Contract #2532,Thailand,"Vertex Solutions Co., Ltd.","Prime Technologies Co., Ltd.",Renewal contingent on performance KPIs,29-พ.ย.-2023,29-พ.ย.-2023,10-ต.ค.-2026,Arjun K.,Legal review in progress before renewal,Negotiation in progress,"$317,900"
1534,Insurance,Group Health Insurance Policy #2533,United Arab Emirates,Onyx Networks LLC,Titan Partners LLC,Pricing subject to annual CPI adjustment,23-พ.ย.-2026,23-พ.ย.-2026,22-ก.พ.-2029,Aiko C.,Flagged for cost optimization review,Renewed,"$596,700"
1535,IT Services,Data Center Colocation Contract #2534,South Korea,"Beacon Group Co., Ltd.","Pacific Industries Co., Ltd.",Pricing subject to annual CPI adjustment,14-ก.ย.-2022,28-ก.ย.-2022,30-ธ.ค.-2025,Ravi I.,Flagged for cost optimization review,Expired/Not renewed,"$1,473,200"
1536,Construction & Maintenance,Building Renovation Contract #2535,United States,Emerald Trading Inc.,Internal - Operations,-,14-พ.ย.-2023,28-พ.ย.-2023,04-เม.ย.-2027,Minji F.,Legal review in progress before renewal,Renewed,"$1,930,400"
1537,Financial Services,Corporate Banking Services Agreement #2536,Indonesia,Ivory Networks PT,Internal - Marketing Dept.,Pricing subject to annual CPI adjustment,08-ส.ค.-2025,15-ส.ค.-2025,06-ธ.ค.-2027,Nathan K.,-,Renewed,"$763,500"
1538,Marketing,Brand Campaign Agreement #2537,United Kingdom,Sterling Partners Ltd.,Internal - Marketing Dept.,"Auto-renew clause, 90 days notice required",08-ส.ค.-2025,08-ส.ค.-2025,05-ธ.ค.-2026,Daniel S.,Legal review in progress before renewal,Upcoming renewal,"$334,800"
1539,Consulting,Digital Transformation Consulting #2538,United Arab Emirates,Vanguard Holdings LLC,Internal - HR Dept.,"Auto-renew clause, 90 days notice required",23-ส.ค.-2026,23-ส.ค.-2026,26-ส.ค.-2028,Minji J.,Legal review in progress before renewal,Renewed,"$971,100"
1540,Security,Physical Security & Guard Services #2539,South Korea,"NorthStar Systems Co., Ltd.",Internal - Operations,Pricing subject to annual CPI adjustment,16-ม.ค.-2024,16-ม.ค.-2024,07-ต.ค.-2026,Piyawan I.,Alternative vendors being benchmarked,Upcoming renewal,"$364,300"
1541,Real Estate & Leasing,Equipment Leasing Agreement #2540,Malaysia,Sterling Services Sdn Bhd,Internal - Operations,Service level agreement reviewed annually,10-ต.ค.-2023,10-ต.ค.-2023,23-พ.ย.-2026,Nattapong M.,Relationship manager reassigned this quarter,Upcoming renewal,"$852,700"
1542,Logistics,Fleet Logistics Services Contract #2541,South Korea,"Silverline Industries Co., Ltd.","Trident Services Co., Ltd.",Service level agreement reviewed annually,03-พ.ค.-2025,03-พ.ค.-2025,19-ต.ค.-2026,Arjun L.,Alternative vendors being benchmarked,Upcoming renewal,"$1,170,100"
1543,HR & Payroll,HR Systems Implementation Contract #2542,Singapore,Cascade Solutions Pte Ltd,Vertex Networks Pte Ltd,Service level agreement reviewed annually,12-ส.ค.-2026,12-ส.ค.-2026,30-มิ.ย.-2028,Aiko W.,Vendor performance review scheduled,Renewed,"$201,900"
1544,Cleaning & Facility,Janitorial Services Agreement #2543,Thailand,"Nova Consulting Co., Ltd.",Internal - E-commerce,"Multi-year framework agreement, reviewed yearly",27-พ.ย.-2026,04-ธ.ค.-2026,28-พ.ย.-2028,Budi L.,-,Renewed,"$140,000"
1545,Software Licensing,CRM Platform Subscription Agreement #2544,South Korea,"Vertex Trading Co., Ltd.","Silverline Group Co., Ltd.","Auto-renew clause, 60 days notice required",26-พ.ย.-2023,26-พ.ย.-2023,28-พ.ย.-2026,Wei R.,"Renewal quote received, under internal review",Upcoming renewal,"$575,200"
1546,Fleet & Transportation,Corporate Shuttle Service Contract #2545,Singapore,Pacific Industries Pte Ltd,Internal - Admin Dept.,"Auto-renew clause, 30 days notice required",23-ก.พ.-2026,23-ก.พ.-2026,29-มิ.ย.-2027,David P.,No issues reported this cycle,Renewed,"$71,200"
1547,Construction & Maintenance,Civil Works Contract #2546,Germany,Pacific Ventures GmbH,Internal - Supply Chain,Includes 24/7 support SLA with penalty clauses,31-ต.ค.-2023,14-พ.ย.-2023,07-พ.ย.-2026,Minji P.,No issues reported this cycle,Upcoming renewal,"$635,500"
1548,Cleaning & Facility,Janitorial Services Agreement #2547,South Korea,"Global Technologies Co., Ltd.","Falcon Enterprises Co., Ltd.",Renewal contingent on performance KPIs,14-มี.ค.-2021,21-มี.ค.-2021,04-พ.ย.-2024,David C.,Legal review in progress before renewal,Expired/Not renewed,"$321,500"
1549,Construction & Maintenance,Building Renovation Contract #2548,United Kingdom,Titan Dynamics Ltd.,Metro Dynamics Ltd.,Volume discount tier applies above threshold spend,31-ต.ค.-2024,14-พ.ย.-2024,20-ธ.ค.-2026,Budi W.,Relationship manager reassigned this quarter,Negotiation in progress,"$1,406,100"
1550,Travel & Events,Corporate Travel Management Agreement #2549,Germany,Zenith Networks GmbH,Internal - Supply Chain,Pricing subject to annual CPI adjustment,18-ต.ค.-2024,01-พ.ย.-2024,24-ก.ย.-2026,Tanawat N.,Flagged for cost optimization review,Upcoming renewal,"$43,800"
1551,Logistics,Freight Forwarding Contract #2550,Germany,Meridian Logistics GmbH,Internal - Admin Dept.,Includes 24/7 support SLA with penalty clauses,25-เม.ย.-2025,25-เม.ย.-2025,15-ต.ค.-2028,Budi M.,Scope extension being discussed with partner,Renewed,"$726,200"
1552,Construction & Maintenance,Building Renovation Contract #2551,South Korea,"Vertex Partners Co., Ltd.",Internal - Finance Dept.,Renewal contingent on performance KPIs,11-ส.ค.-2023,25-ส.ค.-2023,08-ต.ค.-2026,Ahmed T.,Alternative vendors being benchmarked,Upcoming renewal,"$1,447,900"
1553,HR & Payroll,Employee Benefits Administration #2552,United Arab Emirates,Horizon Consulting LLC,Internal - Legal Dept.,"Multi-year framework agreement, reviewed yearly",08-เม.ย.-2023,08-เม.ย.-2023,22-ต.ค.-2026,Carlos A.,Flagged for cost optimization review,Upcoming renewal,"$312,600"
1554,Fleet & Transportation,Corporate Shuttle Service Contract #2553,Indonesia,Metro Consulting PT,Internal - Operations,Service level agreement reviewed annually,07-ก.ค.-2025,14-ก.ค.-2025,30-ส.ค.-2028,Ahmed W.,Flagged for cost optimization review,Renewed,"$559,100"
1555,Telecommunications,VoIP Services Agreement #2554,Malaysia,Emerald Enterprises Sdn Bhd,Emerald Networks Sdn Bhd,Includes quarterly business review meetings,03-มิ.ย.-2023,03-มิ.ย.-2023,14-มี.ค.-2025,Wanida K.,Alternative vendors being benchmarked,Expired/Not renewed,"$84,100"
1556,Financial Services,Audit & Assurance Engagement #2555,Philippines,Delta Ventures Inc.,Internal - HR Dept.,Pricing subject to annual CPI adjustment,14-ม.ค.-2023,14-ม.ค.-2023,09-ต.ค.-2026,David L.,Scope extension being discussed with partner,Upcoming renewal,"$993,600"
1557,HR & Payroll,HR Systems Implementation Contract #2556,United Arab Emirates,Orion Ventures LLC,Internal - HR Dept.,Service level agreement reviewed annually,02-ม.ค.-2026,16-ม.ค.-2026,08-ก.ย.-2028,Daniel I.,No issues reported this cycle,Renewed,"$179,000"
1558,Insurance,Property & Casualty Insurance Contract #2557,United States,Alliance Solutions Inc.,Internal - IT Security,Exclusive regional distribution rights included,14-เม.ย.-2023,28-เม.ย.-2023,17-ม.ค.-2025,Michael A.,Budget approval pending for renewal,Expired/Not renewed,"$645,600"
1559,Legal,Litigation Support Contract #2558,Indonesia,Summit Networks PT,Anchor Networks PT,-,21-ต.ค.-2021,21-ต.ค.-2021,05-ส.ค.-2024,Aiko W.,Legal review in progress before renewal,Expired/Not renewed,"$374,100"
1560,Telecommunications,Satellite Communication Contract #2559,Indonesia,Meridian Partners PT,Internal - Operations,"Auto-renew clause, 45 days notice required",18-ก.พ.-2024,25-ก.พ.-2024,16-ต.ค.-2026,Yuki A.,Budget approval pending for renewal,Upcoming renewal,"$333,800"
1561,Travel & Events,Event Management Services Contract #2560,Cambodia,"Beacon Partners Co., Ltd.",Internal - E-commerce,Includes 24/7 support SLA with penalty clauses,01-พ.ย.-2022,01-พ.ย.-2022,20-ต.ค.-2026,Suchada O.,Vendor performance review scheduled,Upcoming renewal,"$46,500"
1562,HR & Payroll,Employee Benefits Administration #2561,Japan,Anchor Partners K.K.,Pinnacle Systems K.K.,"Multi-year framework agreement, reviewed yearly",02-มิ.ย.-2027,09-มิ.ย.-2027,02-ก.ค.-2028,Wanida M.,Flagged for cost optimization review,Renewed,"$90,900"
1563,Manufacturing Supply,Component Manufacturing Contract #2562,Japan,Global Group K.K.,Internal - Legal Dept.,Includes quarterly business review meetings,30-ก.ย.-2020,30-ก.ย.-2020,25-ส.ค.-2024,Nattapong B.,Alternative vendors being benchmarked,Expired/Not renewed,"$2,063,200"
1564,Telecommunications,Satellite Communication Contract #2563,Taiwan,"Silverline Enterprises Co., Ltd.","Silverline Networks Co., Ltd.",Includes 24/7 support SLA with penalty clauses,10-เม.ย.-2023,24-เม.ย.-2023,29-มี.ค.-2025,Nathan A.,Scope extension being discussed with partner,Expired/Not renewed,"$431,600"
1565,Software Licensing,Business Intelligence Platform License #2564,Thailand,"Bright Systems Co., Ltd.",Internal - Operations,"Auto-renew clause, 15 days notice required",11-ธ.ค.-2024,11-ธ.ค.-2024,17-เม.ย.-2028,James A.,Scope extension being discussed with partner,Renewed,"$1,715,600"
1566,Cleaning & Facility,Facility Maintenance Contract #2565,China,"Trident Trading Co., Ltd.","Horizon Enterprises Co., Ltd.",Pricing subject to annual CPI adjustment,08-มี.ค.-2024,15-มี.ค.-2024,02-พ.ย.-2026,Suchada A.,-,Upcoming renewal,"$47,300"
1567,Waste Management,Recycling Services Agreement #2566,Singapore,Silverline Capital Pte Ltd,Pinnacle Logistics Pte Ltd,Exclusive regional distribution rights included,21-มี.ค.-2024,21-มี.ค.-2024,28-ก.ย.-2026,Hiroshi C.,Flagged for cost optimization review,Upcoming renewal,"$28,500"
1568,Construction & Maintenance,Building Renovation Contract #2567,Vietnam,Silverline Services JSC,Internal - IT Security,Renewal contingent on performance KPIs,01-พ.ย.-2025,08-พ.ย.-2025,04-ส.ค.-2028,Minji R.,Scope extension being discussed with partner,Renewed,"$656,400"
1569,Logistics,Customs Brokerage Agreement #2568,Myanmar,"Global Group Co., Ltd.","Ivory Services Co., Ltd.",-,29-พ.ค.-2024,29-พ.ค.-2024,17-พ.ย.-2026,Arjun O.,Vendor performance review scheduled,Upcoming renewal,"$209,600"
1570,Training & Development,Leadership Development Engagement #2569,Malaysia,Vanguard Capital Sdn Bhd,Silverline Innovations Sdn Bhd,Renewal contingent on performance KPIs,09-ธ.ค.-2022,16-ธ.ค.-2022,06-พ.ย.-2026,Kanokwan N.,"Renewal quote received, under internal review",Upcoming renewal,"$133,000"
1571,Marketing,Influencer Partnership Contract #2570,Cambodia,"Pinnacle Innovations Co., Ltd.","Atlas Dynamics Co., Ltd.","Auto-renew clause, 45 days notice required",28-ม.ค.-2023,28-ม.ค.-2023,29-ก.ย.-2026,Carlos G.,Flagged for cost optimization review,Upcoming renewal,"$653,100"
1572,Consulting,Business Process Improvement Engagement #2571,United States,Quantum Systems Inc.,Internal - E-commerce,"Multi-year framework agreement, reviewed yearly",04-ต.ค.-2023,04-ต.ค.-2023,29-ต.ค.-2026,Ahmed N.,No issues reported this cycle,Negotiation in progress,"$463,100"
1573,Fleet & Transportation,Fleet Maintenance Agreement #2572,Hong Kong,BlueSky Technologies Ltd.,Internal - HR Dept.,Pricing subject to annual CPI adjustment,09-ก.ย.-2025,23-ก.ย.-2025,09-ส.ค.-2028,Emily D.,Legal review in progress before renewal,Renewed,"$58,100"
1574,Manufacturing Supply,Raw Material Supply Agreement #2573,Germany,Onyx Innovations GmbH,Internal - Admin Dept.,Includes 24/7 support SLA with penalty clauses,28-ธ.ค.-2023,28-ธ.ค.-2023,25-พ.ย.-2026,Carlos A.,Relationship manager reassigned this quarter,Upcoming renewal,"$714,600"
1575,Software Licensing,Cybersecurity Software License #2574,Germany,Radiant Industries GmbH,Internal - Marketing Dept.,"Multi-year framework agreement, reviewed yearly",03-ม.ค.-2024,03-ม.ค.-2024,31-ม.ค.-2027,Suchada F.,Flagged for cost optimization review,Negotiation in progress,"$1,293,700"
1576,Training & Development,Corporate Training Program Agreement #2575,Japan,Global Innovations K.K.,Internal - Procurement,Volume discount tier applies above threshold spend,29-ธ.ค.-2023,05-ม.ค.-2024,21-ก.ย.-2027,Siti H.,Flagged for cost optimization review,Renewed,"$146,100"
1577,Insurance,Cyber Liability Insurance Policy #2576,Indonesia,Sterling Partners PT,Crest Capital PT,Service level agreement reviewed annually,07-มิ.ย.-2025,14-มิ.ย.-2025,01-ก.ค.-2026,Carlos A.,-,Expired/Not renewed,"$1,363,900"
1578,Cleaning & Facility,Pest Control Services Agreement #2577,China,"NorthStar Enterprises Co., Ltd.",Internal - Operations,-,15-ก.ค.-2023,22-ก.ค.-2023,22-ม.ค.-2027,Fatima B.,"Renewal quote received, under internal review",Negotiation in progress,"$41,900"
1579,Fleet & Transportation,Fleet Maintenance Agreement #2578,Cambodia,"Crest Group Co., Ltd.",Internal - Procurement,-,20-ธ.ค.-2021,27-ธ.ค.-2021,16-ก.ค.-2025,Chloe L.,Alternative vendors being benchmarked,Expired/Not renewed,"$280,500"
1580,Printing & Publishing,Signage & Print Production Agreement #2579,South Korea,"Quantum Technologies Co., Ltd.","Prime Solutions Co., Ltd.",Pricing subject to annual CPI adjustment,10-ม.ค.-2025,17-ม.ค.-2025,27-ต.ค.-2026,Yuki E.,Relationship manager reassigned this quarter,Upcoming renewal,"$138,000"
1581,Real Estate & Leasing,Retail Unit Lease Contract #2580,Japan,Evergreen Partners K.K.,Radiant Consulting K.K.,Includes 24/7 support SLA with penalty clauses,04-มิ.ย.-2027,04-มิ.ย.-2027,16-ก.ค.-2028,Sarah W.,Alternative vendors being benchmarked,Renewed,"$3,481,700"
1582,Logistics,Freight Forwarding Contract #2581,Malaysia,Bright Innovations Sdn Bhd,Radiant Group Sdn Bhd,Service level agreement reviewed annually,13-เม.ย.-2026,13-เม.ย.-2026,11-ก.ค.-2027,Laura B.,-,Renewed,"$744,700"
1583,IT Services,Data Center Colocation Contract #2582,Hong Kong,Apex Partners Ltd.,Internal - E-commerce,"Multi-year framework agreement, reviewed yearly",18-ก.พ.-2022,04-มี.ค.-2022,22-ก.ย.-2025,Fatima I.,Budget approval pending for renewal,Expired/Not renewed,"$2,302,800"
1584,Insurance,Property & Casualty Insurance Contract #2583,Hong Kong,Granite Enterprises Ltd.,Internal - Marketing Dept.,Renewal contingent on performance KPIs,26-ม.ค.-2027,26-ม.ค.-2027,30-ก.ค.-2028,Kanokwan J.,Alternative vendors being benchmarked,Renewed,"$595,100"
1585,Insurance,Property & Casualty Insurance Contract #2584,South Korea,"NorthStar Solutions Co., Ltd.","Horizon Innovations Co., Ltd.",Pricing subject to annual CPI adjustment,16-เม.ย.-2025,16-เม.ย.-2025,31-ม.ค.-2027,Daniel N.,No issues reported this cycle,Negotiation in progress,"$607,500"
1586,Security,Access Control System Contract #2585,United Arab Emirates,Vertex Technologies LLC,Internal - IT Dept.,Exclusive regional distribution rights included,10-เม.ย.-2025,10-เม.ย.-2025,03-ต.ค.-2026,Nattapong S.,Budget approval pending for renewal,Negotiation in progress,"$338,300"
1587,Marketing,Creative & Branding Services #2586,Cambodia,"Prime Services Co., Ltd.",Internal - Legal Dept.,Pricing subject to annual CPI adjustment,13-ต.ค.-2024,13-ต.ค.-2024,06-ก.พ.-2026,Budi M.,Scope extension being discussed with partner,Expired/Not renewed,"$889,700"
1588,Software Licensing,Enterprise Software License (ERP) #2587,Myanmar,"Quantum Solutions Co., Ltd.",Internal - IT Dept.,Renewal contingent on performance KPIs,13-ส.ค.-2024,13-ส.ค.-2024,06-ธ.ค.-2026,Piyawan T.,-,Upcoming renewal,"$1,670,300"
1589,Insurance,Cargo Insurance Agreement #2588,Taiwan,"Apex Holdings Co., Ltd.",Internal - Admin Dept.,"Auto-renew clause, 45 days notice required",12-ก.ค.-2025,26-ก.ค.-2025,06-พ.ย.-2026,Minji C.,Scope extension being discussed with partner,Negotiation in progress,"$1,117,200"
1590,Training & Development,E-Learning Platform License #2589,Germany,Delta Consulting GmbH,Internal - HR Dept.,Service level agreement reviewed annually,24-ก.ย.-2022,24-ก.ย.-2022,07-ส.ค.-2026,Wei S.,Flagged for cost optimization review,Expired/Not renewed,"$50,700"
1591,Marketing,Digital Marketing Retainer #2590,United States,Pinnacle Technologies Inc.,Unity Dynamics Inc.,"Multi-year framework agreement, reviewed yearly",20-ก.ค.-2025,20-ก.ค.-2025,02-ต.ค.-2026,Ahmed H.,-,Upcoming renewal,"$619,200"
1592,Real Estate & Leasing,Equipment Leasing Agreement #2591,Germany,Emerald Enterprises GmbH,Internal - Corporate Affairs,Exclusive regional distribution rights included,24-มี.ค.-2025,24-มี.ค.-2025,04-ธ.ค.-2026,Arjun E.,Scope extension being discussed with partner,Upcoming renewal,"$742,700"
1593,Travel & Events,Event Management Services Contract #2592,Germany,Falcon Solutions GmbH,Pacific Ventures GmbH,Service level agreement reviewed annually,29-ส.ค.-2023,05-ก.ย.-2023,13-ก.ค.-2027,Chloe P.,Flagged for cost optimization review,Renewed,"$196,700"
1594,Consulting,Digital Transformation Consulting #2593,Germany,Metro Networks GmbH,Internal - IT Security,Service level agreement reviewed annually,12-มิ.ย.-2026,19-มิ.ย.-2026,14-พ.ค.-2028,Nattapong C.,Vendor performance review scheduled,Renewed,"$1,112,200"
1595,Security,Physical Security & Guard Services #2594,Germany,Delta Networks GmbH,Internal - Procurement,Renewal contingent on performance KPIs,12-เม.ย.-2024,12-เม.ย.-2024,30-มิ.ย.-2027,Carlos O.,Flagged for cost optimization review,Renewed,"$97,000"
1596,Real Estate & Leasing,Retail Unit Lease Contract #2595,Thailand,"Beacon Technologies Co., Ltd.",Internal - Admin Dept.,Pricing subject to annual CPI adjustment,07-พ.ค.-2023,14-พ.ค.-2023,21-ม.ค.-2027,Kanokwan E.,Relationship manager reassigned this quarter,Negotiation in progress,"$803,900"
1597,Software Licensing,Cybersecurity Software License #2596,India,Prime Enterprises Pvt. Ltd.,Orion Solutions Pvt. Ltd.,Exclusive regional distribution rights included,20-ก.พ.-2024,27-ก.พ.-2024,08-พ.ย.-2025,Nattapong C.,Relationship manager reassigned this quarter,Expired/Not renewed,"$350,300"
1598,Waste Management,Recycling Services Agreement #2597,Cambodia,"Quantum Consulting Co., Ltd.","Vertex Trading Co., Ltd.",Includes quarterly business review meetings,16-ม.ค.-2027,16-ม.ค.-2027,28-มิ.ย.-2028,Ahmed C.,Alternative vendors being benchmarked,Renewed,"$254,000"
1599,Logistics,Warehouse Lease & Operation Agreement #2598,Singapore,Orion Logistics Pte Ltd,Internal - Corporate Affairs,Renewal contingent on performance KPIs,29-ธ.ค.-2026,12-ม.ค.-2027,16-ม.ค.-2029,Hiroshi I.,Budget approval pending for renewal,Renewed,"$1,708,800"
1600,Training & Development,Corporate Training Program Agreement #2599,Singapore,Crown Solutions Pte Ltd,Radiant Enterprises Pte Ltd,Renewal contingent on performance KPIs,08-ต.ค.-2024,08-ต.ค.-2024,04-ก.ย.-2027,Budi D.,-,Renewed,"$28,500"
1601,Travel & Events,Conference Venue Agreement #2600,China,"BlueSky Solutions Co., Ltd.",Internal - IT Security,"Multi-year framework agreement, reviewed yearly",11-ธ.ค.-2023,11-ธ.ค.-2023,20-มี.ค.-2026,Ahmed E.,Flagged for cost optimization review,Expired/Not renewed,"$169,100"
1602,IT Services,IT Helpdesk & Support Contract #2601,United Kingdom,BlueSky Logistics Ltd.,Internal - Finance Dept.,Exclusive regional distribution rights included,25-มิ.ย.-2022,02-ก.ค.-2022,19-มิ.ย.-2024,Nattapong E.,Legal review in progress before renewal,Expired/Not renewed,"$1,655,900"
1603,Fleet & Transportation,Fleet Maintenance Agreement #2602,France,Orion Industries SAS,Internal - Procurement,Includes quarterly business review meetings,25-พ.ค.-2024,25-พ.ค.-2024,03-มี.ค.-2028,Arjun A.,Alternative vendors being benchmarked,Renewed,"$729,900"
1604,Real Estate & Leasing,Retail Unit Lease Contract #2603,United States,Zenith Innovations Inc.,Internal - Procurement,Pricing subject to annual CPI adjustment,07-ก.ค.-2024,07-ก.ค.-2024,07-ธ.ค.-2026,Ploy G.,Legal review in progress before renewal,Negotiation in progress,"$1,133,400"
1605,Software Licensing,CRM Platform Subscription Agreement #2604,Germany,Onyx Networks GmbH,Internal - E-commerce,Exclusive regional distribution rights included,17-ก.ค.-2024,17-ก.ค.-2024,28-ต.ค.-2026,Minji R.,Alternative vendors being benchmarked,Upcoming renewal,"$1,973,400"
1606,Travel & Events,Corporate Travel Management Agreement #2605,Japan,Delta Ventures K.K.,Ivory Services K.K.,Includes 24/7 support SLA with penalty clauses,17-ต.ค.-2020,24-ต.ค.-2020,24-พ.ค.-2024,Emily A.,Flagged for cost optimization review,Expired/Not renewed,"$152,300"
1607,Real Estate & Leasing,Equipment Leasing Agreement #2606,India,Metro Holdings Pvt. Ltd.,Zenith Enterprises Pvt. Ltd.,"Auto-renew clause, 45 days notice required",05-ก.พ.-2024,19-ก.พ.-2024,09-ม.ค.-2027,Hiroshi J.,Budget approval pending for renewal,Negotiation in progress,"$206,800"
1608,Logistics,Customs Brokerage Agreement #2607,United States,Apex Holdings Inc.,Internal - HR Dept.,-,21-มี.ค.-2024,21-มี.ค.-2024,16-ต.ค.-2026,Wei A.,No issues reported this cycle,Upcoming renewal,"$1,656,100"
1609,Logistics,Fleet Logistics Services Contract #2608,France,Anchor Industries SAS,Emerald Partners SAS,"Auto-renew clause, 15 days notice required",14-มี.ค.-2027,14-มี.ค.-2027,22-มี.ค.-2028,Michael I.,Alternative vendors being benchmarked,Renewed,"$1,033,900"
1610,Cleaning & Facility,Janitorial Services Agreement #2609,Australia,Onyx Trading Pty Ltd,Internal - IT Dept.,"Multi-year framework agreement, reviewed yearly",13-ก.ค.-2024,27-ก.ค.-2024,09-ส.ค.-2026,Somchai J.,Scope extension being discussed with partner,Expired/Not renewed,"$42,000"
1611,Marketing,Creative & Branding Services #2610,Indonesia,Beacon Systems PT,Crown Industries PT,Pricing subject to annual CPI adjustment,17-ก.พ.-2025,17-ก.พ.-2025,03-ต.ค.-2026,Laura G.,-,Upcoming renewal,"$230,300"
1612,Telecommunications,VoIP Services Agreement #2611,Philippines,Vanguard Trading Inc.,Internal - Finance Dept.,Pricing subject to annual CPI adjustment,07-ม.ค.-2026,07-ม.ค.-2026,23-ก.พ.-2029,Emily S.,-,Renewed,"$568,200"
1613,Printing & Publishing,Signage & Print Production Agreement #2612,United States,Emerald Industries Inc.,Internal - E-commerce,-,21-เม.ย.-2024,28-เม.ย.-2024,11-ต.ค.-2026,Ahmed L.,No issues reported this cycle,Negotiation in progress,"$195,500"
1614,HR & Payroll,Employee Benefits Administration #2613,Australia,Pacific Consulting Pty Ltd,Internal - Operations,Exclusive regional distribution rights included,05-ก.ค.-2022,05-ก.ค.-2022,19-ม.ค.-2026,Ahmed K.,Relationship manager reassigned this quarter,Expired/Not renewed,"$370,700"
1615,Security,CCTV Monitoring Agreement #2614,Taiwan,"Pacific Networks Co., Ltd.",Internal - Admin Dept.,Pricing subject to annual CPI adjustment,14-เม.ย.-2025,14-เม.ย.-2025,08-ต.ค.-2026,Hiroshi M.,Vendor performance review scheduled,Upcoming renewal,"$417,800"
1616,Manufacturing Supply,OEM Production Agreement #2615,China,"Pacific Holdings Co., Ltd.","Prime Capital Co., Ltd.",-,03-พ.ค.-2021,10-พ.ค.-2021,31-ต.ค.-2024,Budi R.,-,Expired/Not renewed,"$723,200"
1617,Manufacturing Supply,Component Manufacturing Contract #2616,Cambodia,"Crown Consulting Co., Ltd.",Internal - HR Dept.,Includes 24/7 support SLA with penalty clauses,09-ก.พ.-2022,09-ก.พ.-2022,28-ธ.ค.-2024,Nattapong H.,Legal review in progress before renewal,Expired/Not renewed,"$1,799,700"
1618,Construction & Maintenance,Civil Works Contract #2617,Singapore,Bright Partners Pte Ltd,Vertex Networks Pte Ltd,Renewal contingent on performance KPIs,02-พ.ค.-2022,02-พ.ค.-2022,15-ก.ค.-2024,David D.,Flagged for cost optimization review,Expired/Not renewed,"$1,568,700"
1619,Logistics,Warehouse Lease & Operation Agreement #2618,India,Granite Trading Pvt. Ltd.,Horizon Technologies Pvt. Ltd.,Service level agreement reviewed annually,25-ส.ค.-2023,25-ส.ค.-2023,22-พ.ย.-2026,Suchada E.,Vendor performance review scheduled,Negotiation in progress,"$691,000"
1620,HR & Payroll,Employee Benefits Administration #2619,Malaysia,Metro Systems Sdn Bhd,Internal - Supply Chain,Includes quarterly business review meetings,07-ส.ค.-2027,07-ส.ค.-2027,14-ธ.ค.-2028,Ravi M.,-,Renewed,"$291,600"
1621,Insurance,Property & Casualty Insurance Contract #2620,China,"Quantum Consulting Co., Ltd.",Internal - Procurement,Volume discount tier applies above threshold spend,22-พ.ย.-2025,22-พ.ย.-2025,23-ธ.ค.-2028,Priya H.,Vendor performance review scheduled,Renewed,"$1,375,600"
1622,Fleet & Transportation,Vehicle Leasing Agreement #2621,United Arab Emirates,Crest Group LLC,Pacific Services LLC,Pricing subject to annual CPI adjustment,02-ธ.ค.-2023,16-ธ.ค.-2023,30-ก.ค.-2027,Daniel E.,Relationship manager reassigned this quarter,Renewed,"$131,300"
1623,Consulting,Business Process Improvement Engagement #2622,Philippines,Granite Group Inc.,NorthStar Consulting Inc.,"Multi-year framework agreement, reviewed yearly",10-พ.ค.-2024,10-พ.ค.-2024,26-มี.ค.-2026,Ploy H.,No issues reported this cycle,Expired/Not renewed,"$728,700"
1624,Marketing,Digital Marketing Retainer #2623,Australia,Anchor Enterprises Pty Ltd,Delta Innovations Pty Ltd,Includes quarterly business review meetings,09-พ.ค.-2023,16-พ.ค.-2023,25-พ.ย.-2026,Nattapong L.,No issues reported this cycle,Upcoming renewal,"$20,900"
1625,Real Estate & Leasing,Retail Unit Lease Contract #2624,Vietnam,Orion Enterprises JSC,Internal - Operations,Exclusive regional distribution rights included,20-ก.พ.-2025,20-ก.พ.-2025,04-มี.ค.-2026,Suchada A.,Scope extension being discussed with partner,Expired/Not renewed,"$3,891,800"
1626,Waste Management,Waste Collection & Disposal Contract #2625,United Arab Emirates,Onyx Logistics LLC,Nova Trading LLC,"Auto-renew clause, 45 days notice required",13-มิ.ย.-2023,20-มิ.ย.-2023,01-ม.ค.-2027,Wei W.,-,Negotiation in progress,"$23,700"
1627,Real Estate & Leasing,Retail Unit Lease Contract #2626,Japan,Cascade Networks K.K.,Beacon Trading K.K.,Volume discount tier applies above threshold spend,20-เม.ย.-2025,27-เม.ย.-2025,31-ส.ค.-2027,Wanida S.,"Renewal quote received, under internal review",Renewed,"$2,731,400"
1628,HR & Payroll,Employee Benefits Administration #2627,Taiwan,"Vertex Dynamics Co., Ltd.",Internal - IT Dept.,Service level agreement reviewed annually,25-ส.ค.-2025,25-ส.ค.-2025,26-ธ.ค.-2026,Kanokwan H.,-,Negotiation in progress,"$225,000"
1629,Legal,IP & Trademark Registration Services #2628,South Korea,"Lumen Holdings Co., Ltd.",Internal - Admin Dept.,Exclusive regional distribution rights included,06-เม.ย.-2024,20-เม.ย.-2024,21-มิ.ย.-2027,Piyawan S.,Alternative vendors being benchmarked,Renewed,"$86,100"
1630,IT Services,Managed IT Services Agreement #2629,South Korea,"Lumen Consulting Co., Ltd.",Internal - Procurement,Includes 24/7 support SLA with penalty clauses,30-ส.ค.-2024,13-ก.ย.-2024,24-ก.ค.-2028,Sarah M.,Relationship manager reassigned this quarter,Renewed,"$1,789,600"
1631,Security,Executive Protection Services #2630,Singapore,Apex Solutions Pte Ltd,Internal - Marketing Dept.,Includes quarterly business review meetings,31-ม.ค.-2023,31-ม.ค.-2023,23-ส.ค.-2026,Kanokwan B.,Budget approval pending for renewal,Expired/Not renewed,"$225,300"
1632,IT Services,Managed IT Services Agreement #2631,Taiwan,"Solace Services Co., Ltd.",Internal - Admin Dept.,Includes quarterly business review meetings,24-เม.ย.-2025,08-พ.ค.-2025,19-ต.ค.-2026,Somchai R.,Legal review in progress before renewal,Negotiation in progress,"$720,900"
1633,Financial Services,Payment Gateway Services Agreement #2632,Germany,Solace Innovations GmbH,Internal - HR Dept.,Volume discount tier applies above threshold spend,04-ธ.ค.-2022,11-ธ.ค.-2022,26-ธ.ค.-2024,Laura M.,Relationship manager reassigned this quarter,Expired/Not renewed,"$445,000"
1634,Training & Development,E-Learning Platform License #2633,Malaysia,Granite Capital Sdn Bhd,Internal - Legal Dept.,Exclusive regional distribution rights included,09-ม.ค.-2025,16-ม.ค.-2025,18-ต.ค.-2026,Sarah T.,Flagged for cost optimization review,Negotiation in progress,"$231,800"
1635,HR & Payroll,Outsourced Payroll Processing Contract #2634,Thailand,"Orion Trading Co., Ltd.",Internal - Finance Dept.,"Auto-renew clause, 30 days notice required",09-ก.ค.-2021,09-ก.ค.-2021,13-มี.ค.-2025,Carlos S.,Vendor performance review scheduled,Expired/Not renewed,"$331,900"
1636,Consulting,Change Management Engagement #2635,India,Atlas Consulting Pvt. Ltd.,Internal - HR Dept.,Volume discount tier applies above threshold spend,12-พ.ย.-2026,12-พ.ย.-2026,13-พ.ย.-2027,Aiko P.,Relationship manager reassigned this quarter,Renewed,"$1,143,700"
1637,Manufacturing Supply,OEM Production Agreement #2636,Malaysia,Nova Holdings Sdn Bhd,Internal - Marketing Dept.,"Multi-year framework agreement, reviewed yearly",23-เม.ย.-2024,07-พ.ค.-2024,28-ก.ค.-2027,Aiko J.,Legal review in progress before renewal,Renewed,"$2,974,800"
1638,Travel & Events,Conference Venue Agreement #2637,Thailand,"Unity Ventures Co., Ltd.",Internal - E-commerce,Renewal contingent on performance KPIs,28-มิ.ย.-2027,28-มิ.ย.-2027,10-ส.ค.-2028,Nathan T.,-,Renewed,"$157,200"
1639,IT Services,IT Helpdesk & Support Contract #2638,China,"Lumen Industries Co., Ltd.",Internal - Corporate Affairs,Service level agreement reviewed annually,04-ก.ค.-2024,18-ก.ค.-2024,23-มิ.ย.-2027,Grace H.,"Renewal quote received, under internal review",Renewed,"$2,440,800"
1640,Security,Executive Protection Services #2639,United Arab Emirates,Summit Ventures LLC,Internal - Admin Dept.,Volume discount tier applies above threshold spend,01-มิ.ย.-2023,01-มิ.ย.-2023,12-ก.ค.-2026,Wanida B.,Relationship manager reassigned this quarter,Expired/Not renewed,"$295,800"
1641,Security,Access Control System Contract #2640,Indonesia,Granite Holdings PT,Internal - Marketing Dept.,Includes 24/7 support SLA with penalty clauses,06-เม.ย.-2025,06-เม.ย.-2025,04-ก.ค.-2028,Nattapong C.,Relationship manager reassigned this quarter,Renewed,"$426,300"
1642,Printing & Publishing,Signage & Print Production Agreement #2641,Myanmar,"Ivory Systems Co., Ltd.","Crest Technologies Co., Ltd.",Volume discount tier applies above threshold spend,28-มี.ค.-2026,28-มี.ค.-2026,21-ก.พ.-2028,Ravi W.,Legal review in progress before renewal,Renewed,"$25,800"
1643,Waste Management,Waste Collection & Disposal Contract #2642,Germany,Bright Networks GmbH,Internal - Procurement,"Multi-year framework agreement, reviewed yearly",15-มิ.ย.-2026,15-มิ.ย.-2026,20-ส.ค.-2028,Kanokwan A.,Alternative vendors being benchmarked,Renewed,"$127,900"
1644,Consulting,Change Management Engagement #2643,Malaysia,BlueSky Dynamics Sdn Bhd,Orion Trading Sdn Bhd,Includes 24/7 support SLA with penalty clauses,08-มี.ค.-2024,22-มี.ค.-2024,06-ธ.ค.-2026,Aiko N.,Flagged for cost optimization review,Upcoming renewal,"$516,200"
1645,Marketing,Media Buying Agreement #2644,Vietnam,Pinnacle Enterprises JSC,Internal - Procurement,"Auto-renew clause, 60 days notice required",17-มิ.ย.-2026,17-มิ.ย.-2026,21-ก.ย.-2027,Suchada M.,"Renewal quote received, under internal review",Renewed,"$692,000"
1646,Manufacturing Supply,Packaging Supply Contract #2645,United Arab Emirates,Falcon Enterprises LLC,BlueSky Group LLC,Renewal contingent on performance KPIs,28-มี.ค.-2025,28-มี.ค.-2025,05-ส.ค.-2027,David G.,Legal review in progress before renewal,Renewed,"$1,933,800"
1647,Fleet & Transportation,Corporate Shuttle Service Contract #2646,Singapore,Apex Technologies Pte Ltd,Summit Industries Pte Ltd,Renewal contingent on performance KPIs,23-ต.ค.-2023,06-พ.ย.-2023,05-ธ.ค.-2026,Wei W.,Budget approval pending for renewal,Negotiation in progress,"$703,300"
1648,Manufacturing Supply,Component Manufacturing Contract #2647,South Korea,"Solace Group Co., Ltd.",Internal - Operations,Includes quarterly business review meetings,29-ก.ค.-2021,29-ก.ค.-2021,28-มิ.ย.-2024,Emily E.,No issues reported this cycle,Expired/Not renewed,"$1,808,000"
1649,Security,CCTV Monitoring Agreement #2648,Australia,Onyx Consulting Pty Ltd,Internal - Operations,"Auto-renew clause, 15 days notice required",08-พ.ค.-2024,08-พ.ค.-2024,16-พ.ค.-2026,Daniel F.,Flagged for cost optimization review,Expired/Not renewed,"$211,800"
1650,Software Licensing,CRM Platform Subscription Agreement #2649,South Korea,"Pinnacle Systems Co., Ltd.",Internal - Marketing Dept.,-,05-ต.ค.-2023,05-ต.ค.-2023,10-ธ.ค.-2026,Hiroshi K.,-,Negotiation in progress,"$2,333,500"
1651,Travel & Events,Conference Venue Agreement #2650,Myanmar,"Vanguard Capital Co., Ltd.","Bright Logistics Co., Ltd.","Auto-renew clause, 90 days notice required",30-มิ.ย.-2023,30-มิ.ย.-2023,05-ก.พ.-2027,Chloe J.,No issues reported this cycle,Negotiation in progress,"$255,600"
1652,Real Estate & Leasing,Retail Unit Lease Contract #2651,Philippines,Pacific Dynamics Inc.,Internal - Admin Dept.,-,23-ม.ค.-2026,23-ม.ค.-2026,08-มิ.ย.-2027,Anucha N.,Scope extension being discussed with partner,Renewed,"$1,118,200"
1653,Manufacturing Supply,Component Manufacturing Contract #2652,France,Prime Innovations SAS,Alliance Innovations SAS,Service level agreement reviewed annually,18-ม.ค.-2025,18-ม.ค.-2025,05-ต.ค.-2027,Arjun A.,"Renewal quote received, under internal review",Renewed,"$2,636,800"
1654,Real Estate & Leasing,Office Space Lease Agreement #2653,Hong Kong,Crown Logistics Ltd.,Internal - Admin Dept.,Includes quarterly business review meetings,02-มี.ค.-2025,16-มี.ค.-2025,24-ก.ย.-2026,Sarah N.,Legal review in progress before renewal,Negotiation in progress,"$544,400"
1655,Security,Physical Security & Guard Services #2654,India,Onyx Systems Pvt. Ltd.,Internal - IT Security,Exclusive regional distribution rights included,26-พ.ย.-2025,10-ธ.ค.-2025,24-ธ.ค.-2026,Wei I.,"Renewal quote received, under internal review",Negotiation in progress,"$164,200"
1656,Legal,Corporate Legal Advisory Retainer #2655,Hong Kong,Delta Consulting Ltd.,Zenith Systems Ltd.,Volume discount tier applies above threshold spend,06-พ.ย.-2024,20-พ.ย.-2024,19-ธ.ค.-2026,Arjun D.,Relationship manager reassigned this quarter,Negotiation in progress,"$330,400"
1657,Logistics,Freight Forwarding Contract #2656,Australia,Nova Partners Pty Ltd,Internal - Supply Chain,Volume discount tier applies above threshold spend,03-ม.ค.-2023,03-ม.ค.-2023,02-มี.ค.-2026,Suchada R.,Scope extension being discussed with partner,Expired/Not renewed,"$1,217,900"
1658,Construction & Maintenance,HVAC Maintenance Agreement #2657,United Kingdom,Sterling Systems Ltd.,Internal - Corporate Affairs,Exclusive regional distribution rights included,31-ต.ค.-2023,07-พ.ย.-2023,27-ธ.ค.-2026,Piyawan F.,Vendor performance review scheduled,Negotiation in progress,"$1,176,600"
1659,Security,Physical Security & Guard Services #2658,Cambodia,"Falcon Industries Co., Ltd.",Internal - HR Dept.,-,21-ต.ค.-2022,04-พ.ย.-2022,30-พ.ย.-2024,Hiroshi C.,Legal review in progress before renewal,Expired/Not renewed,"$343,300"
1660,Cleaning & Facility,Janitorial Services Agreement #2659,China,"NorthStar Technologies Co., Ltd.",Internal - HR Dept.,"Multi-year framework agreement, reviewed yearly",06-ก.พ.-2025,20-ก.พ.-2025,27-ต.ค.-2027,Carlos I.,Legal review in progress before renewal,Renewed,"$193,200"
1661,Consulting,Change Management Engagement #2660,United Arab Emirates,Orion Group LLC,Ivory Ventures LLC,Renewal contingent on performance KPIs,28-ส.ค.-2025,28-ส.ค.-2025,08-เม.ย.-2028,Hiroshi B.,Alternative vendors being benchmarked,Renewed,"$369,800"
1662,Real Estate & Leasing,Retail Unit Lease Contract #2661,Indonesia,Onyx Services PT,Internal - Finance Dept.,Renewal contingent on performance KPIs,30-ส.ค.-2023,30-ส.ค.-2023,10-ส.ค.-2026,Fatima K.,No issues reported this cycle,Expired/Not renewed,"$4,871,700"
1663,Financial Services,Audit & Assurance Engagement #2662,Myanmar,"Cascade Innovations Co., Ltd.","Global Industries Co., Ltd.","Auto-renew clause, 45 days notice required",23-พ.ค.-2025,30-พ.ค.-2025,12-ธ.ค.-2026,Chloe J.,Relationship manager reassigned this quarter,Negotiation in progress,"$422,700"
1664,Legal,Regulatory Filing Services #2663,Taiwan,"Ivory Enterprises Co., Ltd.",Internal - Corporate Affairs,Includes quarterly business review meetings,08-พ.ค.-2023,08-พ.ค.-2023,25-พ.ย.-2026,Laura I.,Alternative vendors being benchmarked,Upcoming renewal,"$561,700"
1665,Software Licensing,Cybersecurity Software License #2664,Hong Kong,Delta Networks Ltd.,Internal - E-commerce,Exclusive regional distribution rights included,28-ธ.ค.-2023,28-ธ.ค.-2023,22-ก.ค.-2027,Siti A.,-,Renewed,"$2,619,700"
1666,Marketing,Brand Campaign Agreement #2665,China,"Trident Dynamics Co., Ltd.","Horizon Solutions Co., Ltd.",Pricing subject to annual CPI adjustment,03-มี.ค.-2023,03-มี.ค.-2023,10-พ.ย.-2026,Hiroshi O.,Budget approval pending for renewal,Upcoming renewal,"$388,600"
1667,Marketing,Creative & Branding Services #2666,Taiwan,"Granite Networks Co., Ltd.","Pacific Ventures Co., Ltd.","Multi-year framework agreement, reviewed yearly",27-ก.พ.-2027,27-ก.พ.-2027,03-มี.ค.-2029,Arjun I.,No issues reported this cycle,Renewed,"$270,000"
1668,Manufacturing Supply,OEM Production Agreement #2667,Cambodia,"Ivory Services Co., Ltd.",Internal - Operations,"Auto-renew clause, 30 days notice required",22-มี.ค.-2023,29-มี.ค.-2023,10-ก.ค.-2025,Nattapong K.,Legal review in progress before renewal,Expired/Not renewed,"$1,438,300"
1669,Security,Access Control System Contract #2668,Taiwan,"Delta Consulting Co., Ltd.",Internal - Procurement,"Multi-year framework agreement, reviewed yearly",02-ม.ค.-2025,02-ม.ค.-2025,25-ก.ย.-2026,Laura O.,Budget approval pending for renewal,Upcoming renewal,"$42,000"
1670,Travel & Events,Corporate Travel Management Agreement #2669,Germany,Evergreen Ventures GmbH,Nova Capital GmbH,"Auto-renew clause, 60 days notice required",03-ก.ย.-2025,10-ก.ย.-2025,23-ม.ค.-2028,Daniel H.,Scope extension being discussed with partner,Renewed,"$345,200"
1671,Construction & Maintenance,Building Renovation Contract #2670,Hong Kong,Falcon Industries Ltd.,Internal - Marketing Dept.,-,21-ก.ย.-2025,05-ต.ค.-2025,15-พ.ย.-2028,Anucha E.,-,Renewed,"$683,600"
1672,Insurance,Cargo Insurance Agreement #2671,Hong Kong,Orion Partners Ltd.,Emerald Dynamics Ltd.,"Auto-renew clause, 30 days notice required",17-ส.ค.-2023,17-ส.ค.-2023,18-ต.ค.-2026,Nathan P.,Alternative vendors being benchmarked,Upcoming renewal,"$640,000"
1673,Consulting,Digital Transformation Consulting #2672,China,"Nova Technologies Co., Ltd.",Internal - Corporate Affairs,Volume discount tier applies above threshold spend,30-มี.ค.-2023,30-มี.ค.-2023,11-ส.ค.-2025,Grace R.,Scope extension being discussed with partner,Expired/Not renewed,"$161,700"
1674,HR & Payroll,Outsourced Payroll Processing Contract #2673,United States,Anchor Networks Inc.,Internal - Procurement,Includes 24/7 support SLA with penalty clauses,23-ก.ย.-2022,23-ก.ย.-2022,01-มิ.ย.-2025,Ravi H.,Alternative vendors being benchmarked,Expired/Not renewed,"$348,600"
1675,Security,CCTV Monitoring Agreement #2674,Germany,Vertex Ventures GmbH,Internal - HR Dept.,Includes 24/7 support SLA with penalty clauses,19-ม.ค.-2025,26-ม.ค.-2025,22-ต.ค.-2028,Michael B.,No issues reported this cycle,Renewed,"$143,500"
1676,Telecommunications,VoIP Services Agreement #2675,India,Metro Technologies Pvt. Ltd.,Bright Partners Pvt. Ltd.,Includes 24/7 support SLA with penalty clauses,24-ต.ค.-2026,24-ต.ค.-2026,19-ธ.ค.-2027,Carlos O.,Flagged for cost optimization review,Renewed,"$343,800"
1677,Travel & Events,Event Management Services Contract #2676,India,Prime Systems Pvt. Ltd.,Prime Innovations Pvt. Ltd.,Volume discount tier applies above threshold spend,09-มิ.ย.-2023,09-มิ.ย.-2023,06-ธ.ค.-2026,Siti L.,Budget approval pending for renewal,Upcoming renewal,"$87,900"
1678,Travel & Events,Corporate Travel Management Agreement #2677,Japan,Silverline Logistics K.K.,Internal - IT Dept.,Pricing subject to annual CPI adjustment,24-พ.ค.-2023,31-พ.ค.-2023,06-ส.ค.-2024,Piyawan T.,Vendor performance review scheduled,Expired/Not renewed,"$155,300"
1679,HR & Payroll,HR Systems Implementation Contract #2678,India,Unity Services Pvt. Ltd.,Internal - Supply Chain,Exclusive regional distribution rights included,22-ก.ย.-2024,22-ก.ย.-2024,06-พ.ย.-2026,Yuki H.,-,Negotiation in progress,"$377,500"
1680,Logistics,Freight Forwarding Contract #2679,China,"Beacon Solutions Co., Ltd.","Pinnacle Consulting Co., Ltd.",-,26-ธ.ค.-2021,02-ม.ค.-2022,11-ม.ค.-2025,Suchada H.,Flagged for cost optimization review,Expired/Not renewed,"$186,100"
1681,Fleet & Transportation,Fleet Maintenance Agreement #2680,Cambodia,"Vanguard Services Co., Ltd.","Horizon Group Co., Ltd.",Includes quarterly business review meetings,19-มิ.ย.-2024,26-มิ.ย.-2024,13-ม.ค.-2027,Michael R.,Relationship manager reassigned this quarter,Negotiation in progress,"$395,200"
1682,Training & Development,E-Learning Platform License #2681,Germany,Horizon Capital GmbH,Internal - IT Security,Exclusive regional distribution rights included,21-ก.ย.-2023,28-ก.ย.-2023,17-ม.ค.-2027,Ploy A.,Vendor performance review scheduled,Negotiation in progress,"$204,700"
1683,Real Estate & Leasing,Equipment Leasing Agreement #2682,Thailand,"Orion Partners Co., Ltd.",Internal - Supply Chain,"Multi-year framework agreement, reviewed yearly",12-ส.ค.-2027,12-ส.ค.-2027,27-ธ.ค.-2028,Yuki A.,-,Renewed,"$3,605,700"
1684,Security,Physical Security & Guard Services #2683,Cambodia,"Evergreen Innovations Co., Ltd.",Internal - Operations,Service level agreement reviewed annually,15-พ.ค.-2022,29-พ.ค.-2022,05-ต.ค.-2024,Michael I.,"Renewal quote received, under internal review",Expired/Not renewed,"$274,500"
1685,Telecommunications,Satellite Communication Contract #2684,Singapore,Falcon Consulting Pte Ltd,Internal - Marketing Dept.,-,30-พ.ค.-2023,30-พ.ค.-2023,08-ธ.ค.-2026,Nathan B.,Legal review in progress before renewal,Negotiation in progress,"$165,000"
1686,Training & Development,E-Learning Platform License #2685,Hong Kong,Bright Holdings Ltd.,Internal - Operations,Service level agreement reviewed annually,18-มิ.ย.-2024,18-มิ.ย.-2024,07-ธ.ค.-2026,James A.,Flagged for cost optimization review,Upcoming renewal,"$39,900"
1687,Travel & Events,Conference Venue Agreement #2686,South Korea,"Falcon Consulting Co., Ltd.",Internal - Procurement,Volume discount tier applies above threshold spend,21-พ.ค.-2023,21-พ.ค.-2023,26-ม.ค.-2027,Daniel N.,Budget approval pending for renewal,Negotiation in progress,"$47,200"
1688,Marketing,Influencer Partnership Contract #2687,Hong Kong,Quantum Solutions Ltd.,Internal - E-commerce,Pricing subject to annual CPI adjustment,04-ก.ย.-2022,18-ก.ย.-2022,30-มิ.ย.-2025,Carlos I.,No issues reported this cycle,Expired/Not renewed,"$736,900"
1689,Printing & Publishing,Annual Report Design & Print Contract #2688,Taiwan,"Orion Holdings Co., Ltd.","Emerald Services Co., Ltd.",Renewal contingent on performance KPIs,24-ก.ย.-2027,24-ก.ย.-2027,25-ก.พ.-2029,Suchada T.,Budget approval pending for renewal,Renewed,"$194,400"
1690,Financial Services,Treasury Management Contract #2689,Hong Kong,Alliance Ventures Ltd.,Internal - Corporate Affairs,-,21-ก.ค.-2024,21-ก.ค.-2024,15-ต.ค.-2026,Fatima S.,Flagged for cost optimization review,Negotiation in progress,"$546,500"
1691,Logistics,Last-Mile Delivery Partnership #2690,Singapore,Quantum Consulting Pte Ltd,Atlas Enterprises Pte Ltd,-,09-มิ.ย.-2023,09-มิ.ย.-2023,08-มี.ค.-2026,James W.,No issues reported this cycle,Expired/Not renewed,"$229,900"
1692,Training & Development,E-Learning Platform License #2691,South Korea,"Summit Group Co., Ltd.",Internal - E-commerce,Exclusive regional distribution rights included,02-พ.ค.-2024,02-พ.ค.-2024,03-พ.ย.-2025,Emily P.,Scope extension being discussed with partner,Expired/Not renewed,"$95,800"
1693,HR & Payroll,Outsourced Payroll Processing Contract #2692,Vietnam,Bright Trading JSC,Internal - IT Dept.,Includes 24/7 support SLA with penalty clauses,08-ม.ค.-2024,08-ม.ค.-2024,28-ก.ย.-2026,Michael H.,"Renewal quote received, under internal review",Upcoming renewal,"$19,000"
1694,Legal,Compliance Advisory Agreement #2693,Singapore,Trident Networks Pte Ltd,Internal - E-commerce,Includes quarterly business review meetings,19-ก.พ.-2026,19-ก.พ.-2026,19-มิ.ย.-2028,Michael K.,Flagged for cost optimization review,Renewed,"$205,400"
1695,Security,Executive Protection Services #2694,Myanmar,"Radiant Group Co., Ltd.",Internal - Corporate Affairs,Volume discount tier applies above threshold spend,01-พ.ค.-2025,15-พ.ค.-2025,30-ต.ค.-2026,Laura E.,Alternative vendors being benchmarked,Upcoming renewal,"$459,900"
1696,Legal,Regulatory Filing Services #2695,United Kingdom,Atlas Consulting Ltd.,Internal - Procurement,Exclusive regional distribution rights included,03-ธ.ค.-2025,10-ธ.ค.-2025,19-ส.ค.-2027,James F.,Vendor performance review scheduled,Renewed,"$328,300"
1697,Cleaning & Facility,Pest Control Services Agreement #2696,Vietnam,Emerald Trading JSC,Vanguard Holdings JSC,Volume discount tier applies above threshold spend,02-เม.ย.-2024,09-เม.ย.-2024,15-ต.ค.-2026,Nathan E.,-,Upcoming renewal,"$204,800"
1698,Financial Services,Treasury Management Contract #2697,Cambodia,"Crown Partners Co., Ltd.","Falcon Innovations Co., Ltd.","Auto-renew clause, 60 days notice required",07-เม.ย.-2025,07-เม.ย.-2025,24-พ.ค.-2027,James S.,Legal review in progress before renewal,Renewed,"$171,400"
1699,Waste Management,Hazardous Waste Management Contract #2698,Australia,Trident Innovations Pty Ltd,Unity Enterprises Pty Ltd,"Auto-renew clause, 45 days notice required",08-พ.ค.-2025,08-พ.ค.-2025,04-พ.ย.-2026,Siti D.,Flagged for cost optimization review,Upcoming renewal,"$107,100"
1700,IT Services,Cloud Hosting Agreement #2699,Indonesia,Ivory Ventures PT,Internal - HR Dept.,Pricing subject to annual CPI adjustment,26-เม.ย.-2024,26-เม.ย.-2024,14-ต.ค.-2026,Arjun S.,Relationship manager reassigned this quarter,Upcoming renewal,"$1,092,800"
1701,Telecommunications,Corporate Mobile Plan Agreement #2700,France,Vanguard Services SAS,Internal - Corporate Affairs,Includes quarterly business review meetings,23-ม.ค.-2025,23-ม.ค.-2025,22-พ.ย.-2028,Hiroshi C.,-,Renewed,"$316,200"
1702,Legal,IP & Trademark Registration Services #2701,United Kingdom,Bright Trading Ltd.,Internal - Legal Dept.,-,09-มี.ค.-2025,16-มี.ค.-2025,07-ก.ย.-2028,Ploy R.,Scope extension being discussed with partner,Renewed,"$218,300"
1703,Marketing,Brand Campaign Agreement #2702,Japan,Atlas Logistics K.K.,Internal - Legal Dept.,Includes quarterly business review meetings,22-เม.ย.-2022,06-พ.ค.-2022,05-มิ.ย.-2024,Nattapong C.,No issues reported this cycle,Expired/Not renewed,"$356,300"
1704,Telecommunications,Internet Leased Line Contract #2703,France,Horizon Solutions SAS,Internal - IT Dept.,Pricing subject to annual CPI adjustment,23-ก.พ.-2022,09-มี.ค.-2022,15-ส.ค.-2024,Laura D.,Flagged for cost optimization review,Expired/Not renewed,"$419,100"
1705,Security,Physical Security & Guard Services #2704,Cambodia,"Titan Technologies Co., Ltd.",Internal - Procurement,Includes 24/7 support SLA with penalty clauses,10-พ.ค.-2023,10-พ.ค.-2023,14-ส.ค.-2024,Hiroshi O.,Flagged for cost optimization review,Expired/Not renewed,"$128,200"
1706,HR & Payroll,Recruitment Services Agreement #2705,Cambodia,"Falcon Consulting Co., Ltd.","Zenith Innovations Co., Ltd.",Renewal contingent on performance KPIs,24-ก.พ.-2025,03-มี.ค.-2025,16-พ.ย.-2026,Suchada T.,Flagged for cost optimization review,Negotiation in progress,"$205,000"
1707,Printing & Publishing,Signage & Print Production Agreement #2706,United Kingdom,Ivory Networks Ltd.,Bright Ventures Ltd.,Service level agreement reviewed annually,22-ส.ค.-2021,22-ส.ค.-2021,21-ส.ค.-2025,Emily T.,Vendor performance review scheduled,Expired/Not renewed,"$175,200"
1708,Waste Management,Recycling Services Agreement #2707,Thailand,"Alliance Capital Co., Ltd.",Internal - Admin Dept.,Includes quarterly business review meetings,20-ต.ค.-2024,20-ต.ค.-2024,07-ก.ย.-2028,Fatima B.,Relationship manager reassigned this quarter,Renewed,"$133,900"
1709,Manufacturing Supply,OEM Production Agreement #2708,United Arab Emirates,Granite Solutions LLC,Internal - HR Dept.,-,19-เม.ย.-2024,03-พ.ค.-2024,28-พ.ย.-2026,Michael S.,Budget approval pending for renewal,Negotiation in progress,"$1,369,300"
1710,Cleaning & Facility,Pest Control Services Agreement #2709,Vietnam,Crown Trading JSC,Internal - Marketing Dept.,Includes 24/7 support SLA with penalty clauses,03-เม.ย.-2026,17-เม.ย.-2026,06-มี.ค.-2028,Michael L.,Flagged for cost optimization review,Renewed,"$248,000"
1711,Training & Development,E-Learning Platform License #2710,China,"Horizon Consulting Co., Ltd.","Titan Capital Co., Ltd.",Exclusive regional distribution rights included,23-พ.ย.-2025,07-ธ.ค.-2025,05-ส.ค.-2027,Wei N.,Budget approval pending for renewal,Renewed,"$189,500"
1712,HR & Payroll,Outsourced Payroll Processing Contract #2711,China,"Trident Networks Co., Ltd.",Internal - Supply Chain,Exclusive regional distribution rights included,10-ก.ค.-2023,17-ก.ค.-2023,19-ต.ค.-2026,Ahmed N.,-,Negotiation in progress,"$218,800"
1713,Logistics,Freight Forwarding Contract #2712,Cambodia,"Silverline Trading Co., Ltd.","Evergreen Logistics Co., Ltd.",Service level agreement reviewed annually,23-ก.ค.-2023,06-ส.ค.-2023,06-มิ.ย.-2026,Grace G.,Legal review in progress before renewal,Expired/Not renewed,"$881,900"
1714,Cleaning & Facility,Janitorial Services Agreement #2713,Indonesia,Ivory Systems PT,Silverline Technologies PT,"Auto-renew clause, 15 days notice required",24-มิ.ย.-2023,24-มิ.ย.-2023,23-พ.ค.-2027,Tanawat M.,Flagged for cost optimization review,Renewed,"$158,200"
1715,Logistics,Fleet Logistics Services Contract #2714,China,"Global Enterprises Co., Ltd.",Internal - Operations,Pricing subject to annual CPI adjustment,28-มิ.ย.-2023,05-ก.ค.-2023,25-ก.ย.-2025,Somchai C.,Alternative vendors being benchmarked,Expired/Not renewed,"$1,358,600"
1716,Software Licensing,Business Intelligence Platform License #2715,United Arab Emirates,Pacific Trading LLC,Internal - Operations,Exclusive regional distribution rights included,18-ส.ค.-2023,18-ส.ค.-2023,30-ต.ค.-2026,Nattapong L.,Legal review in progress before renewal,Negotiation in progress,"$1,854,800"
1717,Software Licensing,CRM Platform Subscription Agreement #2716,Indonesia,Emerald Partners PT,Internal - Supply Chain,Renewal contingent on performance KPIs,17-ต.ค.-2025,31-ต.ค.-2025,07-มิ.ย.-2027,Grace J.,Alternative vendors being benchmarked,Renewed,"$2,080,300"
1718,Training & Development,E-Learning Platform License #2717,Indonesia,Granite Trading PT,BlueSky Consulting PT,Pricing subject to annual CPI adjustment,04-ก.ค.-2023,11-ก.ค.-2023,24-เม.ย.-2027,Michael G.,Vendor performance review scheduled,Renewed,"$108,700"
1719,Marketing,Media Buying Agreement #2718,Philippines,Atlas Holdings Inc.,Internal - Admin Dept.,"Auto-renew clause, 60 days notice required",13-มี.ค.-2026,13-มี.ค.-2026,09-ก.ย.-2028,Yuki M.,Flagged for cost optimization review,Renewed,"$678,600"
1720,Real Estate & Leasing,Equipment Leasing Agreement #2719,Thailand,"Crest Services Co., Ltd.",Internal - Corporate Affairs,Service level agreement reviewed annually,29-ต.ค.-2024,29-ต.ค.-2024,14-ก.ค.-2028,Kanokwan W.,Legal review in progress before renewal,Renewed,"$1,883,100"
1721,Insurance,Group Health Insurance Policy #2720,Malaysia,Nova Holdings Sdn Bhd,Internal - IT Security,Pricing subject to annual CPI adjustment,04-พ.ย.-2023,04-พ.ย.-2023,03-ต.ค.-2027,Chloe I.,Relationship manager reassigned this quarter,Renewed,"$790,500"
1722,Telecommunications,Corporate Mobile Plan Agreement #2721,France,Anchor Networks SAS,Internal - Supply Chain,Includes quarterly business review meetings,16-มิ.ย.-2024,16-มิ.ย.-2024,07-ธ.ค.-2026,Tanawat A.,Alternative vendors being benchmarked,Negotiation in progress,"$454,300"
1723,Waste Management,Hazardous Waste Management Contract #2722,United Arab Emirates,Emerald Group LLC,Internal - HR Dept.,"Auto-renew clause, 60 days notice required",12-พ.ค.-2026,26-พ.ค.-2026,20-พ.ย.-2028,Aiko E.,Alternative vendors being benchmarked,Renewed,"$259,000"
1724,HR & Payroll,HR Systems Implementation Contract #2723,India,Alliance Trading Pvt. Ltd.,Internal - Corporate Affairs,Pricing subject to annual CPI adjustment,18-ก.ค.-2023,18-ก.ค.-2023,22-ต.ค.-2024,Siti D.,Relationship manager reassigned this quarter,Expired/Not renewed,"$62,400"
1725,Training & Development,Leadership Development Engagement #2724,South Korea,"Titan Systems Co., Ltd.",Internal - Marketing Dept.,Renewal contingent on performance KPIs,07-ต.ค.-2024,07-ต.ค.-2024,28-ก.ย.-2027,Hiroshi S.,Alternative vendors being benchmarked,Renewed,"$145,800"
1726,Telecommunications,Satellite Communication Contract #2725,Malaysia,Crown Services Sdn Bhd,Internal - Procurement,Pricing subject to annual CPI adjustment,02-พ.ย.-2023,09-พ.ย.-2023,14-ธ.ค.-2026,Priya D.,Scope extension being discussed with partner,Negotiation in progress,"$165,500"
1727,Cleaning & Facility,Facility Maintenance Contract #2726,Taiwan,"Orion Trading Co., Ltd.",Internal - IT Dept.,Exclusive regional distribution rights included,30-ธ.ค.-2023,13-ม.ค.-2024,23-ม.ค.-2027,Ploy W.,-,Negotiation in progress,"$43,200"
1728,Cleaning & Facility,Janitorial Services Agreement #2727,Hong Kong,Unity Group Ltd.,Zenith Holdings Ltd.,Exclusive regional distribution rights included,23-ธ.ค.-2026,30-ธ.ค.-2026,05-ก.พ.-2028,Fatima J.,Relationship manager reassigned this quarter,Renewed,"$44,600"
1729,Legal,Corporate Legal Advisory Retainer #2728,China,"Emerald Innovations Co., Ltd.","Metro Technologies Co., Ltd.",Includes quarterly business review meetings,20-มิ.ย.-2023,20-มิ.ย.-2023,16-พ.ค.-2027,Ahmed K.,Alternative vendors being benchmarked,Renewed,"$307,100"
1730,Logistics,Freight Forwarding Contract #2729,Malaysia,Beacon Solutions Sdn Bhd,Internal - HR Dept.,Includes 24/7 support SLA with penalty clauses,23-ต.ค.-2027,23-ต.ค.-2027,24-ธ.ค.-2028,Nattapong C.,Alternative vendors being benchmarked,Renewed,"$1,376,500"
1731,Training & Development,Leadership Development Engagement #2730,Cambodia,"Cascade Logistics Co., Ltd.",Internal - HR Dept.,Pricing subject to annual CPI adjustment,25-ก.ค.-2023,25-ก.ค.-2023,16-ต.ค.-2026,Aiko R.,Scope extension being discussed with partner,Negotiation in progress,"$41,900"
1732,Waste Management,Recycling Services Agreement #2731,Cambodia,"Delta Dynamics Co., Ltd.",Internal - Admin Dept.,-,12-พ.ย.-2024,12-พ.ย.-2024,05-ธ.ค.-2027,Carlos N.,-,Renewed,"$213,900"
1733,Travel & Events,Corporate Travel Management Agreement #2732,Singapore,Beacon Partners Pte Ltd,Internal - E-commerce,-,01-ก.พ.-2023,01-ก.พ.-2023,08-ม.ค.-2026,Minji C.,"Renewal quote received, under internal review",Expired/Not renewed,"$303,800"
1734,Telecommunications,Satellite Communication Contract #2733,Japan,Summit Dynamics K.K.,Nova Holdings K.K.,-,29-ก.ย.-2024,29-ก.ย.-2024,02-ม.ค.-2027,Priya W.,Relationship manager reassigned this quarter,Negotiation in progress,"$346,300"
1735,Marketing,Digital Marketing Retainer #2734,China,"Ivory Solutions Co., Ltd.",Internal - IT Security,Renewal contingent on performance KPIs,01-พ.ย.-2024,08-พ.ย.-2024,23-พ.ย.-2027,Suchada O.,Alternative vendors being benchmarked,Renewed,"$762,300"
1736,IT Services,Managed IT Services Agreement #2735,Hong Kong,Evergreen Services Ltd.,Internal - IT Security,Renewal contingent on performance KPIs,19-ก.ค.-2024,19-ก.ค.-2024,05-ธ.ค.-2025,Sarah P.,Alternative vendors being benchmarked,Expired/Not renewed,"$2,225,000"
1737,Fleet & Transportation,Vehicle Leasing Agreement #2736,Malaysia,Horizon Partners Sdn Bhd,Quantum Holdings Sdn Bhd,-,19-ก.ย.-2023,19-ก.ย.-2023,31-ต.ค.-2026,Hiroshi F.,Flagged for cost optimization review,Negotiation in progress,"$832,500"
1738,Fleet & Transportation,Corporate Shuttle Service Contract #2737,Indonesia,Bright Technologies PT,Internal - Supply Chain,Pricing subject to annual CPI adjustment,12-ต.ค.-2024,12-ต.ค.-2024,25-ธ.ค.-2026,Hiroshi I.,Legal review in progress before renewal,Negotiation in progress,"$349,800"
1739,Marketing,Digital Marketing Retainer #2738,Malaysia,Ivory Group Sdn Bhd,Lumen Services Sdn Bhd,Service level agreement reviewed annually,12-เม.ย.-2022,12-เม.ย.-2022,21-ก.พ.-2026,Fatima M.,Scope extension being discussed with partner,Expired/Not renewed,"$624,700"
1740,Waste Management,Recycling Services Agreement #2739,Taiwan,"Pacific Enterprises Co., Ltd.",Internal - Procurement,Service level agreement reviewed annually,03-เม.ย.-2024,03-เม.ย.-2024,15-ม.ค.-2028,Priya D.,-,Renewed,"$85,400"
1741,Marketing,Influencer Partnership Contract #2740,China,"Ivory Industries Co., Ltd.",Internal - Supply Chain,Exclusive regional distribution rights included,21-พ.ย.-2024,05-ธ.ค.-2024,16-พ.ย.-2026,Suchada D.,Scope extension being discussed with partner,Upcoming renewal,"$202,200"
1742,IT Services,Cloud Hosting Agreement #2741,Hong Kong,Crest Ventures Ltd.,Beacon Innovations Ltd.,"Multi-year framework agreement, reviewed yearly",03-มี.ค.-2025,03-มี.ค.-2025,10-ส.ค.-2028,Somchai N.,Alternative vendors being benchmarked,Renewed,"$2,430,600"
1743,Cleaning & Facility,Pest Control Services Agreement #2742,Myanmar,"Orion Solutions Co., Ltd.",Internal - IT Security,Renewal contingent on performance KPIs,17-ธ.ค.-2022,17-ธ.ค.-2022,03-ต.ค.-2026,Wanida N.,Flagged for cost optimization review,Upcoming renewal,"$24,200"
1744,Software Licensing,CRM Platform Subscription Agreement #2743,Taiwan,"Summit Technologies Co., Ltd.",Internal - HR Dept.,Pricing subject to annual CPI adjustment,11-พ.ย.-2022,18-พ.ย.-2022,14-ต.ค.-2024,Piyawan H.,Legal review in progress before renewal,Expired/Not renewed,"$2,538,700"
1745,Real Estate & Leasing,Office Space Lease Agreement #2744,Germany,Beacon Technologies GmbH,Internal - Corporate Affairs,Includes quarterly business review meetings,02-ต.ค.-2025,09-ต.ค.-2025,19-พ.ย.-2026,Grace B.,-,Negotiation in progress,"$3,933,900"
1746,Fleet & Transportation,Fleet Maintenance Agreement #2745,United Arab Emirates,Global Industries LLC,Internal - Supply Chain,Pricing subject to annual CPI adjustment,04-ก.ย.-2025,18-ก.ย.-2025,28-พ.ค.-2027,Budi W.,No issues reported this cycle,Renewed,"$80,900"
1747,Legal,Corporate Legal Advisory Retainer #2746,Japan,Vanguard Partners K.K.,Internal - Finance Dept.,Exclusive regional distribution rights included,15-มิ.ย.-2024,15-มิ.ย.-2024,02-พ.ย.-2026,Siti I.,Budget approval pending for renewal,Upcoming renewal,"$365,000"
1748,Security,Physical Security & Guard Services #2747,United Kingdom,Global Partners Ltd.,Internal - HR Dept.,-,03-มี.ค.-2024,03-มี.ค.-2024,24-มี.ค.-2025,Siti L.,Scope extension being discussed with partner,Expired/Not renewed,"$434,400"
1749,Financial Services,Corporate Banking Services Agreement #2748,Taiwan,"Crown Capital Co., Ltd.","Quantum Consulting Co., Ltd.",Includes quarterly business review meetings,06-ก.ย.-2026,13-ก.ย.-2026,03-มี.ค.-2028,Daniel L.,No issues reported this cycle,Renewed,"$332,200"
1750,Consulting,Business Process Improvement Engagement #2749,United States,Alliance Solutions Inc.,Horizon Technologies Inc.,Pricing subject to annual CPI adjustment,04-ธ.ค.-2023,04-ธ.ค.-2023,25-ธ.ค.-2025,Anucha E.,No issues reported this cycle,Expired/Not renewed,"$702,800"
1751,Travel & Events,Corporate Travel Management Agreement #2750,Cambodia,"Radiant Solutions Co., Ltd.","Bright Dynamics Co., Ltd.",Exclusive regional distribution rights included,29-ก.ย.-2025,29-ก.ย.-2025,22-พ.ย.-2026,Ploy P.,Relationship manager reassigned this quarter,Upcoming renewal,"$22,700"
1752,Logistics,Customs Brokerage Agreement #2751,Cambodia,"Nova Consulting Co., Ltd.",Internal - Procurement,Renewal contingent on performance KPIs,27-พ.ค.-2024,10-มิ.ย.-2024,10-พ.ย.-2026,Somchai K.,Budget approval pending for renewal,Upcoming renewal,"$1,466,000"
1753,Consulting,Change Management Engagement #2752,South Korea,"Anchor Ventures Co., Ltd.",Internal - Marketing Dept.,Includes quarterly business review meetings,07-ก.ย.-2025,07-ก.ย.-2025,15-ก.พ.-2029,Grace O.,Legal review in progress before renewal,Renewed,"$50,900"
1754,Construction & Maintenance,Building Renovation Contract #2753,Cambodia,"Beacon Industries Co., Ltd.","Crest Industries Co., Ltd.",Includes 24/7 support SLA with penalty clauses,21-ก.ค.-2023,28-ก.ค.-2023,04-ธ.ค.-2026,David H.,Budget approval pending for renewal,Upcoming renewal,"$683,300"
1755,Legal,Litigation Support Contract #2754,Thailand,"Nova Systems Co., Ltd.","Apex Technologies Co., Ltd.",Includes quarterly business review meetings,19-ม.ค.-2025,19-ม.ค.-2025,21-มี.ค.-2028,Fatima D.,Relationship manager reassigned this quarter,Renewed,"$516,000"
1756,Logistics,Customs Brokerage Agreement #2755,France,Solace Trading SAS,Nova Innovations SAS,Includes 24/7 support SLA with penalty clauses,22-มี.ค.-2023,29-มี.ค.-2023,21-พ.ย.-2026,Budi D.,Legal review in progress before renewal,Upcoming renewal,"$586,700"
1757,Financial Services,Audit & Assurance Engagement #2756,Germany,Bright Dynamics GmbH,Internal - Corporate Affairs,"Auto-renew clause, 30 days notice required",03-มี.ค.-2024,17-มี.ค.-2024,13-พ.ย.-2026,Emily F.,No issues reported this cycle,Negotiation in progress,"$357,700"
1758,IT Services,Network Infrastructure Services #2757,Myanmar,"Granite Systems Co., Ltd.","Atlas Capital Co., Ltd.",Renewal contingent on performance KPIs,27-ก.ค.-2023,03-ส.ค.-2023,09-ส.ค.-2025,Daniel A.,Alternative vendors being benchmarked,Expired/Not renewed,"$243,800"
1759,Waste Management,Hazardous Waste Management Contract #2758,United Arab Emirates,Apex Dynamics LLC,Beacon Dynamics LLC,Exclusive regional distribution rights included,05-ต.ค.-2024,19-ต.ค.-2024,13-ธ.ค.-2026,Yuki O.,Alternative vendors being benchmarked,Upcoming renewal,"$173,900"
1760,HR & Payroll,Outsourced Payroll Processing Contract #2759,United Arab Emirates,Beacon Holdings LLC,Anchor Consulting LLC,Exclusive regional distribution rights included,23-ธ.ค.-2023,23-ธ.ค.-2023,31-ส.ค.-2025,Suchada O.,Vendor performance review scheduled,Expired/Not renewed,"$228,300"
1761,Logistics,Warehouse Lease & Operation Agreement #2760,Germany,Lumen Holdings GmbH,Internal - Legal Dept.,"Multi-year framework agreement, reviewed yearly",11-ก.ค.-2024,25-ก.ค.-2024,09-ต.ค.-2026,Carlos H.,Legal review in progress before renewal,Upcoming renewal,"$1,081,400"
1762,Software Licensing,CRM Platform Subscription Agreement #2761,Thailand,"Vanguard Solutions Co., Ltd.","Atlas Systems Co., Ltd.",Renewal contingent on performance KPIs,12-พ.ค.-2027,12-พ.ค.-2027,02-ก.พ.-2029,Somchai M.,Budget approval pending for renewal,Renewed,"$1,039,500"
1763,Cleaning & Facility,Janitorial Services Agreement #2762,Myanmar,"Nova Consulting Co., Ltd.",Internal - Supply Chain,Renewal contingent on performance KPIs,15-พ.ค.-2024,15-พ.ค.-2024,08-พ.ย.-2026,Tanawat B.,Legal review in progress before renewal,Upcoming renewal,"$190,600"
1764,Waste Management,Hazardous Waste Management Contract #2763,United Arab Emirates,Bright Industries LLC,Internal - Corporate Affairs,"Auto-renew clause, 45 days notice required",07-ก.พ.-2024,07-ก.พ.-2024,04-พ.ย.-2026,Somchai I.,Scope extension being discussed with partner,Upcoming renewal,"$163,500"
1765,Training & Development,E-Learning Platform License #2764,Germany,Nova Partners GmbH,Internal - IT Dept.,"Auto-renew clause, 30 days notice required",14-เม.ย.-2025,14-เม.ย.-2025,04-ก.ค.-2028,Chloe S.,No issues reported this cycle,Renewed,"$206,800"
1766,Cleaning & Facility,Office Facility Management Contract #2765,Philippines,Alliance Industries Inc.,Crest Logistics Inc.,Service level agreement reviewed annually,18-มี.ค.-2026,01-เม.ย.-2026,01-มิ.ย.-2028,Michael S.,Relationship manager reassigned this quarter,Renewed,"$273,700"
1767,Fleet & Transportation,Vehicle Leasing Agreement #2766,Hong Kong,Crest Holdings Ltd.,Ivory Innovations Ltd.,Exclusive regional distribution rights included,21-ส.ค.-2021,04-ก.ย.-2021,30-พ.ค.-2024,Wanida I.,No issues reported this cycle,Expired/Not renewed,"$338,800"
1768,Legal,Litigation Support Contract #2767,United Arab Emirates,Pinnacle Ventures LLC,Internal - Marketing Dept.,"Auto-renew clause, 45 days notice required",12-ธ.ค.-2022,12-ธ.ค.-2022,14-ต.ค.-2026,Somchai H.,"Renewal quote received, under internal review",Upcoming renewal,"$290,500"
1769,Logistics,Freight Forwarding Contract #2768,Philippines,Ivory Innovations Inc.,Internal - IT Security,Includes 24/7 support SLA with penalty clauses,04-ต.ค.-2025,04-ต.ค.-2025,11-ต.ค.-2026,Emily A.,Legal review in progress before renewal,Upcoming renewal,"$1,315,500"
1770,Financial Services,Treasury Management Contract #2769,China,"Meridian Ventures Co., Ltd.",Internal - Finance Dept.,Includes 24/7 support SLA with penalty clauses,15-ส.ค.-2022,22-ส.ค.-2022,30-พ.ย.-2025,Wanida B.,-,Expired/Not renewed,"$157,700"
1771,Legal,Compliance Advisory Agreement #2770,United States,BlueSky Ventures Inc.,Pinnacle Dynamics Inc.,Pricing subject to annual CPI adjustment,17-ต.ค.-2022,17-ต.ค.-2022,09-ม.ค.-2026,Minji F.,Flagged for cost optimization review,Expired/Not renewed,"$296,500"
1772,Consulting,Strategy Advisory Retainer #2771,Japan,Global Trading K.K.,Internal - Finance Dept.,Volume discount tier applies above threshold spend,07-ม.ค.-2026,14-ม.ค.-2026,04-ก.พ.-2027,Sarah S.,Budget approval pending for renewal,Negotiation in progress,"$96,800"
1773,Training & Development,Corporate Training Program Agreement #2772,Myanmar,"NorthStar Industries Co., Ltd.",Internal - Finance Dept.,"Auto-renew clause, 15 days notice required",19-มี.ค.-2023,19-มี.ค.-2023,16-ต.ค.-2026,Minji S.,No issues reported this cycle,Negotiation in progress,"$37,700"
1774,Manufacturing Supply,OEM Production Agreement #2773,United Arab Emirates,Solace Innovations LLC,Prime Partners LLC,Pricing subject to annual CPI adjustment,10-พ.ย.-2024,24-พ.ย.-2024,06-ต.ค.-2026,Wanida T.,Scope extension being discussed with partner,Upcoming renewal,"$2,922,900"
1775,HR & Payroll,HR Systems Implementation Contract #2774,Indonesia,Pinnacle Dynamics PT,Cascade Enterprises PT,Pricing subject to annual CPI adjustment,18-ต.ค.-2023,01-พ.ย.-2023,04-ต.ค.-2026,Laura R.,"Renewal quote received, under internal review",Upcoming renewal,"$386,400"
1776,Marketing,Brand Campaign Agreement #2775,Germany,Silverline Dynamics GmbH,Internal - Corporate Affairs,Includes quarterly business review meetings,07-พ.ค.-2024,07-พ.ค.-2024,16-ม.ค.-2027,Nattapong O.,Legal review in progress before renewal,Negotiation in progress,"$895,500"
1777,Waste Management,Recycling Services Agreement #2776,France,Metro Networks SAS,Internal - Legal Dept.,-,11-ส.ค.-2024,11-ส.ค.-2024,01-ม.ค.-2026,Anucha R.,Relationship manager reassigned this quarter,Expired/Not renewed,"$97,100"
1778,HR & Payroll,Employee Benefits Administration #2777,Germany,Beacon Innovations GmbH,Internal - Operations,Renewal contingent on performance KPIs,05-ก.พ.-2024,19-ก.พ.-2024,03-พ.ย.-2026,Carlos J.,Vendor performance review scheduled,Upcoming renewal,"$360,200"
1779,Real Estate & Leasing,Equipment Leasing Agreement #2778,United Kingdom,Orion Innovations Ltd.,Internal - HR Dept.,-,14-ก.ค.-2023,14-ก.ค.-2023,09-ต.ค.-2024,Priya H.,Scope extension being discussed with partner,Expired/Not renewed,"$3,086,200"
1780,Telecommunications,Satellite Communication Contract #2779,Taiwan,"Prime Technologies Co., Ltd.",Internal - Finance Dept.,Exclusive regional distribution rights included,29-มี.ค.-2026,29-มี.ค.-2026,05-พ.ย.-2028,Suchada A.,Relationship manager reassigned this quarter,Renewed,"$429,000"
1781,HR & Payroll,HR Systems Implementation Contract #2780,United Arab Emirates,Zenith Partners LLC,Internal - Legal Dept.,-,14-ธ.ค.-2024,14-ธ.ค.-2024,24-ต.ค.-2026,Nathan E.,-,Upcoming renewal,"$100,000"
1782,Real Estate & Leasing,Retail Unit Lease Contract #2781,Vietnam,Cascade Logistics JSC,Bright Partners JSC,Exclusive regional distribution rights included,09-ต.ค.-2022,09-ต.ค.-2022,08-พ.ค.-2026,Sarah D.,"Renewal quote received, under internal review",Expired/Not renewed,"$4,107,000"
1783,Telecommunications,Corporate Mobile Plan Agreement #2782,United Arab Emirates,Bright Networks LLC,Internal - IT Dept.,Includes quarterly business review meetings,29-ส.ค.-2024,29-ส.ค.-2024,17-พ.ย.-2026,Wanida R.,Legal review in progress before renewal,Negotiation in progress,"$435,400"
1784,Security,CCTV Monitoring Agreement #2783,Philippines,Pinnacle Industries Inc.,Sterling Networks Inc.,"Auto-renew clause, 30 days notice required",18-มิ.ย.-2023,18-มิ.ย.-2023,09-มิ.ย.-2026,Tanawat P.,Vendor performance review scheduled,Expired/Not renewed,"$433,600"
1785,Manufacturing Supply,OEM Production Agreement #2784,Philippines,Nova Dynamics Inc.,Metro Ventures Inc.,"Auto-renew clause, 60 days notice required",13-ก.ค.-2026,27-ก.ค.-2026,28-ส.ค.-2027,Somchai B.,Legal review in progress before renewal,Renewed,"$247,900"
1786,Training & Development,Leadership Development Engagement #2785,Germany,Meridian Technologies GmbH,Internal - Finance Dept.,"Auto-renew clause, 45 days notice required",14-พ.ย.-2021,14-พ.ย.-2021,09-ก.ย.-2024,Ploy H.,Vendor performance review scheduled,Expired/Not renewed,"$85,300"
1787,HR & Payroll,Outsourced Payroll Processing Contract #2786,Malaysia,Vanguard Innovations Sdn Bhd,Internal - Procurement,"Multi-year framework agreement, reviewed yearly",09-พ.ย.-2021,23-พ.ย.-2021,24-พ.ค.-2024,Chloe O.,Scope extension being discussed with partner,Expired/Not renewed,"$101,500"
1788,Fleet & Transportation,Fleet Maintenance Agreement #2787,United Kingdom,Radiant Solutions Ltd.,Internal - Admin Dept.,"Multi-year framework agreement, reviewed yearly",22-ส.ค.-2024,22-ส.ค.-2024,20-พ.ย.-2026,Aiko L.,"Renewal quote received, under internal review",Upcoming renewal,"$421,900"
1789,HR & Payroll,Recruitment Services Agreement #2788,South Korea,"Prime Innovations Co., Ltd.",Internal - Supply Chain,Service level agreement reviewed annually,07-มิ.ย.-2023,07-มิ.ย.-2023,20-ต.ค.-2026,Fatima B.,Legal review in progress before renewal,Upcoming renewal,"$54,100"
1790,Travel & Events,Corporate Travel Management Agreement #2789,China,"Prime Trading Co., Ltd.",Internal - Finance Dept.,Service level agreement reviewed annually,09-ธ.ค.-2023,09-ธ.ค.-2023,02-ต.ค.-2026,Suchada H.,Vendor performance review scheduled,Negotiation in progress,"$165,900"
1791,Construction & Maintenance,Elevator Maintenance Contract #2790,Malaysia,Prime Innovations Sdn Bhd,Orion Trading Sdn Bhd,Includes quarterly business review meetings,17-ส.ค.-2024,17-ส.ค.-2024,02-ธ.ค.-2025,Ploy B.,Alternative vendors being benchmarked,Expired/Not renewed,"$325,000"
1792,Insurance,Group Health Insurance Policy #2791,Vietnam,Horizon Holdings JSC,Internal - Supply Chain,Volume discount tier applies above threshold spend,26-ธ.ค.-2022,09-ม.ค.-2023,30-ก.ย.-2026,James K.,Budget approval pending for renewal,Negotiation in progress,"$140,800"
1793,IT Services,Cloud Hosting Agreement #2792,United States,Crown Technologies Inc.,Internal - Operations,Volume discount tier applies above threshold spend,23-เม.ย.-2024,23-เม.ย.-2024,26-ม.ค.-2027,Tanawat D.,Alternative vendors being benchmarked,Negotiation in progress,"$1,280,700"
1794,HR & Payroll,Outsourced Payroll Processing Contract #2793,Philippines,Granite Partners Inc.,Zenith Industries Inc.,Exclusive regional distribution rights included,06-มี.ค.-2026,20-มี.ค.-2026,19-ส.ค.-2027,Chloe D.,Budget approval pending for renewal,Renewed,"$268,000"
1795,Cleaning & Facility,Facility Maintenance Contract #2794,Thailand,"Global Dynamics Co., Ltd.",Internal - Marketing Dept.,Exclusive regional distribution rights included,20-ส.ค.-2023,03-ก.ย.-2023,31-ต.ค.-2026,Piyawan J.,Relationship manager reassigned this quarter,Upcoming renewal,"$284,900"
1796,Training & Development,Leadership Development Engagement #2795,Vietnam,Nova Enterprises JSC,Delta Solutions JSC,Exclusive regional distribution rights included,18-เม.ย.-2025,18-เม.ย.-2025,26-ก.ย.-2026,Piyawan T.,-,Upcoming renewal,"$231,900"
1797,Consulting,Business Process Improvement Engagement #2796,Myanmar,"NorthStar Innovations Co., Ltd.","Ivory Capital Co., Ltd.",Renewal contingent on performance KPIs,03-พ.ค.-2025,10-พ.ค.-2025,30-ธ.ค.-2026,Fatima B.,"Renewal quote received, under internal review",Negotiation in progress,"$1,128,400"
1798,Manufacturing Supply,OEM Production Agreement #2797,Hong Kong,Crest Trading Ltd.,Internal - IT Security,Exclusive regional distribution rights included,10-ส.ค.-2025,24-ส.ค.-2025,04-พ.ย.-2026,Daniel W.,Flagged for cost optimization review,Upcoming renewal,"$1,589,100"
1799,Security,CCTV Monitoring Agreement #2798,United Kingdom,Crest Holdings Ltd.,Internal - IT Dept.,"Multi-year framework agreement, reviewed yearly",04-ก.พ.-2025,04-ก.พ.-2025,21-ก.ย.-2026,Emily P.,Scope extension being discussed with partner,Upcoming renewal,"$232,000"
1800,Financial Services,Corporate Banking Services Agreement #2799,Germany,Titan Solutions GmbH,Internal - Admin Dept.,-,14-มิ.ย.-2021,28-มิ.ย.-2021,22-ธ.ค.-2024,David B.,Budget approval pending for renewal,Expired/Not renewed,"$767,400"
1801,Legal,Litigation Support Contract #2800,China,"Falcon Technologies Co., Ltd.",Internal - Admin Dept.,Exclusive regional distribution rights included,18-ก.ค.-2024,01-ส.ค.-2024,22-ม.ค.-2027,Siti C.,Flagged for cost optimization review,Negotiation in progress,"$35,700"
1802,Printing & Publishing,Annual Report Design & Print Contract #2801,Germany,Anchor Trading GmbH,Internal - E-commerce,-,28-ต.ค.-2023,04-พ.ย.-2023,29-ต.ค.-2026,Ploy D.,Alternative vendors being benchmarked,Upcoming renewal,"$13,900"
1803,Consulting,Change Management Engagement #2802,India,Metro Consulting Pvt. Ltd.,Internal - IT Security,Pricing subject to annual CPI adjustment,11-มิ.ย.-2025,11-มิ.ย.-2025,16-ส.ค.-2026,Fatima T.,Budget approval pending for renewal,Expired/Not renewed,"$445,400"
1804,Consulting,Business Process Improvement Engagement #2803,South Korea,"Crest Innovations Co., Ltd.",Internal - Admin Dept.,Service level agreement reviewed annually,01-มิ.ย.-2023,01-มิ.ย.-2023,10-ก.พ.-2027,Carlos D.,"Renewal quote received, under internal review",Negotiation in progress,"$726,600"
1805,Financial Services,Treasury Management Contract #2804,India,Onyx Innovations Pvt. Ltd.,Global Group Pvt. Ltd.,"Auto-renew clause, 45 days notice required",23-มี.ค.-2024,23-มี.ค.-2024,07-พ.ย.-2026,Hiroshi B.,Legal review in progress before renewal,Upcoming renewal,"$341,600"
1806,Fleet & Transportation,Fleet Maintenance Agreement #2805,Singapore,Granite Logistics Pte Ltd,Radiant Enterprises Pte Ltd,Includes quarterly business review meetings,19-ธ.ค.-2023,02-ม.ค.-2024,02-ธ.ค.-2027,Ploy M.,"Renewal quote received, under internal review",Renewed,"$440,900"
1807,Software Licensing,CRM Platform Subscription Agreement #2806,Japan,Global Enterprises K.K.,Titan Industries K.K.,-,13-ก.พ.-2024,13-ก.พ.-2024,01-ต.ค.-2026,Suchada A.,No issues reported this cycle,Upcoming renewal,"$955,800"
1808,HR & Payroll,HR Systems Implementation Contract #2807,Thailand,"Emerald Systems Co., Ltd.",Internal - Corporate Affairs,"Multi-year framework agreement, reviewed yearly",13-มิ.ย.-2026,27-มิ.ย.-2026,04-พ.ค.-2028,Michael I.,"Renewal quote received, under internal review",Renewed,"$253,400"
1809,Printing & Publishing,Annual Report Design & Print Contract #2808,Myanmar,"Atlas Holdings Co., Ltd.",Internal - Legal Dept.,"Multi-year framework agreement, reviewed yearly",25-ม.ค.-2025,25-ม.ค.-2025,12-ต.ค.-2026,Michael M.,-,Upcoming renewal,"$12,300"
1810,Financial Services,Payment Gateway Services Agreement #2809,United Kingdom,Beacon Dynamics Ltd.,Pacific Holdings Ltd.,Service level agreement reviewed annually,27-พ.ย.-2024,27-พ.ย.-2024,18-พ.ค.-2027,Anucha L.,-,Renewed,"$925,300"
1811,Construction & Maintenance,Building Renovation Contract #2810,Vietnam,Zenith Ventures JSC,Internal - Procurement,Includes quarterly business review meetings,18-ส.ค.-2024,01-ก.ย.-2024,15-ส.ค.-2028,Aiko G.,No issues reported this cycle,Renewed,"$605,500"
1812,Logistics,Last-Mile Delivery Partnership #2811,Cambodia,"Onyx Ventures Co., Ltd.","Zenith Consulting Co., Ltd.","Auto-renew clause, 30 days notice required",14-พ.ค.-2024,14-พ.ค.-2024,12-ธ.ค.-2026,James P.,Vendor performance review scheduled,Negotiation in progress,"$580,100"
1813,Telecommunications,Internet Leased Line Contract #2812,Taiwan,"NorthStar Systems Co., Ltd.",Internal - HR Dept.,"Auto-renew clause, 30 days notice required",03-มิ.ย.-2022,03-มิ.ย.-2022,04-ม.ค.-2026,Wanida H.,"Renewal quote received, under internal review",Expired/Not renewed,"$224,100"
1814,Legal,Regulatory Filing Services #2813,Taiwan,"Apex Partners Co., Ltd.",Internal - HR Dept.,Exclusive regional distribution rights included,18-ก.ค.-2022,01-ส.ค.-2022,22-ธ.ค.-2024,Budi I.,-,Expired/Not renewed,"$254,100"
1815,Telecommunications,Corporate Mobile Plan Agreement #2814,France,Horizon Capital SAS,Internal - Procurement,Exclusive regional distribution rights included,30-มี.ค.-2023,30-มี.ค.-2023,10-ธ.ค.-2024,Kanokwan T.,Vendor performance review scheduled,Expired/Not renewed,"$596,000"
1816,Insurance,Property & Casualty Insurance Contract #2815,United Arab Emirates,Zenith Enterprises LLC,Internal - IT Dept.,Renewal contingent on performance KPIs,07-มิ.ย.-2025,21-มิ.ย.-2025,10-พ.ย.-2026,Hiroshi C.,Legal review in progress before renewal,Negotiation in progress,"$182,400"
1817,IT Services,Cloud Hosting Agreement #2816,Australia,Horizon Industries Pty Ltd,Internal - IT Security,Pricing subject to annual CPI adjustment,11-พ.ค.-2025,18-พ.ค.-2025,15-ก.พ.-2028,Ravi T.,-,Renewed,"$173,300"
1818,Fleet & Transportation,Fleet Maintenance Agreement #2817,China,"Summit Ventures Co., Ltd.",Internal - Operations,Pricing subject to annual CPI adjustment,17-ส.ค.-2024,17-ส.ค.-2024,26-ก.ย.-2026,Siti R.,Legal review in progress before renewal,Negotiation in progress,"$251,200"
1819,Construction & Maintenance,Civil Works Contract #2818,United Arab Emirates,Vertex Partners LLC,Internal - IT Security,Includes 24/7 support SLA with penalty clauses,09-พ.ย.-2026,09-พ.ย.-2026,03-ม.ค.-2028,Minji B.,Legal review in progress before renewal,Renewed,"$449,200"
1820,Real Estate & Leasing,Office Space Lease Agreement #2819,Cambodia,"Trident Capital Co., Ltd.",Internal - Corporate Affairs,Service level agreement reviewed annually,24-ก.ค.-2023,07-ส.ค.-2023,20-ต.ค.-2026,Sarah W.,Legal review in progress before renewal,Upcoming renewal,"$1,480,200"
1821,Marketing,Creative & Branding Services #2820,Thailand,"Atlas Solutions Co., Ltd.",Internal - HR Dept.,Exclusive regional distribution rights included,12-มิ.ย.-2023,12-มิ.ย.-2023,12-ก.ย.-2024,Ahmed H.,"Renewal quote received, under internal review",Expired/Not renewed,"$450,200"
1822,Logistics,Customs Brokerage Agreement #2821,Vietnam,Prime Ventures JSC,Internal - Operations,"Auto-renew clause, 15 days notice required",09-ต.ค.-2025,16-ต.ค.-2025,31-ธ.ค.-2026,Kanokwan F.,Legal review in progress before renewal,Negotiation in progress,"$1,679,300"
1823,Training & Development,Leadership Development Engagement #2822,India,Ivory Ventures Pvt. Ltd.,Internal - Operations,Volume discount tier applies above threshold spend,14-มิ.ย.-2022,28-มิ.ย.-2022,04-ม.ค.-2025,Nathan T.,-,Expired/Not renewed,"$83,200"
1824,HR & Payroll,Outsourced Payroll Processing Contract #2823,United Kingdom,Pacific Solutions Ltd.,Beacon Dynamics Ltd.,Includes quarterly business review meetings,08-มี.ค.-2024,08-มี.ค.-2024,17-พ.ย.-2027,Wanida O.,Scope extension being discussed with partner,Renewed,"$236,000"
1825,Consulting,Change Management Engagement #2824,Singapore,Anchor Capital Pte Ltd,Internal - Marketing Dept.,"Auto-renew clause, 30 days notice required",25-ก.พ.-2027,25-ก.พ.-2027,10-มิ.ย.-2028,Kanokwan T.,"Renewal quote received, under internal review",Renewed,"$362,500"
1826,Telecommunications,Satellite Communication Contract #2825,India,Titan Consulting Pvt. Ltd.,Falcon Services Pvt. Ltd.,Exclusive regional distribution rights included,23-ธ.ค.-2022,23-ธ.ค.-2022,19-พ.ย.-2026,Ravi I.,Budget approval pending for renewal,Negotiation in progress,"$471,200"
1827,Security,Physical Security & Guard Services #2826,South Korea,"Pinnacle Group Co., Ltd.",Internal - IT Security,-,31-พ.ค.-2025,31-พ.ค.-2025,21-ก.ย.-2026,Fatima H.,Vendor performance review scheduled,Negotiation in progress,"$314,300"
1828,Software Licensing,Business Intelligence Platform License #2827,United Kingdom,Falcon Enterprises Ltd.,Alliance Innovations Ltd.,Service level agreement reviewed annually,06-พ.ค.-2023,13-พ.ค.-2023,23-ม.ค.-2026,Sarah D.,Flagged for cost optimization review,Expired/Not renewed,"$2,091,100"
1829,Travel & Events,Conference Venue Agreement #2828,Indonesia,Quantum Trading PT,Atlas Services PT,Volume discount tier applies above threshold spend,05-ก.ย.-2023,19-ก.ย.-2023,21-พ.ย.-2026,Sarah W.,"Renewal quote received, under internal review",Upcoming renewal,"$186,800"
1830,HR & Payroll,HR Systems Implementation Contract #2829,China,"Pinnacle Enterprises Co., Ltd.","Crest Ventures Co., Ltd.",Pricing subject to annual CPI adjustment,06-เม.ย.-2025,13-เม.ย.-2025,06-พ.ย.-2026,Piyawan N.,No issues reported this cycle,Upcoming renewal,"$351,000"
1831,Cleaning & Facility,Pest Control Services Agreement #2830,Malaysia,Alliance Ventures Sdn Bhd,Internal - IT Dept.,-,08-พ.ย.-2022,15-พ.ย.-2022,26-ก.ค.-2025,Carlos L.,No issues reported this cycle,Expired/Not renewed,"$80,900"
1832,Training & Development,E-Learning Platform License #2831,Thailand,"Pacific Technologies Co., Ltd.","Sterling Trading Co., Ltd.",Volume discount tier applies above threshold spend,08-ก.ค.-2025,08-ก.ค.-2025,03-ธ.ค.-2027,Somchai H.,Alternative vendors being benchmarked,Renewed,"$147,900"
1833,Software Licensing,Enterprise Software License (ERP) #2832,Cambodia,"NorthStar Trading Co., Ltd.",Internal - Corporate Affairs,Volume discount tier applies above threshold spend,23-ก.ค.-2024,23-ก.ค.-2024,28-ก.ย.-2027,Laura A.,-,Renewed,"$46,100"
1834,Marketing,Creative & Branding Services #2833,Australia,Delta Consulting Pty Ltd,Internal - Corporate Affairs,Volume discount tier applies above threshold spend,06-ม.ค.-2023,06-ม.ค.-2023,24-พ.ย.-2026,Carlos S.,-,Negotiation in progress,"$142,600"
1835,Logistics,Last-Mile Delivery Partnership #2834,Taiwan,"Granite Partners Co., Ltd.","Quantum Capital Co., Ltd.","Multi-year framework agreement, reviewed yearly",15-พ.ย.-2025,22-พ.ย.-2025,28-ก.พ.-2029,Nathan T.,-,Renewed,"$273,700"
1836,Telecommunications,Internet Leased Line Contract #2835,China,"Ivory Group Co., Ltd.",Internal - Finance Dept.,Service level agreement reviewed annually,15-เม.ย.-2021,15-เม.ย.-2021,20-ส.ค.-2024,Daniel L.,Flagged for cost optimization review,Expired/Not renewed,"$432,000"
1837,Waste Management,Hazardous Waste Management Contract #2836,Indonesia,Vertex Solutions PT,Internal - Marketing Dept.,Service level agreement reviewed annually,03-ก.ค.-2025,03-ก.ค.-2025,09-พ.ย.-2026,Grace J.,Alternative vendors being benchmarked,Upcoming renewal,"$250,300"
1838,Telecommunications,VoIP Services Agreement #2837,Malaysia,Delta Industries Sdn Bhd,Internal - Admin Dept.,Service level agreement reviewed annually,02-ธ.ค.-2022,02-ธ.ค.-2022,14-มิ.ย.-2025,Wanida N.,No issues reported this cycle,Expired/Not renewed,"$588,900"
1839,Marketing,Creative & Branding Services #2838,Cambodia,"Crown Holdings Co., Ltd.","Vertex Partners Co., Ltd.",-,26-ก.ค.-2024,02-ส.ค.-2024,07-ธ.ค.-2026,Siti D.,No issues reported this cycle,Upcoming renewal,"$533,200"
1840,Construction & Maintenance,Civil Works Contract #2839,Philippines,Evergreen Services Inc.,Internal - Corporate Affairs,Exclusive regional distribution rights included,11-ก.ค.-2024,11-ก.ค.-2024,01-ก.พ.-2027,Hiroshi I.,Alternative vendors being benchmarked,Negotiation in progress,"$1,607,800"
1841,Printing & Publishing,Corporate Printing Services Agreement #2840,Malaysia,Alliance Consulting Sdn Bhd,Internal - Admin Dept.,Includes 24/7 support SLA with penalty clauses,13-ธ.ค.-2025,13-ธ.ค.-2025,01-ก.พ.-2027,Piyawan N.,Budget approval pending for renewal,Negotiation in progress,"$114,600"
1842,Construction & Maintenance,Civil Works Contract #2841,United States,Solace Logistics Inc.,Atlas Holdings Inc.,Includes quarterly business review meetings,19-เม.ย.-2025,19-เม.ย.-2025,05-พ.ย.-2026,Tanawat W.,Scope extension being discussed with partner,Upcoming renewal,"$56,200"
1843,Training & Development,E-Learning Platform License #2842,Philippines,Alliance Networks Inc.,Internal - Procurement,Renewal contingent on performance KPIs,01-ม.ค.-2024,15-ม.ค.-2024,08-พ.ย.-2026,Grace A.,Vendor performance review scheduled,Negotiation in progress,"$96,100"
1844,Real Estate & Leasing,Equipment Leasing Agreement #2843,Australia,Falcon Innovations Pty Ltd,Internal - Admin Dept.,Pricing subject to annual CPI adjustment,25-ม.ค.-2023,08-ก.พ.-2023,05-พ.ย.-2026,Siti T.,No issues reported this cycle,Upcoming renewal,"$1,613,400"
1845,Cleaning & Facility,Pest Control Services Agreement #2844,China,"Anchor Systems Co., Ltd.","Meridian Consulting Co., Ltd.",Exclusive regional distribution rights included,29-เม.ย.-2024,29-เม.ย.-2024,23-พ.ค.-2025,Fatima M.,Budget approval pending for renewal,Expired/Not renewed,"$251,600"
1846,Software Licensing,Cybersecurity Software License #2845,France,Delta Group SAS,Internal - Supply Chain,"Multi-year framework agreement, reviewed yearly",29-มิ.ย.-2025,29-มิ.ย.-2025,24-ก.ย.-2026,Wei G.,Flagged for cost optimization review,Negotiation in progress,"$1,208,800"
1847,Cleaning & Facility,Pest Control Services Agreement #2846,Cambodia,"BlueSky Systems Co., Ltd.","Onyx Partners Co., Ltd.",Volume discount tier applies above threshold spend,16-พ.ย.-2022,30-พ.ย.-2022,23-ก.ค.-2026,David F.,Relationship manager reassigned this quarter,Expired/Not renewed,"$188,400"
1848,HR & Payroll,Recruitment Services Agreement #2847,Germany,Falcon Technologies GmbH,Internal - Legal Dept.,Service level agreement reviewed annually,25-มี.ค.-2023,25-มี.ค.-2023,29-ก.ย.-2026,Somchai P.,Relationship manager reassigned this quarter,Upcoming renewal,"$226,900"
1849,Telecommunications,Satellite Communication Contract #2848,Vietnam,Delta Holdings JSC,Internal - Procurement,"Auto-renew clause, 15 days notice required",31-ธ.ค.-2023,31-ธ.ค.-2023,31-ต.ค.-2026,Fatima M.,Budget approval pending for renewal,Negotiation in progress,"$245,800"
1850,Marketing,Media Buying Agreement #2849,Singapore,Granite Group Pte Ltd,Internal - Procurement,Exclusive regional distribution rights included,14-ส.ค.-2024,14-ส.ค.-2024,13-ต.ค.-2026,Hiroshi E.,Relationship manager reassigned this quarter,Upcoming renewal,"$31,300"
1851,Cleaning & Facility,Janitorial Services Agreement #2850,Indonesia,Metro Services PT,Internal - Procurement,Includes 24/7 support SLA with penalty clauses,17-พ.ค.-2027,17-พ.ค.-2027,03-มี.ค.-2029,Somchai G.,Scope extension being discussed with partner,Renewed,"$77,100"
1852,Fleet & Transportation,Fleet Maintenance Agreement #2851,Malaysia,Delta Partners Sdn Bhd,Onyx Solutions Sdn Bhd,Exclusive regional distribution rights included,01-มี.ค.-2026,08-มี.ค.-2026,16-พ.ย.-2027,Budi N.,Alternative vendors being benchmarked,Renewed,"$759,400"
1853,Waste Management,Recycling Services Agreement #2852,United Arab Emirates,Nova Solutions LLC,Internal - IT Dept.,Exclusive regional distribution rights included,14-พ.ค.-2025,21-พ.ค.-2025,28-มิ.ย.-2026,Yuki I.,No issues reported this cycle,Expired/Not renewed,"$38,900"
1854,Training & Development,E-Learning Platform License #2853,Thailand,"Prime Technologies Co., Ltd.",Internal - Procurement,-,09-ม.ค.-2023,16-ม.ค.-2023,15-ต.ค.-2026,Nattapong D.,Vendor performance review scheduled,Negotiation in progress,"$96,800"
1855,Printing & Publishing,Annual Report Design & Print Contract #2854,Thailand,"Radiant Partners Co., Ltd.",Internal - Marketing Dept.,Exclusive regional distribution rights included,06-ก.ค.-2021,20-ก.ค.-2021,01-พ.ย.-2024,Somchai K.,Scope extension being discussed with partner,Expired/Not renewed,"$116,800"
1856,Legal,IP & Trademark Registration Services #2855,Australia,BlueSky Services Pty Ltd,Internal - Procurement,Renewal contingent on performance KPIs,15-ก.ค.-2027,15-ก.ค.-2027,20-ต.ค.-2028,Wei E.,Relationship manager reassigned this quarter,Renewed,"$309,400"
1857,Training & Development,E-Learning Platform License #2856,India,Metro Trading Pvt. Ltd.,Summit Technologies Pvt. Ltd.,Volume discount tier applies above threshold spend,05-มิ.ย.-2022,19-มิ.ย.-2022,29-ก.ค.-2024,Grace F.,"Renewal quote received, under internal review",Expired/Not renewed,"$115,600"
1858,Construction & Maintenance,HVAC Maintenance Agreement #2857,Philippines,Sterling Services Inc.,Internal - HR Dept.,Volume discount tier applies above threshold spend,17-ต.ค.-2026,24-ต.ค.-2026,20-ต.ค.-2028,Siti O.,Legal review in progress before renewal,Renewed,"$104,700"
1859,Waste Management,Hazardous Waste Management Contract #2858,Cambodia,"Prime Industries Co., Ltd.",Internal - Supply Chain,Includes quarterly business review meetings,11-พ.ค.-2025,11-พ.ค.-2025,11-ต.ค.-2028,Somchai T.,Vendor performance review scheduled,Renewed,"$241,800"
1860,Real Estate & Leasing,Equipment Leasing Agreement #2859,South Korea,"Orion Services Co., Ltd.","Titan Trading Co., Ltd.",Includes 24/7 support SLA with penalty clauses,02-ก.ย.-2023,09-ก.ย.-2023,20-ธ.ค.-2026,Aiko B.,No issues reported this cycle,Negotiation in progress,"$1,639,800"
1861,Marketing,Digital Marketing Retainer #2860,Malaysia,Quantum Dynamics Sdn Bhd,Onyx Industries Sdn Bhd,Volume discount tier applies above threshold spend,06-มี.ค.-2024,06-มี.ค.-2024,28-ส.ค.-2027,Priya K.,Alternative vendors being benchmarked,Renewed,"$306,100"
1862,IT Services,Cloud Hosting Agreement #2861,Taiwan,"Pinnacle Trading Co., Ltd.","Pinnacle Dynamics Co., Ltd.","Multi-year framework agreement, reviewed yearly",16-ก.ย.-2025,16-ก.ย.-2025,22-ก.ย.-2027,Kanokwan L.,Flagged for cost optimization review,Renewed,"$1,959,300"
1863,Real Estate & Leasing,Retail Unit Lease Contract #2862,United Kingdom,Summit Solutions Ltd.,Quantum Systems Ltd.,"Multi-year framework agreement, reviewed yearly",19-ธ.ค.-2022,02-ม.ค.-2023,24-พ.ย.-2026,Chloe C.,Relationship manager reassigned this quarter,Upcoming renewal,"$3,106,300"
1864,Telecommunications,Internet Leased Line Contract #2863,United Kingdom,Pacific Group Ltd.,Pinnacle Innovations Ltd.,"Multi-year framework agreement, reviewed yearly",20-ธ.ค.-2024,20-ธ.ค.-2024,05-มี.ค.-2028,Siti D.,Flagged for cost optimization review,Renewed,"$640,400"
1865,Travel & Events,Event Management Services Contract #2864,Taiwan,"Ivory Trading Co., Ltd.","NorthStar Capital Co., Ltd.",Includes 24/7 support SLA with penalty clauses,05-พ.ค.-2026,05-พ.ค.-2026,14-ต.ค.-2028,Grace R.,Scope extension being discussed with partner,Renewed,"$388,000"
1866,Logistics,Fleet Logistics Services Contract #2865,Cambodia,"Global Solutions Co., Ltd.",Internal - Finance Dept.,Includes quarterly business review meetings,22-เม.ย.-2026,22-เม.ย.-2026,20-ธ.ค.-2028,Arjun W.,Legal review in progress before renewal,Renewed,"$597,100"
1867,Legal,Litigation Support Contract #2866,Singapore,Anchor Ventures Pte Ltd,Internal - Legal Dept.,Includes 24/7 support SLA with penalty clauses,15-ส.ค.-2025,15-ส.ค.-2025,20-มี.ค.-2028,James M.,No issues reported this cycle,Renewed,"$189,200"
1868,Legal,Regulatory Filing Services #2867,United Kingdom,Prime Systems Ltd.,Internal - Corporate Affairs,-,10-ก.ย.-2027,17-ก.ย.-2027,04-ม.ค.-2029,Fatima W.,Budget approval pending for renewal,Renewed,"$490,200"
1869,Printing & Publishing,Annual Report Design & Print Contract #2868,Australia,Anchor Capital Pty Ltd,Emerald Services Pty Ltd,Includes 24/7 support SLA with penalty clauses,25-พ.ย.-2025,25-พ.ย.-2025,14-ก.พ.-2028,Wanida M.,-,Renewed,"$137,100"
1870,Training & Development,E-Learning Platform License #2869,Malaysia,Beacon Dynamics Sdn Bhd,Pacific Enterprises Sdn Bhd,Service level agreement reviewed annually,07-ก.ค.-2026,14-ก.ค.-2026,02-ต.ค.-2028,Nattapong A.,Scope extension being discussed with partner,Renewed,"$179,300"
1871,Printing & Publishing,Annual Report Design & Print Contract #2870,Australia,Titan Solutions Pty Ltd,Internal - Admin Dept.,Service level agreement reviewed annually,29-มิ.ย.-2024,29-มิ.ย.-2024,25-ก.ย.-2025,Laura E.,Budget approval pending for renewal,Expired/Not renewed,"$48,700"
1872,Consulting,Digital Transformation Consulting #2871,Philippines,Beacon Industries Inc.,Internal - IT Security,"Multi-year framework agreement, reviewed yearly",08-มี.ค.-2025,22-มี.ค.-2025,10-ก.ย.-2027,Budi J.,Vendor performance review scheduled,Renewed,"$840,400"
1873,HR & Payroll,Employee Benefits Administration #2872,China,"Crest Innovations Co., Ltd.",Internal - HR Dept.,Includes 24/7 support SLA with penalty clauses,19-มี.ค.-2024,19-มี.ค.-2024,21-ธ.ค.-2026,Piyawan T.,Vendor performance review scheduled,Negotiation in progress,"$147,700"
1874,Logistics,Warehouse Lease & Operation Agreement #2873,Singapore,Zenith Group Pte Ltd,Internal - Marketing Dept.,Volume discount tier applies above threshold spend,02-มิ.ย.-2024,09-มิ.ย.-2024,22-ธ.ค.-2026,Daniel J.,"Renewal quote received, under internal review",Negotiation in progress,"$1,448,600"
1875,Waste Management,Hazardous Waste Management Contract #2874,Cambodia,"Metro Consulting Co., Ltd.","NorthStar Innovations Co., Ltd.",Service level agreement reviewed annually,05-ต.ค.-2023,05-ต.ค.-2023,11-ม.ค.-2027,Somchai N.,Flagged for cost optimization review,Negotiation in progress,"$272,800"
1876,HR & Payroll,Employee Benefits Administration #2875,Thailand,"Orion Ventures Co., Ltd.",Internal - HR Dept.,Pricing subject to annual CPI adjustment,23-ก.ค.-2022,23-ก.ค.-2022,18-ส.ค.-2025,Sarah A.,Budget approval pending for renewal,Expired/Not renewed,"$327,300"
1877,Logistics,Customs Brokerage Agreement #2876,Indonesia,Zenith Enterprises PT,Delta Solutions PT,Service level agreement reviewed annually,23-มี.ค.-2022,23-มี.ค.-2022,20-ธ.ค.-2024,Ploy P.,Alternative vendors being benchmarked,Expired/Not renewed,"$456,200"
1878,Consulting,Business Process Improvement Engagement #2877,Cambodia,"Solace Logistics Co., Ltd.",Internal - HR Dept.,Service level agreement reviewed annually,12-ก.ค.-2023,26-ก.ค.-2023,22-ต.ค.-2026,Nattapong R.,No issues reported this cycle,Upcoming renewal,"$477,400"
1879,IT Services,Network Infrastructure Services #2878,Philippines,Evergreen Partners Inc.,Internal - Finance Dept.,Includes 24/7 support SLA with penalty clauses,24-เม.ย.-2027,01-พ.ค.-2027,15-ก.ค.-2028,Laura A.,"Renewal quote received, under internal review",Renewed,"$1,636,800"
1880,Construction & Maintenance,HVAC Maintenance Agreement #2879,Malaysia,Evergreen Logistics Sdn Bhd,Internal - Corporate Affairs,Service level agreement reviewed annually,20-ม.ค.-2025,03-ก.พ.-2025,15-ก.ค.-2028,Hiroshi J.,Alternative vendors being benchmarked,Renewed,"$964,400"
1881,Security,Access Control System Contract #2880,Vietnam,Onyx Enterprises JSC,Crown Consulting JSC,Volume discount tier applies above threshold spend,01-พ.ย.-2023,01-พ.ย.-2023,21-ก.ย.-2026,Nathan W.,Vendor performance review scheduled,Upcoming renewal,"$27,100"
1882,Manufacturing Supply,Packaging Supply Contract #2881,Singapore,Summit Partners Pte Ltd,Granite Industries Pte Ltd,Pricing subject to annual CPI adjustment,21-ธ.ค.-2023,21-ธ.ค.-2023,27-ก.ย.-2026,Ravi I.,Flagged for cost optimization review,Upcoming renewal,"$2,519,700"
1883,Waste Management,Waste Collection & Disposal Contract #2882,France,BlueSky Partners SAS,Internal - Admin Dept.,Service level agreement reviewed annually,07-มิ.ย.-2023,07-มิ.ย.-2023,28-ก.ค.-2024,Wei R.,No issues reported this cycle,Expired/Not renewed,"$294,400"
1884,Waste Management,Recycling Services Agreement #2883,Singapore,Titan Systems Pte Ltd,Internal - HR Dept.,-,30-มี.ค.-2024,06-เม.ย.-2024,06-ม.ค.-2028,Michael E.,-,Renewed,"$13,800"
1885,Manufacturing Supply,Component Manufacturing Contract #2884,China,"Anchor Partners Co., Ltd.","Unity Services Co., Ltd.",Renewal contingent on performance KPIs,01-ก.ค.-2023,01-ก.ค.-2023,08-ก.พ.-2027,Yuki O.,Legal review in progress before renewal,Negotiation in progress,"$1,930,200"
1886,IT Services,Managed IT Services Agreement #2885,France,Global Systems SAS,Internal - Finance Dept.,-,04-ส.ค.-2024,18-ส.ค.-2024,05-มิ.ย.-2026,Siti B.,Vendor performance review scheduled,Expired/Not renewed,"$1,323,800"
1887,Waste Management,Waste Collection & Disposal Contract #2886,India,NorthStar Ventures Pvt. Ltd.,Internal - Corporate Affairs,"Auto-renew clause, 15 days notice required",03-พ.ค.-2024,03-พ.ค.-2024,15-มิ.ย.-2027,Emily M.,Budget approval pending for renewal,Renewed,"$44,700"
1888,Consulting,Change Management Engagement #2887,United Arab Emirates,Meridian Capital LLC,Apex Services LLC,Includes 24/7 support SLA with penalty clauses,21-พ.ค.-2026,28-พ.ค.-2026,27-ต.ค.-2027,Grace S.,Budget approval pending for renewal,Renewed,"$478,500"
1889,Marketing,Brand Campaign Agreement #2888,Indonesia,Beacon Capital PT,Internal - Marketing Dept.,Includes quarterly business review meetings,07-ธ.ค.-2025,07-ธ.ค.-2025,07-เม.ย.-2028,Hiroshi E.,Alternative vendors being benchmarked,Renewed,"$611,600"
1890,IT Services,Data Center Colocation Contract #2889,Vietnam,Pinnacle Consulting JSC,Onyx Systems JSC,Exclusive regional distribution rights included,12-ธ.ค.-2023,12-ธ.ค.-2023,03-ส.ค.-2027,Nattapong R.,"Renewal quote received, under internal review",Renewed,"$1,755,000"
1891,Financial Services,Corporate Banking Services Agreement #2890,Philippines,Apex Innovations Inc.,Internal - Marketing Dept.,-,09-ก.ค.-2024,16-ก.ค.-2024,19-ต.ค.-2026,Tanawat J.,Relationship manager reassigned this quarter,Upcoming renewal,"$975,800"
1892,Real Estate & Leasing,Retail Unit Lease Contract #2891,United Kingdom,Anchor Partners Ltd.,Internal - Operations,-,04-เม.ย.-2025,04-เม.ย.-2025,08-ต.ค.-2026,Anucha B.,-,Negotiation in progress,"$4,635,500"
1893,Travel & Events,Corporate Travel Management Agreement #2892,Singapore,Pacific Innovations Pte Ltd,Internal - Supply Chain,Service level agreement reviewed annually,17-พ.ย.-2023,17-พ.ย.-2023,29-ต.ค.-2026,Aiko A.,No issues reported this cycle,Negotiation in progress,"$230,500"
1894,Security,Executive Protection Services #2893,Singapore,Horizon Solutions Pte Ltd,Evergreen Innovations Pte Ltd,Exclusive regional distribution rights included,11-เม.ย.-2026,11-เม.ย.-2026,22-ก.พ.-2029,Tanawat I.,No issues reported this cycle,Renewed,"$436,100"
1895,Training & Development,Leadership Development Engagement #2894,India,Unity Holdings Pvt. Ltd.,Internal - HR Dept.,"Multi-year framework agreement, reviewed yearly",26-มิ.ย.-2023,26-มิ.ย.-2023,01-ต.ค.-2026,Hiroshi F.,Legal review in progress before renewal,Upcoming renewal,"$42,800"
1896,Logistics,Warehouse Lease & Operation Agreement #2895,United States,Horizon Enterprises Inc.,Internal - Corporate Affairs,Exclusive regional distribution rights included,13-ม.ค.-2022,20-ม.ค.-2022,24-ก.ค.-2025,Ravi N.,Flagged for cost optimization review,Expired/Not renewed,"$983,800"
1897,Construction & Maintenance,Building Renovation Contract #2896,Australia,Emerald Consulting Pty Ltd,Beacon Technologies Pty Ltd,Includes quarterly business review meetings,24-ม.ค.-2023,07-ก.พ.-2023,30-ธ.ค.-2026,Yuki R.,No issues reported this cycle,Negotiation in progress,"$180,700"
1898,Logistics,Customs Brokerage Agreement #2897,Hong Kong,Summit Enterprises Ltd.,Bright Capital Ltd.,Pricing subject to annual CPI adjustment,18-ก.พ.-2026,25-ก.พ.-2026,22-ก.พ.-2029,Wei J.,No issues reported this cycle,Renewed,"$497,100"
1899,Real Estate & Leasing,Retail Unit Lease Contract #2898,Cambodia,"Onyx Networks Co., Ltd.",Internal - Operations,Volume discount tier applies above threshold spend,07-เม.ย.-2025,07-เม.ย.-2025,16-พ.ย.-2026,Sarah K.,Flagged for cost optimization review,Upcoming renewal,"$4,511,700"
1900,Financial Services,Payment Gateway Services Agreement #2899,Vietnam,Lumen Systems JSC,Internal - HR Dept.,"Multi-year framework agreement, reviewed yearly",16-ก.ค.-2023,16-ก.ค.-2023,05-พ.ย.-2026,David F.,Relationship manager reassigned this quarter,Upcoming renewal,"$515,100"
1901,Consulting,Strategy Advisory Retainer #2900,China,"Lumen Solutions Co., Ltd.","Apex Partners Co., Ltd.",Pricing subject to annual CPI adjustment,28-ก.พ.-2023,28-ก.พ.-2023,08-ธ.ค.-2026,Daniel I.,Flagged for cost optimization review,Upcoming renewal,"$50,000"
1902,Security,Access Control System Contract #2901,Cambodia,"Ivory Innovations Co., Ltd.","Onyx Group Co., Ltd.",Includes quarterly business review meetings,13-ก.ย.-2026,27-ก.ย.-2026,03-มี.ค.-2029,Wanida J.,Legal review in progress before renewal,Renewed,"$368,500"
1903,Software Licensing,Enterprise Software License (ERP) #2902,Thailand,"Titan Holdings Co., Ltd.",Internal - Finance Dept.,Exclusive regional distribution rights included,05-ก.พ.-2021,05-ก.พ.-2021,03-ต.ค.-2024,Tanawat S.,Relationship manager reassigned this quarter,Expired/Not renewed,"$264,800"
1904,Security,Access Control System Contract #2903,United Arab Emirates,Bright Logistics LLC,Falcon Partners LLC,Renewal contingent on performance KPIs,17-พ.ย.-2020,01-ธ.ค.-2020,25-เม.ย.-2024,Chloe O.,Relationship manager reassigned this quarter,Expired/Not renewed,"$460,900"
1905,Fleet & Transportation,Corporate Shuttle Service Contract #2904,Taiwan,"Ivory Dynamics Co., Ltd.","Bright Technologies Co., Ltd.","Auto-renew clause, 15 days notice required",21-พ.ค.-2024,21-พ.ค.-2024,14-ม.ค.-2027,Laura R.,No issues reported this cycle,Negotiation in progress,"$227,300"
1906,Cleaning & Facility,Pest Control Services Agreement #2905,Cambodia,"Silverline Networks Co., Ltd.","Global Services Co., Ltd.","Multi-year framework agreement, reviewed yearly",06-ส.ค.-2024,06-ส.ค.-2024,07-ต.ค.-2026,Aiko O.,No issues reported this cycle,Negotiation in progress,"$138,100"
1907,IT Services,Network Infrastructure Services #2906,Malaysia,NorthStar Systems Sdn Bhd,Ivory Technologies Sdn Bhd,Volume discount tier applies above threshold spend,08-ก.ย.-2023,08-ก.ย.-2023,19-ธ.ค.-2026,Tanawat W.,Alternative vendors being benchmarked,Negotiation in progress,"$2,309,100"
1908,Waste Management,Recycling Services Agreement #2907,United Kingdom,Vertex Partners Ltd.,Metro Logistics Ltd.,"Multi-year framework agreement, reviewed yearly",29-ธ.ค.-2022,29-ธ.ค.-2022,24-พ.ย.-2026,Nattapong N.,Alternative vendors being benchmarked,Negotiation in progress,"$261,300"
1909,Logistics,Warehouse Lease & Operation Agreement #2908,Indonesia,Vertex Dynamics PT,Internal - Operations,Exclusive regional distribution rights included,09-ม.ค.-2025,16-ม.ค.-2025,11-ม.ค.-2027,Sarah B.,Legal review in progress before renewal,Negotiation in progress,"$168,000"
1910,Insurance,Group Health Insurance Policy #2909,France,Falcon Networks SAS,Internal - Marketing Dept.,Renewal contingent on performance KPIs,09-ธ.ค.-2022,23-ธ.ค.-2022,24-ก.ย.-2026,James C.,Flagged for cost optimization review,Negotiation in progress,"$1,275,700"
1911,Logistics,Last-Mile Delivery Partnership #2910,United Kingdom,Zenith Consulting Ltd.,Internal - Operations,Includes quarterly business review meetings,26-พ.ย.-2024,03-ธ.ค.-2024,27-พ.ย.-2027,Laura R.,Flagged for cost optimization review,Renewed,"$620,700"
1912,IT Services,Cloud Hosting Agreement #2911,Philippines,Onyx Capital Inc.,Internal - Legal Dept.,Pricing subject to annual CPI adjustment,10-พ.ย.-2024,24-พ.ย.-2024,28-เม.ย.-2028,Wei R.,Legal review in progress before renewal,Renewed,"$180,400"
1913,Software Licensing,CRM Platform Subscription Agreement #2912,Cambodia,"Solace Capital Co., Ltd.","Evergreen Capital Co., Ltd.","Multi-year framework agreement, reviewed yearly",20-พ.ย.-2023,20-พ.ย.-2023,30-ก.ย.-2025,Arjun O.,No issues reported this cycle,Expired/Not renewed,"$746,600"
1914,Waste Management,Hazardous Waste Management Contract #2913,Taiwan,"Beacon Consulting Co., Ltd.","BlueSky Enterprises Co., Ltd.",Includes quarterly business review meetings,06-พ.ย.-2023,20-พ.ย.-2023,09-ม.ค.-2027,Wei A.,Relationship manager reassigned this quarter,Negotiation in progress,"$136,600"
1915,Travel & Events,Conference Venue Agreement #2914,Taiwan,"Atlas Partners Co., Ltd.",Internal - E-commerce,"Multi-year framework agreement, reviewed yearly",15-ก.พ.-2025,22-ก.พ.-2025,26-ก.ย.-2028,Laura F.,-,Renewed,"$392,800"
1916,Printing & Publishing,Signage & Print Production Agreement #2915,United Arab Emirates,Anchor Industries LLC,Anchor Consulting LLC,Pricing subject to annual CPI adjustment,19-ส.ค.-2024,19-ส.ค.-2024,28-พ.ย.-2026,Somchai N.,Relationship manager reassigned this quarter,Upcoming renewal,"$56,900"
1917,HR & Payroll,Recruitment Services Agreement #2916,Australia,Delta Holdings Pty Ltd,Internal - IT Security,Pricing subject to annual CPI adjustment,17-ม.ค.-2026,17-ม.ค.-2026,11-พ.ค.-2027,Ravi P.,Budget approval pending for renewal,Renewed,"$142,300"
1918,Fleet & Transportation,Fleet Maintenance Agreement #2917,United Arab Emirates,Silverline Logistics LLC,Beacon Industries LLC,Includes quarterly business review meetings,21-พ.ค.-2027,21-พ.ค.-2027,05-ก.ค.-2028,James F.,Vendor performance review scheduled,Renewed,"$644,100"
1919,Construction & Maintenance,Civil Works Contract #2918,Australia,Bright Technologies Pty Ltd,Ivory Industries Pty Ltd,Renewal contingent on performance KPIs,12-มิ.ย.-2023,19-มิ.ย.-2023,17-ต.ค.-2026,Siti B.,Budget approval pending for renewal,Negotiation in progress,"$1,942,900"
1920,Fleet & Transportation,Fleet Maintenance Agreement #2919,Germany,Titan Ventures GmbH,Beacon Industries GmbH,Includes quarterly business review meetings,24-ม.ค.-2024,24-ม.ค.-2024,23-ก.ย.-2026,Grace K.,Relationship manager reassigned this quarter,Negotiation in progress,"$473,100"
1921,HR & Payroll,Recruitment Services Agreement #2920,Japan,Evergreen Holdings K.K.,Internal - Marketing Dept.,Includes 24/7 support SLA with penalty clauses,24-มี.ค.-2024,31-มี.ค.-2024,29-มี.ค.-2028,Arjun S.,-,Renewed,"$368,400"
1922,Manufacturing Supply,Component Manufacturing Contract #2921,Philippines,Metro Systems Inc.,Radiant Systems Inc.,"Multi-year framework agreement, reviewed yearly",10-ก.ย.-2025,24-ก.ย.-2025,12-พ.ย.-2026,Daniel I.,"Renewal quote received, under internal review",Upcoming renewal,"$2,419,100"
1923,Cleaning & Facility,Office Facility Management Contract #2922,Singapore,Crown Industries Pte Ltd,Internal - IT Dept.,Pricing subject to annual CPI adjustment,19-มิ.ย.-2026,03-ก.ค.-2026,22-เม.ย.-2028,Sarah R.,Flagged for cost optimization review,Renewed,"$86,100"
1924,Real Estate & Leasing,Office Space Lease Agreement #2923,Singapore,Sterling Consulting Pte Ltd,Internal - IT Security,"Multi-year framework agreement, reviewed yearly",12-ก.ค.-2022,12-ก.ค.-2022,02-ก.พ.-2026,Budi L.,Alternative vendors being benchmarked,Expired/Not renewed,"$4,196,600"
1925,Training & Development,E-Learning Platform License #2924,Thailand,"Vertex Dynamics Co., Ltd.",Internal - E-commerce,-,10-มี.ค.-2022,24-มี.ค.-2022,23-ส.ค.-2025,Wanida K.,Budget approval pending for renewal,Expired/Not renewed,"$116,700"
1926,Travel & Events,Event Management Services Contract #2925,Australia,Pinnacle Services Pty Ltd,Internal - Supply Chain,Volume discount tier applies above threshold spend,21-ก.ย.-2023,21-ก.ย.-2023,21-พ.ย.-2026,Nattapong K.,"Renewal quote received, under internal review",Negotiation in progress,"$229,600"
1927,Insurance,Cargo Insurance Agreement #2926,Hong Kong,Orion Technologies Ltd.,Onyx Industries Ltd.,"Auto-renew clause, 60 days notice required",24-พ.ย.-2023,24-พ.ย.-2023,14-ธ.ค.-2026,Wei K.,Flagged for cost optimization review,Upcoming renewal,"$1,219,200"
1928,Printing & Publishing,Signage & Print Production Agreement #2927,Philippines,Meridian Ventures Inc.,Pacific Consulting Inc.,Pricing subject to annual CPI adjustment,25-มี.ค.-2023,25-มี.ค.-2023,25-ธ.ค.-2026,Aiko C.,-,Negotiation in progress,"$143,600"
1929,Consulting,Digital Transformation Consulting #2928,Singapore,Vertex Innovations Pte Ltd,Internal - Corporate Affairs,"Multi-year framework agreement, reviewed yearly",14-ก.พ.-2025,14-ก.พ.-2025,30-พ.ย.-2026,Siti G.,Scope extension being discussed with partner,Upcoming renewal,"$1,143,200"
1930,Security,Access Control System Contract #2929,Vietnam,BlueSky Technologies JSC,Titan Solutions JSC,Volume discount tier applies above threshold spend,01-พ.ค.-2024,01-พ.ค.-2024,26-ก.ย.-2026,Carlos N.,-,Negotiation in progress,"$100,400"
1931,Financial Services,Corporate Banking Services Agreement #2930,Philippines,Falcon Innovations Inc.,Internal - Corporate Affairs,"Multi-year framework agreement, reviewed yearly",30-พ.ย.-2022,30-พ.ย.-2022,30-เม.ย.-2025,Nattapong J.,Budget approval pending for renewal,Expired/Not renewed,"$162,200"
1932,Insurance,Group Health Insurance Policy #2931,Germany,Global Consulting GmbH,Internal - Corporate Affairs,Pricing subject to annual CPI adjustment,15-เม.ย.-2022,15-เม.ย.-2022,04-ส.ค.-2024,Budi G.,"Renewal quote received, under internal review",Expired/Not renewed,"$1,207,500"
1933,Consulting,Change Management Engagement #2932,Japan,Solace Networks K.K.,Beacon Networks K.K.,Service level agreement reviewed annually,08-พ.ค.-2026,08-พ.ค.-2026,26-ม.ค.-2028,Anucha F.,Vendor performance review scheduled,Renewed,"$930,900"
1934,Real Estate & Leasing,Office Space Lease Agreement #2933,Vietnam,Silverline Capital JSC,Internal - Admin Dept.,-,02-ธ.ค.-2026,02-ธ.ค.-2026,10-ก.พ.-2028,Anucha J.,Flagged for cost optimization review,Renewed,"$3,109,400"
1935,Waste Management,Waste Collection & Disposal Contract #2934,Hong Kong,Meridian Ventures Ltd.,Nova Trading Ltd.,"Multi-year framework agreement, reviewed yearly",16-ก.พ.-2025,02-มี.ค.-2025,14-พ.ค.-2026,Carlos D.,Budget approval pending for renewal,Expired/Not renewed,"$54,700"
1936,Software Licensing,CRM Platform Subscription Agreement #2935,Taiwan,"Silverline Group Co., Ltd.",Internal - Legal Dept.,"Multi-year framework agreement, reviewed yearly",10-ก.ย.-2026,17-ก.ย.-2026,05-ก.พ.-2028,Chloe M.,No issues reported this cycle,Renewed,"$278,100"
1937,Marketing,Digital Marketing Retainer #2936,Myanmar,"Alliance Capital Co., Ltd.","Crest Technologies Co., Ltd.","Multi-year framework agreement, reviewed yearly",26-พ.ย.-2024,26-พ.ย.-2024,17-ต.ค.-2026,Michael A.,Legal review in progress before renewal,Upcoming renewal,"$691,800"
1938,Fleet & Transportation,Fleet Maintenance Agreement #2937,United States,Delta Solutions Inc.,Meridian Systems Inc.,Service level agreement reviewed annually,11-ก.ค.-2023,11-ก.ค.-2023,25-ม.ค.-2027,Tanawat M.,Relationship manager reassigned this quarter,Negotiation in progress,"$681,000"
1939,Cleaning & Facility,Pest Control Services Agreement #2938,South Korea,"Meridian Ventures Co., Ltd.","Silverline Group Co., Ltd.","Auto-renew clause, 45 days notice required",26-มี.ค.-2025,26-มี.ค.-2025,20-ม.ค.-2029,Nattapong G.,Relationship manager reassigned this quarter,Renewed,"$41,600"
1940,IT Services,Managed IT Services Agreement #2939,Japan,Pinnacle Ventures K.K.,Silverline Logistics K.K.,Exclusive regional distribution rights included,01-เม.ย.-2024,08-เม.ย.-2024,04-พ.ย.-2026,Grace O.,No issues reported this cycle,Upcoming renewal,"$2,291,900"
1941,HR & Payroll,HR Systems Implementation Contract #2940,Indonesia,Metro Enterprises PT,Summit Solutions PT,Volume discount tier applies above threshold spend,04-ก.พ.-2026,18-ก.พ.-2026,13-เม.ย.-2027,Kanokwan K.,-,Renewed,"$205,800"
1942,Waste Management,Waste Collection & Disposal Contract #2941,Germany,Quantum Industries GmbH,Internal - Operations,Renewal contingent on performance KPIs,06-พ.ค.-2023,06-พ.ค.-2023,04-ก.พ.-2027,Nattapong M.,Flagged for cost optimization review,Negotiation in progress,"$92,700"
1943,Consulting,Business Process Improvement Engagement #2942,Myanmar,"BlueSky Industries Co., Ltd.",Internal - Corporate Affairs,Pricing subject to annual CPI adjustment,16-ม.ค.-2025,16-ม.ค.-2025,01-พ.ย.-2026,Ploy F.,Budget approval pending for renewal,Upcoming renewal,"$678,500"
1944,Construction & Maintenance,HVAC Maintenance Agreement #2943,Malaysia,Silverline Group Sdn Bhd,Zenith Solutions Sdn Bhd,Renewal contingent on performance KPIs,25-ก.พ.-2022,04-มี.ค.-2022,27-มิ.ย.-2024,Priya R.,Flagged for cost optimization review,Expired/Not renewed,"$1,003,800"
1945,Travel & Events,Conference Venue Agreement #2944,Japan,Vanguard Enterprises K.K.,Internal - Admin Dept.,Renewal contingent on performance KPIs,01-ส.ค.-2023,01-ส.ค.-2023,20-พ.ย.-2026,Nattapong B.,Alternative vendors being benchmarked,Negotiation in progress,"$181,200"
1946,Manufacturing Supply,Packaging Supply Contract #2945,China,"Ivory Networks Co., Ltd.","Cascade Group Co., Ltd.",Includes 24/7 support SLA with penalty clauses,25-ม.ค.-2025,01-ก.พ.-2025,21-เม.ย.-2026,David P.,Budget approval pending for renewal,Expired/Not renewed,"$989,100"
1947,Security,Executive Protection Services #2946,Cambodia,"Anchor Innovations Co., Ltd.",Internal - Marketing Dept.,Includes quarterly business review meetings,03-ก.ค.-2025,03-ก.ค.-2025,30-ม.ค.-2027,Ahmed R.,"Renewal quote received, under internal review",Negotiation in progress,"$378,400"
1948,Financial Services,Corporate Banking Services Agreement #2947,France,Evergreen Group SAS,Silverline Ventures SAS,"Auto-renew clause, 30 days notice required",07-ม.ค.-2026,07-ม.ค.-2026,03-ส.ค.-2027,Wanida N.,Alternative vendors being benchmarked,Renewed,"$405,100"
1949,Marketing,Digital Marketing Retainer #2948,Vietnam,Ivory Holdings JSC,Internal - Procurement,Service level agreement reviewed annually,15-ต.ค.-2023,15-ต.ค.-2023,29-พ.ย.-2026,Laura K.,Flagged for cost optimization review,Negotiation in progress,"$820,600"
1950,HR & Payroll,HR Systems Implementation Contract #2949,United Kingdom,Granite Systems Ltd.,Crown Innovations Ltd.,Pricing subject to annual CPI adjustment,27-มิ.ย.-2023,27-มิ.ย.-2023,10-ก.พ.-2026,Anucha I.,Budget approval pending for renewal,Expired/Not renewed,"$258,300"
1951,Fleet & Transportation,Vehicle Leasing Agreement #2950,United States,Zenith Networks Inc.,Internal - Admin Dept.,Service level agreement reviewed annually,24-ส.ค.-2026,24-ส.ค.-2026,31-พ.ค.-2028,Anucha C.,Flagged for cost optimization review,Renewed,"$457,000"
1952,Software Licensing,CRM Platform Subscription Agreement #2951,Cambodia,"Crest Systems Co., Ltd.","Pacific Dynamics Co., Ltd.",Includes 24/7 support SLA with penalty clauses,19-ส.ค.-2025,02-ก.ย.-2025,24-ธ.ค.-2026,Nathan R.,No issues reported this cycle,Negotiation in progress,"$991,400"
1953,Consulting,Business Process Improvement Engagement #2952,China,"Prime Consulting Co., Ltd.",Internal - Supply Chain,Renewal contingent on performance KPIs,15-ก.ย.-2025,15-ก.ย.-2025,24-ต.ค.-2026,Budi C.,Flagged for cost optimization review,Upcoming renewal,"$359,100"
1954,Telecommunications,Satellite Communication Contract #2953,Japan,Crest Dynamics K.K.,Internal - Procurement,Service level agreement reviewed annually,12-พ.ย.-2022,12-พ.ย.-2022,28-ก.ย.-2025,Aiko P.,Budget approval pending for renewal,Expired/Not renewed,"$227,300"
1955,Telecommunications,VoIP Services Agreement #2954,India,Trident Ventures Pvt. Ltd.,Internal - Supply Chain,Service level agreement reviewed annually,23-พ.ย.-2020,23-พ.ย.-2020,24-ก.ค.-2024,James C.,Budget approval pending for renewal,Expired/Not renewed,"$594,400"
1956,Security,Physical Security & Guard Services #2955,Hong Kong,Global Solutions Ltd.,Internal - Procurement,"Multi-year framework agreement, reviewed yearly",14-มิ.ย.-2024,14-มิ.ย.-2024,17-ม.ค.-2027,Ravi G.,"Renewal quote received, under internal review",Negotiation in progress,"$298,800"
1957,Manufacturing Supply,Packaging Supply Contract #2956,Japan,Onyx Industries K.K.,Delta Systems K.K.,Volume discount tier applies above threshold spend,14-ต.ค.-2025,21-ต.ค.-2025,16-พ.ย.-2026,Anucha B.,No issues reported this cycle,Upcoming renewal,"$2,269,100"
1958,Insurance,Cargo Insurance Agreement #2957,Australia,Anchor Ventures Pty Ltd,Metro Logistics Pty Ltd,Pricing subject to annual CPI adjustment,13-ธ.ค.-2024,13-ธ.ค.-2024,03-ธ.ค.-2026,Priya S.,Flagged for cost optimization review,Negotiation in progress,"$490,700"
1959,Consulting,Change Management Engagement #2958,Japan,Crest Holdings K.K.,Crest Trading K.K.,Exclusive regional distribution rights included,26-ก.พ.-2024,26-ก.พ.-2024,27-เม.ย.-2026,Ploy T.,Alternative vendors being benchmarked,Expired/Not renewed,"$1,105,200"
1960,Telecommunications,Internet Leased Line Contract #2959,France,Crest Group SAS,Bright Capital SAS,Includes quarterly business review meetings,10-ก.พ.-2024,24-ก.พ.-2024,10-พ.ค.-2025,Wanida R.,-,Expired/Not renewed,"$557,500"
1961,Travel & Events,Event Management Services Contract #2960,Cambodia,"Alliance Group Co., Ltd.","Alliance Consulting Co., Ltd.","Multi-year framework agreement, reviewed yearly",28-ก.พ.-2025,14-มี.ค.-2025,11-ต.ค.-2026,Grace I.,No issues reported this cycle,Negotiation in progress,"$343,900"
1962,Training & Development,Corporate Training Program Agreement #2961,United States,Nova Holdings Inc.,Nova Innovations Inc.,Includes 24/7 support SLA with penalty clauses,20-พ.ค.-2024,03-มิ.ย.-2024,22-ม.ค.-2027,Laura F.,-,Negotiation in progress,"$205,700"
1963,Logistics,Warehouse Lease & Operation Agreement #2962,United Arab Emirates,Onyx Group LLC,Internal - Supply Chain,Renewal contingent on performance KPIs,15-ก.ย.-2024,29-ก.ย.-2024,25-มี.ค.-2026,Aiko K.,Vendor performance review scheduled,Expired/Not renewed,"$1,499,500"
1964,Software Licensing,Business Intelligence Platform License #2963,United Arab Emirates,Pinnacle Logistics LLC,Internal - IT Security,"Multi-year framework agreement, reviewed yearly",08-พ.ย.-2023,08-พ.ย.-2023,15-พ.ย.-2026,Daniel A.,Budget approval pending for renewal,Upcoming renewal,"$1,659,200"
1965,Training & Development,Leadership Development Engagement #2964,Vietnam,Zenith Technologies JSC,Internal - IT Security,Includes 24/7 support SLA with penalty clauses,03-ส.ค.-2025,03-ส.ค.-2025,31-ส.ค.-2026,James D.,No issues reported this cycle,Expired/Not renewed,"$208,000"
1966,IT Services,Data Center Colocation Contract #2965,France,Apex Industries SAS,Internal - IT Dept.,"Auto-renew clause, 90 days notice required",14-ต.ค.-2022,14-ต.ค.-2022,16-ม.ค.-2025,Daniel N.,Flagged for cost optimization review,Expired/Not renewed,"$168,500"
1967,HR & Payroll,HR Systems Implementation Contract #2966,China,"Granite Systems Co., Ltd.",Internal - IT Security,"Auto-renew clause, 60 days notice required",19-พ.ค.-2026,02-มิ.ย.-2026,27-พ.ค.-2028,Ploy J.,Legal review in progress before renewal,Renewed,"$172,800"
1968,Telecommunications,Satellite Communication Contract #2967,Australia,Vanguard Services Pty Ltd,Internal - HR Dept.,Includes 24/7 support SLA with penalty clauses,25-ส.ค.-2023,25-ส.ค.-2023,04-ก.ค.-2027,Grace L.,Legal review in progress before renewal,Renewed,"$361,500"
1969,Travel & Events,Corporate Travel Management Agreement #2968,United Arab Emirates,Pinnacle Trading LLC,Internal - IT Dept.,Service level agreement reviewed annually,20-ก.ย.-2022,20-ก.ย.-2022,21-ก.ค.-2024,Priya K.,No issues reported this cycle,Expired/Not renewed,"$82,500"
1970,HR & Payroll,Employee Benefits Administration #2969,Singapore,Silverline Partners Pte Ltd,Atlas Systems Pte Ltd,"Auto-renew clause, 60 days notice required",10-ก.ย.-2023,10-ก.ย.-2023,16-ม.ค.-2026,Wei L.,Legal review in progress before renewal,Expired/Not renewed,"$250,500"
1971,Logistics,Last-Mile Delivery Partnership #2970,United Kingdom,Crown Services Ltd.,Internal - E-commerce,Pricing subject to annual CPI adjustment,27-เม.ย.-2023,27-เม.ย.-2023,01-ม.ค.-2027,Emily E.,Scope extension being discussed with partner,Negotiation in progress,"$263,800"
1972,Travel & Events,Corporate Travel Management Agreement #2971,Cambodia,"Radiant Solutions Co., Ltd.",Internal - Supply Chain,"Multi-year framework agreement, reviewed yearly",02-ต.ค.-2025,02-ต.ค.-2025,03-พ.ย.-2027,Grace N.,Legal review in progress before renewal,Renewed,"$202,100"
1973,Cleaning & Facility,Janitorial Services Agreement #2972,Indonesia,Lumen Trading PT,BlueSky Capital PT,Service level agreement reviewed annually,02-ก.พ.-2022,09-ก.พ.-2022,02-พ.ค.-2024,Siti E.,No issues reported this cycle,Expired/Not renewed,"$239,200"
1974,Consulting,Business Process Improvement Engagement #2973,Malaysia,Apex Industries Sdn Bhd,Crest Logistics Sdn Bhd,"Auto-renew clause, 45 days notice required",09-ต.ค.-2026,09-ต.ค.-2026,17-ธ.ค.-2027,Priya E.,Scope extension being discussed with partner,Renewed,"$902,000"
1975,Consulting,Strategy Advisory Retainer #2974,South Korea,"Quantum Group Co., Ltd.",Internal - E-commerce,Renewal contingent on performance KPIs,24-ม.ค.-2025,24-ม.ค.-2025,12-ต.ค.-2026,Minji L.,Legal review in progress before renewal,Negotiation in progress,"$789,000"
1976,Training & Development,Leadership Development Engagement #2975,South Korea,"Anchor Group Co., Ltd.",Internal - Procurement,Exclusive regional distribution rights included,28-มี.ค.-2025,11-เม.ย.-2025,08-มิ.ย.-2028,Yuki D.,Budget approval pending for renewal,Renewed,"$14,800"
1977,Financial Services,Treasury Management Contract #2976,India,Nova Partners Pvt. Ltd.,Internal - Finance Dept.,Service level agreement reviewed annually,08-พ.ย.-2025,08-พ.ย.-2025,22-มิ.ย.-2028,Siti W.,Scope extension being discussed with partner,Renewed,"$343,500"
1978,Real Estate & Leasing,Retail Unit Lease Contract #2977,Germany,Ivory Capital GmbH,Internal - Admin Dept.,-,10-พ.ย.-2024,10-พ.ย.-2024,26-ม.ค.-2026,James R.,Relationship manager reassigned this quarter,Expired/Not renewed,"$3,036,000"
1979,Printing & Publishing,Corporate Printing Services Agreement #2978,Japan,Silverline Consulting K.K.,Prime Industries K.K.,Volume discount tier applies above threshold spend,12-ก.ค.-2025,12-ก.ค.-2025,19-พ.ย.-2028,Kanokwan W.,Vendor performance review scheduled,Renewed,"$160,600"
1980,Construction & Maintenance,Civil Works Contract #2979,Thailand,"Vanguard Networks Co., Ltd.",Internal - Procurement,Volume discount tier applies above threshold spend,12-มี.ค.-2025,19-มี.ค.-2025,18-พ.ย.-2027,Piyawan M.,No issues reported this cycle,Renewed,"$849,700"
1981,Fleet & Transportation,Corporate Shuttle Service Contract #2980,Taiwan,"Delta Industries Co., Ltd.",Internal - Corporate Affairs,Includes 24/7 support SLA with penalty clauses,01-ธ.ค.-2024,01-ธ.ค.-2024,15-ธ.ค.-2026,Anucha A.,Vendor performance review scheduled,Negotiation in progress,"$149,000"
1982,Cleaning & Facility,Janitorial Services Agreement #2981,Malaysia,Sterling Trading Sdn Bhd,Internal - HR Dept.,-,12-ก.ย.-2024,26-ก.ย.-2024,05-ม.ค.-2027,Ravi J.,No issues reported this cycle,Negotiation in progress,"$215,300"
1983,Insurance,Cargo Insurance Agreement #2982,Thailand,"Quantum Trading Co., Ltd.",Internal - Procurement,"Auto-renew clause, 90 days notice required",19-ม.ค.-2026,19-ม.ค.-2026,10-ก.พ.-2029,Daniel L.,Relationship manager reassigned this quarter,Renewed,"$139,500"
1984,Consulting,Strategy Advisory Retainer #2983,Singapore,Summit Partners Pte Ltd,Horizon Solutions Pte Ltd,Exclusive regional distribution rights included,29-ก.ย.-2024,29-ก.ย.-2024,26-ธ.ค.-2026,Siti G.,Scope extension being discussed with partner,Negotiation in progress,"$447,100"
1985,Security,Access Control System Contract #2984,Philippines,Silverline Technologies Inc.,Anchor Systems Inc.,-,11-ก.ย.-2025,25-ก.ย.-2025,09-เม.ย.-2027,Wanida N.,Legal review in progress before renewal,Renewed,"$75,100"
1986,Waste Management,Waste Collection & Disposal Contract #2985,Hong Kong,Delta Ventures Ltd.,Prime Dynamics Ltd.,-,28-พ.ย.-2024,05-ธ.ค.-2024,13-ม.ค.-2027,Emily N.,Legal review in progress before renewal,Negotiation in progress,"$159,100"
1987,Marketing,Media Buying Agreement #2986,United Arab Emirates,Delta Logistics LLC,Trident Solutions LLC,Renewal contingent on performance KPIs,24-มี.ค.-2024,24-มี.ค.-2024,13-พ.ย.-2026,Carlos P.,-,Upcoming renewal,"$581,900"
1988,Insurance,Cargo Insurance Agreement #2987,United States,Emerald Industries Inc.,Zenith Networks Inc.,Renewal contingent on performance KPIs,23-พ.ค.-2022,06-มิ.ย.-2022,26-ก.ย.-2024,Hiroshi P.,Budget approval pending for renewal,Expired/Not renewed,"$677,500"
1989,Cleaning & Facility,Facility Maintenance Contract #2988,Hong Kong,Pinnacle Solutions Ltd.,Atlas Networks Ltd.,-,12-มี.ค.-2024,19-มี.ค.-2024,29-พ.ย.-2026,Anucha S.,Flagged for cost optimization review,Upcoming renewal,"$160,500"
1990,Printing & Publishing,Annual Report Design & Print Contract #2989,South Korea,"Anchor Systems Co., Ltd.",Internal - Operations,"Auto-renew clause, 60 days notice required",02-มิ.ย.-2022,16-มิ.ย.-2022,30-มี.ค.-2025,Piyawan W.,Vendor performance review scheduled,Expired/Not renewed,"$46,800"
1991,Construction & Maintenance,Civil Works Contract #2990,Singapore,NorthStar Industries Pte Ltd,Internal - Corporate Affairs,Includes quarterly business review meetings,13-ธ.ค.-2022,13-ธ.ค.-2022,15-พ.ย.-2024,Minji M.,Budget approval pending for renewal,Expired/Not renewed,"$1,862,400"
1992,Telecommunications,Internet Leased Line Contract #2991,Hong Kong,Vanguard Services Ltd.,Internal - Marketing Dept.,Renewal contingent on performance KPIs,15-ม.ค.-2023,22-ม.ค.-2023,20-พ.ย.-2026,Kanokwan L.,-,Negotiation in progress,"$63,200"
1993,Consulting,Change Management Engagement #2992,Australia,Nova Networks Pty Ltd,Internal - HR Dept.,Includes 24/7 support SLA with penalty clauses,19-มี.ค.-2025,26-มี.ค.-2025,03-มิ.ย.-2027,Somchai J.,Relationship manager reassigned this quarter,Renewed,"$506,700"
1994,Manufacturing Supply,Component Manufacturing Contract #2993,Cambodia,"Alliance Consulting Co., Ltd.",Internal - Legal Dept.,Renewal contingent on performance KPIs,15-ก.ค.-2023,15-ก.ค.-2023,21-ต.ค.-2026,Budi K.,Flagged for cost optimization review,Upcoming renewal,"$3,918,200"
1995,Marketing,Influencer Partnership Contract #2994,Cambodia,"Apex Logistics Co., Ltd.","Nova Group Co., Ltd.","Multi-year framework agreement, reviewed yearly",19-มิ.ย.-2023,26-มิ.ย.-2023,24-ต.ค.-2026,David G.,Budget approval pending for renewal,Negotiation in progress,"$21,100"
1996,Construction & Maintenance,HVAC Maintenance Agreement #2995,Thailand,"Prime Holdings Co., Ltd.",Internal - Finance Dept.,Pricing subject to annual CPI adjustment,14-มี.ค.-2025,14-มี.ค.-2025,01-ส.ค.-2026,Somchai D.,"Renewal quote received, under internal review",Expired/Not renewed,"$1,714,700"
1997,Waste Management,Waste Collection & Disposal Contract #2996,Vietnam,Orion Logistics JSC,Internal - IT Security,Pricing subject to annual CPI adjustment,25-มี.ค.-2027,25-มี.ค.-2027,16-พ.ย.-2028,Arjun W.,Budget approval pending for renewal,Renewed,"$274,900"
1998,Construction & Maintenance,Civil Works Contract #2997,Malaysia,Pinnacle Group Sdn Bhd,Radiant Industries Sdn Bhd,Renewal contingent on performance KPIs,07-พ.ค.-2025,07-พ.ค.-2025,08-ก.พ.-2029,Ravi C.,Legal review in progress before renewal,Renewed,"$979,000"
1999,Real Estate & Leasing,Office Space Lease Agreement #2998,Indonesia,Solace Enterprises PT,Onyx Trading PT,Service level agreement reviewed annually,04-ส.ค.-2025,18-ส.ค.-2025,28-มิ.ย.-2027,Ploy D.,Scope extension being discussed with partner,Renewed,"$1,139,000"
2000,Telecommunications,Corporate Mobile Plan Agreement #2999,Cambodia,"Falcon Holdings Co., Ltd.","Apex Systems Co., Ltd.",Renewal contingent on performance KPIs,22-ก.ย.-2027,29-ก.ย.-2027,24-ก.พ.-2029,Suchada G.,Budget approval pending for renewal,Renewed,"$357,300"
2001,Software Licensing,Business Intelligence Platform License #3000,Indonesia,Anchor Systems PT,Internal - HR Dept.,"Multi-year framework agreement, reviewed yearly",10-มิ.ย.-2024,10-มิ.ย.-2024,06-ต.ค.-2027,Kanokwan C.,Alternative vendors being benchmarked,Renewed,"$2,169,400"
2002,Fleet & Transportation,Vehicle Leasing Agreement #3001,United States,Meridian Networks Inc.,Internal - IT Security,Volume discount tier applies above threshold spend,09-ส.ค.-2025,09-ส.ค.-2025,15-พ.ย.-2026,Wei D.,Scope extension being discussed with partner,Upcoming renewal,"$497,000"
2003,Real Estate & Leasing,Retail Unit Lease Contract #3002,Myanmar,"Crown Enterprises Co., Ltd.",Internal - Supply Chain,"Multi-year framework agreement, reviewed yearly",14-เม.ย.-2026,21-เม.ย.-2026,20-ส.ค.-2027,Ploy T.,Legal review in progress before renewal,Renewed,"$3,950,800"
2004,Construction & Maintenance,Civil Works Contract #3003,Myanmar,"Delta Capital Co., Ltd.","Pacific Solutions Co., Ltd.",Pricing subject to annual CPI adjustment,27-ธ.ค.-2022,27-ธ.ค.-2022,04-เม.ย.-2024,Kanokwan T.,"Renewal quote received, under internal review",Expired/Not renewed,"$734,600"
2005,Marketing,Digital Marketing Retainer #3004,Indonesia,Summit Enterprises PT,Global Capital PT,Exclusive regional distribution rights included,31-ส.ค.-2023,31-ส.ค.-2023,26-ก.ย.-2024,Grace I.,Flagged for cost optimization review,Expired/Not renewed,"$244,500"
2006,Marketing,Brand Campaign Agreement #3005,Myanmar,"Emerald Group Co., Ltd.",Internal - E-commerce,"Auto-renew clause, 60 days notice required",20-พ.ค.-2025,03-มิ.ย.-2025,29-ธ.ค.-2027,Minji N.,-,Renewed,"$790,200"
2007,Fleet & Transportation,Fleet Maintenance Agreement #3006,Australia,Granite Logistics Pty Ltd,Internal - Legal Dept.,Pricing subject to annual CPI adjustment,01-ต.ค.-2024,15-ต.ค.-2024,09-ม.ค.-2027,Siti I.,-,Negotiation in progress,"$581,200"
2008,Travel & Events,Conference Venue Agreement #3007,China,"NorthStar Systems Co., Ltd.",Internal - Legal Dept.,"Multi-year framework agreement, reviewed yearly",10-ม.ค.-2025,17-ม.ค.-2025,12-ก.ค.-2028,Nattapong J.,Legal review in progress before renewal,Renewed,"$79,900"
2009,Training & Development,Corporate Training Program Agreement #3008,United Kingdom,Atlas Consulting Ltd.,Falcon Enterprises Ltd.,Exclusive regional distribution rights included,03-ก.พ.-2022,03-ก.พ.-2022,13-พ.ย.-2025,Kanokwan M.,Relationship manager reassigned this quarter,Expired/Not renewed,"$162,100"
2010,Insurance,Property & Casualty Insurance Contract #3009,United Kingdom,Ivory Services Ltd.,Internal - IT Dept.,Exclusive regional distribution rights included,01-พ.ค.-2025,01-พ.ค.-2025,03-ก.ค.-2028,Nathan E.,Vendor performance review scheduled,Renewed,"$207,800"
2011,Waste Management,Waste Collection & Disposal Contract #3010,United Kingdom,Delta Solutions Ltd.,Nova Capital Ltd.,Volume discount tier applies above threshold spend,02-ก.ย.-2021,09-ก.ย.-2021,01-ม.ค.-2025,Minji M.,Budget approval pending for renewal,Expired/Not renewed,"$198,600"
2012,Software Licensing,CRM Platform Subscription Agreement #3011,Philippines,Emerald Innovations Inc.,Titan Logistics Inc.,Service level agreement reviewed annually,15-ก.ค.-2023,15-ก.ค.-2023,10-เม.ย.-2025,Wanida L.,Vendor performance review scheduled,Expired/Not renewed,"$283,000"
2013,Telecommunications,Satellite Communication Contract #3012,Philippines,Quantum Services Inc.,Internal - Procurement,Volume discount tier applies above threshold spend,14-ธ.ค.-2025,28-ธ.ค.-2025,20-ก.ย.-2028,Piyawan A.,Vendor performance review scheduled,Renewed,"$285,500"
2014,Legal,IP & Trademark Registration Services #3013,United States,Summit Services Inc.,Global Trading Inc.,Exclusive regional distribution rights included,09-มิ.ย.-2024,23-มิ.ย.-2024,21-ก.พ.-2026,Laura G.,Budget approval pending for renewal,Expired/Not renewed,"$174,200"
2015,Real Estate & Leasing,Office Space Lease Agreement #3014,Myanmar,"Crown Technologies Co., Ltd.","Metro Partners Co., Ltd.","Multi-year framework agreement, reviewed yearly",24-ก.พ.-2025,24-ก.พ.-2025,01-ก.ย.-2027,Budi A.,Legal review in progress before renewal,Renewed,"$4,451,100"
2016,Marketing,Brand Campaign Agreement #3015,China,"Prime Innovations Co., Ltd.",Internal - Operations,Service level agreement reviewed annually,08-ธ.ค.-2026,08-ธ.ค.-2026,12-ต.ค.-2028,Siti P.,"Renewal quote received, under internal review",Renewed,"$59,700"
2017,Manufacturing Supply,Raw Material Supply Agreement #3016,Hong Kong,NorthStar Industries Ltd.,Internal - Finance Dept.,Service level agreement reviewed annually,08-เม.ย.-2021,08-เม.ย.-2021,31-พ.ค.-2024,Kanokwan A.,Budget approval pending for renewal,Expired/Not renewed,"$3,459,900"
2018,Training & Development,Leadership Development Engagement #3017,Hong Kong,Trident Networks Ltd.,Bright Trading Ltd.,Includes quarterly business review meetings,20-ก.ค.-2021,20-ก.ค.-2021,29-มิ.ย.-2024,Tanawat O.,Flagged for cost optimization review,Expired/Not renewed,"$130,900"
2019,Waste Management,Recycling Services Agreement #3018,Indonesia,Quantum Innovations PT,NorthStar Services PT,Includes 24/7 support SLA with penalty clauses,13-ก.ย.-2024,13-ก.ย.-2024,01-พ.ย.-2026,Arjun F.,Flagged for cost optimization review,Upcoming renewal,"$43,900"
2020,Security,Executive Protection Services #3019,Taiwan,"Prime Services Co., Ltd.",Internal - Admin Dept.,Service level agreement reviewed annually,02-ม.ค.-2025,16-ม.ค.-2025,02-ก.พ.-2027,Laura L.,Legal review in progress before renewal,Negotiation in progress,"$481,700"
2021,Training & Development,Leadership Development Engagement #3020,United Kingdom,Crest Networks Ltd.,Internal - HR Dept.,Renewal contingent on performance KPIs,19-ก.พ.-2023,19-ก.พ.-2023,29-พ.ย.-2026,Piyawan S.,"Renewal quote received, under internal review",Upcoming renewal,"$103,100"
2022,Cleaning & Facility,Janitorial Services Agreement #3021,Singapore,Crest Services Pte Ltd,Internal - IT Security,Service level agreement reviewed annually,12-เม.ย.-2025,12-เม.ย.-2025,08-พ.ย.-2026,Nathan S.,Vendor performance review scheduled,Negotiation in progress,"$274,200"
2023,Legal,Compliance Advisory Agreement #3022,Singapore,Crest Technologies Pte Ltd,Horizon Systems Pte Ltd,Includes quarterly business review meetings,29-มิ.ย.-2026,06-ก.ค.-2026,06-ส.ค.-2027,David A.,Vendor performance review scheduled,Renewed,"$62,700"
2024,Fleet & Transportation,Corporate Shuttle Service Contract #3023,Myanmar,"Atlas Technologies Co., Ltd.",Internal - Finance Dept.,Pricing subject to annual CPI adjustment,07-ก.ค.-2025,07-ก.ค.-2025,21-ม.ค.-2027,Minji G.,Scope extension being discussed with partner,Negotiation in progress,"$621,500"
2025,HR & Payroll,HR Systems Implementation Contract #3024,China,"Radiant Dynamics Co., Ltd.",Internal - HR Dept.,Includes quarterly business review meetings,01-ส.ค.-2024,01-ส.ค.-2024,26-ก.ย.-2026,Nattapong C.,No issues reported this cycle,Upcoming renewal,"$102,100"
2026,Travel & Events,Conference Venue Agreement #3025,United States,Lumen Trading Inc.,Zenith Consulting Inc.,-,03-ก.ย.-2025,03-ก.ย.-2025,28-พ.ค.-2027,Anucha P.,Relationship manager reassigned this quarter,Renewed,"$152,900"
2027,Real Estate & Leasing,Equipment Leasing Agreement #3026,China,"Silverline Dynamics Co., Ltd.",Internal - Admin Dept.,Service level agreement reviewed annually,13-ต.ค.-2023,13-ต.ค.-2023,12-ม.ค.-2025,James P.,Vendor performance review scheduled,Expired/Not renewed,"$1,111,200"
2028,HR & Payroll,Outsourced Payroll Processing Contract #3027,Myanmar,"Sterling Systems Co., Ltd.",Internal - Finance Dept.,Exclusive regional distribution rights included,07-ม.ค.-2024,21-ม.ค.-2024,21-ต.ค.-2026,Arjun O.,Relationship manager reassigned this quarter,Negotiation in progress,"$99,100"
2029,Insurance,Group Health Insurance Policy #3028,France,Crest Innovations SAS,Internal - Finance Dept.,Includes 24/7 support SLA with penalty clauses,19-ก.ย.-2023,19-ก.ย.-2023,20-ธ.ค.-2026,David M.,Vendor performance review scheduled,Negotiation in progress,"$35,500"
2030,Security,Physical Security & Guard Services #3029,Taiwan,"NorthStar Group Co., Ltd.","Evergreen Partners Co., Ltd.",Includes quarterly business review meetings,27-ต.ค.-2026,03-พ.ย.-2026,05-ต.ค.-2028,Fatima R.,Vendor performance review scheduled,Renewed,"$284,500"
2031,Manufacturing Supply,OEM Production Agreement #3030,China,"Silverline Enterprises Co., Ltd.",Internal - IT Dept.,Exclusive regional distribution rights included,13-ก.ค.-2023,13-ก.ค.-2023,17-มิ.ย.-2025,Yuki T.,-,Expired/Not renewed,"$3,610,500"
2032,Telecommunications,VoIP Services Agreement #3031,Taiwan,"Falcon Industries Co., Ltd.",Internal - Admin Dept.,Renewal contingent on performance KPIs,14-ส.ค.-2022,28-ส.ค.-2022,17-มี.ค.-2025,Hiroshi G.,"Renewal quote received, under internal review",Expired/Not renewed,"$617,200"
2033,Printing & Publishing,Corporate Printing Services Agreement #3032,India,Delta Trading Pvt. Ltd.,Internal - Operations,Volume discount tier applies above threshold spend,26-มี.ค.-2022,02-เม.ย.-2022,26-ก.ค.-2024,Budi A.,-,Expired/Not renewed,"$113,700"
2034,Insurance,Group Health Insurance Policy #3033,Taiwan,"Crown Ventures Co., Ltd.",Internal - E-commerce,Renewal contingent on performance KPIs,02-ธ.ค.-2025,02-ธ.ค.-2025,17-พ.ย.-2028,Anucha N.,No issues reported this cycle,Renewed,"$1,115,000"
2035,Telecommunications,Corporate Mobile Plan Agreement #3034,Philippines,Meridian Industries Inc.,Internal - Admin Dept.,Includes 24/7 support SLA with penalty clauses,08-ธ.ค.-2023,22-ธ.ค.-2023,10-พ.ย.-2026,Fatima N.,Relationship manager reassigned this quarter,Upcoming renewal,"$357,700"
2036,Manufacturing Supply,Component Manufacturing Contract #3035,Hong Kong,Emerald Innovations Ltd.,Internal - Corporate Affairs,-,09-ก.พ.-2025,09-ก.พ.-2025,03-พ.ย.-2027,Yuki S.,No issues reported this cycle,Renewed,"$1,993,600"
2037,Financial Services,Treasury Management Contract #3036,South Korea,"Onyx Solutions Co., Ltd.","Lumen Technologies Co., Ltd.",Includes 24/7 support SLA with penalty clauses,21-ธ.ค.-2023,04-ม.ค.-2024,17-ก.พ.-2026,Chloe P.,"Renewal quote received, under internal review",Expired/Not renewed,"$618,700"
2038,Financial Services,Corporate Banking Services Agreement #3037,Thailand,"Apex Group Co., Ltd.",Internal - Admin Dept.,"Multi-year framework agreement, reviewed yearly",13-ก.ค.-2024,13-ก.ค.-2024,04-เม.ย.-2027,Laura J.,Legal review in progress before renewal,Renewed,"$207,900"
2039,Travel & Events,Conference Venue Agreement #3038,Myanmar,"BlueSky Consulting Co., Ltd.",Internal - Corporate Affairs,Exclusive regional distribution rights included,13-ก.ย.-2023,13-ก.ย.-2023,27-พ.ย.-2026,Somchai C.,Relationship manager reassigned this quarter,Upcoming renewal,"$322,100"
2040,Real Estate & Leasing,Office Space Lease Agreement #3039,Thailand,"Nova Consulting Co., Ltd.",Internal - Finance Dept.,Exclusive regional distribution rights included,15-ก.ย.-2025,22-ก.ย.-2025,10-พ.ย.-2028,Nattapong M.,Vendor performance review scheduled,Renewed,"$3,348,200"
2041,Logistics,Warehouse Lease & Operation Agreement #3040,Cambodia,"Vanguard Group Co., Ltd.",Internal - Legal Dept.,Exclusive regional distribution rights included,29-พ.ย.-2025,29-พ.ย.-2025,19-พ.ย.-2027,Siti F.,No issues reported this cycle,Renewed,"$686,700"
2042,Training & Development,Corporate Training Program Agreement #3041,Philippines,Cascade Trading Inc.,Internal - Finance Dept.,Includes 24/7 support SLA with penalty clauses,01-พ.ค.-2023,01-พ.ค.-2023,04-มิ.ย.-2025,Yuki L.,-,Expired/Not renewed,"$232,800"
2043,Legal,Litigation Support Contract #3042,Malaysia,Bright Technologies Sdn Bhd,Pacific Dynamics Sdn Bhd,Pricing subject to annual CPI adjustment,09-พ.ค.-2027,23-พ.ค.-2027,31-พ.ค.-2028,Fatima F.,Flagged for cost optimization review,Renewed,"$263,000"
2044,Waste Management,Recycling Services Agreement #3043,Taiwan,"Onyx Networks Co., Ltd.","Apex Capital Co., Ltd.",-,15-ก.พ.-2022,22-ก.พ.-2022,07-เม.ย.-2025,Tanawat G.,Scope extension being discussed with partner,Expired/Not renewed,"$260,000"
2045,Consulting,Change Management Engagement #3044,Germany,Cascade Systems GmbH,Summit Holdings GmbH,Includes quarterly business review meetings,05-เม.ย.-2025,05-เม.ย.-2025,20-ส.ค.-2028,Carlos E.,Flagged for cost optimization review,Renewed,"$729,700"
2046,Training & Development,Leadership Development Engagement #3045,United Kingdom,Atlas Systems Ltd.,Unity Dynamics Ltd.,Pricing subject to annual CPI adjustment,30-เม.ย.-2024,07-พ.ค.-2024,21-พ.ย.-2026,Anucha L.,Vendor performance review scheduled,Negotiation in progress,"$273,100"
2047,Telecommunications,Corporate Mobile Plan Agreement #3046,Thailand,"Orion Industries Co., Ltd.",Internal - Legal Dept.,"Auto-renew clause, 30 days notice required",30-ต.ค.-2025,13-พ.ย.-2025,20-ก.พ.-2028,Minji R.,Relationship manager reassigned this quarter,Renewed,"$195,900"
2048,Financial Services,Corporate Banking Services Agreement #3047,China,"Onyx Logistics Co., Ltd.","Crest Capital Co., Ltd.",-,28-ต.ค.-2023,28-ต.ค.-2023,24-ต.ค.-2027,Yuki H.,Vendor performance review scheduled,Renewed,"$927,200"
2049,Real Estate & Leasing,Equipment Leasing Agreement #3048,Malaysia,Metro Networks Sdn Bhd,Internal - Operations,"Auto-renew clause, 45 days notice required",05-ธ.ค.-2022,05-ธ.ค.-2022,03-ส.ค.-2026,Piyawan I.,"Renewal quote received, under internal review",Expired/Not renewed,"$2,320,100"
2050,Financial Services,Payment Gateway Services Agreement #3049,Thailand,"Atlas Enterprises Co., Ltd.",Internal - Procurement,Renewal contingent on performance KPIs,28-มิ.ย.-2023,28-มิ.ย.-2023,09-ต.ค.-2026,Nattapong K.,No issues reported this cycle,Upcoming renewal,"$531,000"
2051,Manufacturing Supply,Packaging Supply Contract #3050,Japan,Quantum Technologies K.K.,Beacon Systems K.K.,Service level agreement reviewed annually,16-พ.ค.-2023,16-พ.ค.-2023,30-ก.ค.-2024,Minji M.,Scope extension being discussed with partner,Expired/Not renewed,"$951,800"
2052,Fleet & Transportation,Vehicle Leasing Agreement #3051,Myanmar,"Crest Systems Co., Ltd.",Internal - Corporate Affairs,Includes 24/7 support SLA with penalty clauses,21-มิ.ย.-2025,21-มิ.ย.-2025,08-ต.ค.-2026,Suchada T.,-,Negotiation in progress,"$38,600"
2053,Travel & Events,Conference Venue Agreement #3052,Taiwan,"Alliance Services Co., Ltd.",Internal - Operations,"Multi-year framework agreement, reviewed yearly",14-ก.ย.-2021,14-ก.ย.-2021,02-พ.ค.-2025,Hiroshi T.,Alternative vendors being benchmarked,Expired/Not renewed,"$212,200"
2054,Marketing,Influencer Partnership Contract #3053,China,"Unity Enterprises Co., Ltd.","Anchor Trading Co., Ltd.",Service level agreement reviewed annually,01-ก.พ.-2027,01-ก.พ.-2027,18-มี.ค.-2028,Tanawat R.,-,Renewed,"$608,400"
2055,Security,CCTV Monitoring Agreement #3054,France,Prime Ventures SAS,Crest Services SAS,"Multi-year framework agreement, reviewed yearly",15-พ.ค.-2027,15-พ.ค.-2027,14-ม.ค.-2029,Tanawat B.,"Renewal quote received, under internal review",Renewed,"$305,900"
2056,Consulting,Digital Transformation Consulting #3055,Cambodia,"Alliance Partners Co., Ltd.",Internal - Finance Dept.,"Multi-year framework agreement, reviewed yearly",18-ม.ค.-2026,18-ม.ค.-2026,18-ก.ย.-2028,Yuki W.,Relationship manager reassigned this quarter,Renewed,"$851,900"
2057,Manufacturing Supply,Raw Material Supply Agreement #3056,Hong Kong,Anchor Solutions Ltd.,Internal - Procurement,"Auto-renew clause, 60 days notice required",21-มิ.ย.-2023,21-มิ.ย.-2023,26-ก.ย.-2026,Ploy T.,Legal review in progress before renewal,Upcoming renewal,"$564,500"
2058,Logistics,Last-Mile Delivery Partnership #3057,United Arab Emirates,Apex Dynamics LLC,Internal - E-commerce,Renewal contingent on performance KPIs,05-ส.ค.-2026,05-ส.ค.-2026,09-ก.ย.-2028,Ravi R.,Relationship manager reassigned this quarter,Renewed,"$449,000"
2059,Consulting,Digital Transformation Consulting #3058,Germany,Bright Technologies GmbH,Global Technologies GmbH,Includes 24/7 support SLA with penalty clauses,08-ก.ย.-2025,08-ก.ย.-2025,28-ก.ย.-2026,James P.,Flagged for cost optimization review,Upcoming renewal,"$176,500"
2060,HR & Payroll,HR Systems Implementation Contract #3059,United Kingdom,Unity Industries Ltd.,Horizon Networks Ltd.,Renewal contingent on performance KPIs,17-ก.ค.-2025,17-ก.ค.-2025,02-ม.ค.-2028,Michael W.,No issues reported this cycle,Renewed,"$357,200"
2061,Construction & Maintenance,Building Renovation Contract #3060,Cambodia,"Silverline Solutions Co., Ltd.",Internal - Legal Dept.,"Auto-renew clause, 15 days notice required",01-พ.ค.-2026,08-พ.ค.-2026,19-มี.ค.-2028,Siti L.,Budget approval pending for renewal,Renewed,"$1,248,100"
2062,Security,CCTV Monitoring Agreement #3061,Japan,Apex Partners K.K.,Internal - Corporate Affairs,Exclusive regional distribution rights included,17-มิ.ย.-2024,17-มิ.ย.-2024,02-พ.ย.-2026,Nathan G.,Legal review in progress before renewal,Negotiation in progress,"$427,100"
2063,IT Services,Cloud Hosting Agreement #3062,South Korea,"Prime Dynamics Co., Ltd.",Internal - Corporate Affairs,"Multi-year framework agreement, reviewed yearly",22-ธ.ค.-2022,22-ธ.ค.-2022,23-เม.ย.-2024,Ahmed I.,-,Expired/Not renewed,"$1,731,900"
2064,Legal,Compliance Advisory Agreement #3063,Indonesia,Solace Trading PT,Internal - E-commerce,"Auto-renew clause, 60 days notice required",21-พ.ค.-2025,04-มิ.ย.-2025,11-พ.ย.-2026,Somchai A.,Flagged for cost optimization review,Negotiation in progress,"$96,900"
2065,Cleaning & Facility,Office Facility Management Contract #3064,Singapore,Nova Capital Pte Ltd,Apex Industries Pte Ltd,Includes 24/7 support SLA with penalty clauses,04-เม.ย.-2026,18-เม.ย.-2026,06-ก.ค.-2028,Ahmed J.,Relationship manager reassigned this quarter,Renewed,"$132,000"
2066,Consulting,Digital Transformation Consulting #3065,Cambodia,"Ivory Partners Co., Ltd.",Internal - Procurement,Includes 24/7 support SLA with penalty clauses,13-มิ.ย.-2024,13-มิ.ย.-2024,20-ก.ค.-2027,Michael H.,Scope extension being discussed with partner,Renewed,"$661,500"
2067,Printing & Publishing,Corporate Printing Services Agreement #3066,Indonesia,Delta Systems PT,Radiant Trading PT,Renewal contingent on performance KPIs,04-ม.ค.-2022,11-ม.ค.-2022,24-ส.ค.-2025,Laura F.,Budget approval pending for renewal,Expired/Not renewed,"$155,900"
2068,Construction & Maintenance,Building Renovation Contract #3067,Cambodia,"Apex Industries Co., Ltd.",Internal - E-commerce,Volume discount tier applies above threshold spend,05-มิ.ย.-2024,19-มิ.ย.-2024,07-ธ.ค.-2026,Chloe W.,-,Negotiation in progress,"$920,600"
2069,Insurance,Cargo Insurance Agreement #3068,Hong Kong,Onyx Technologies Ltd.,Internal - Marketing Dept.,Includes quarterly business review meetings,30-ส.ค.-2026,30-ส.ค.-2026,02-ก.พ.-2029,Nattapong R.,Scope extension being discussed with partner,Renewed,"$628,600"
2070,Construction & Maintenance,Elevator Maintenance Contract #3069,Thailand,"Anchor Networks Co., Ltd.",Internal - Supply Chain,Volume discount tier applies above threshold spend,12-ต.ค.-2024,12-ต.ค.-2024,05-พ.ย.-2027,Ahmed W.,Flagged for cost optimization review,Renewed,"$1,028,900"
2071,Cleaning & Facility,Pest Control Services Agreement #3070,Indonesia,Anchor Dynamics PT,Nova Dynamics PT,Volume discount tier applies above threshold spend,11-ต.ค.-2023,11-ต.ค.-2023,06-พ.ย.-2026,Ploy P.,Scope extension being discussed with partner,Negotiation in progress,"$309,000"
2072,Printing & Publishing,Signage & Print Production Agreement #3071,France,NorthStar Technologies SAS,Metro Innovations SAS,Pricing subject to annual CPI adjustment,19-ก.ค.-2025,19-ก.ค.-2025,23-พ.ย.-2026,Tanawat W.,Legal review in progress before renewal,Upcoming renewal,"$175,500"
2073,Waste Management,Hazardous Waste Management Contract #3072,India,Pinnacle Networks Pvt. Ltd.,Internal - Operations,Includes 24/7 support SLA with penalty clauses,17-พ.ย.-2024,24-พ.ย.-2024,23-ต.ค.-2027,Kanokwan N.,Vendor performance review scheduled,Renewed,"$201,100"
2074,Construction & Maintenance,HVAC Maintenance Agreement #3073,United States,Radiant Industries Inc.,Internal - IT Dept.,Service level agreement reviewed annually,15-พ.ย.-2027,22-พ.ย.-2027,02-ม.ค.-2029,Ravi N.,Relationship manager reassigned this quarter,Renewed,"$619,700"
2075,Cleaning & Facility,Facility Maintenance Contract #3074,United Arab Emirates,Vanguard Trading LLC,Internal - Marketing Dept.,"Auto-renew clause, 15 days notice required",10-เม.ย.-2025,10-เม.ย.-2025,27-ต.ค.-2027,Yuki D.,Budget approval pending for renewal,Renewed,"$178,800"
2076,Insurance,Cargo Insurance Agreement #3075,United States,Bright Industries Inc.,Falcon Trading Inc.,"Multi-year framework agreement, reviewed yearly",29-พ.ย.-2022,13-ธ.ค.-2022,29-เม.ย.-2026,Yuki N.,Budget approval pending for renewal,Expired/Not renewed,"$1,435,800"
2077,Travel & Events,Event Management Services Contract #3076,Germany,Zenith Capital GmbH,Internal - Corporate Affairs,"Auto-renew clause, 45 days notice required",27-ม.ค.-2023,27-ม.ค.-2023,01-ส.ค.-2024,Somchai J.,Scope extension being discussed with partner,Expired/Not renewed,"$206,100"
2078,Marketing,Brand Campaign Agreement #3077,United Arab Emirates,Horizon Trading LLC,Crest Services LLC,"Auto-renew clause, 90 days notice required",21-ส.ค.-2025,28-ส.ค.-2025,27-พ.ย.-2027,Anucha T.,Scope extension being discussed with partner,Renewed,"$509,300"
2079,Marketing,Media Buying Agreement #3078,Germany,Apex Capital GmbH,Internal - E-commerce,Renewal contingent on performance KPIs,06-ก.ค.-2023,06-ก.ค.-2023,29-ก.ค.-2026,Ahmed A.,No issues reported this cycle,Expired/Not renewed,"$715,200"
2080,Marketing,Brand Campaign Agreement #3079,Vietnam,Pacific Trading JSC,Evergreen Logistics JSC,-,15-พ.ย.-2024,15-พ.ย.-2024,08-ธ.ค.-2026,Grace J.,Scope extension being discussed with partner,Upcoming renewal,"$642,700"
2081,Travel & Events,Conference Venue Agreement #3080,Cambodia,"Apex Holdings Co., Ltd.","Metro Dynamics Co., Ltd.",Includes 24/7 support SLA with penalty clauses,04-ต.ค.-2026,18-ต.ค.-2026,23-ธ.ค.-2028,Wei C.,"Renewal quote received, under internal review",Renewed,"$125,900"
2082,Manufacturing Supply,Component Manufacturing Contract #3081,France,Delta Ventures SAS,Internal - Operations,Exclusive regional distribution rights included,25-ก.ค.-2025,25-ก.ค.-2025,30-ม.ค.-2027,Somchai S.,Legal review in progress before renewal,Negotiation in progress,"$1,246,400"
2083,Travel & Events,Event Management Services Contract #3082,China,"NorthStar Networks Co., Ltd.",Internal - IT Dept.,Exclusive regional distribution rights included,20-ธ.ค.-2022,03-ม.ค.-2023,12-ต.ค.-2026,Siti S.,Relationship manager reassigned this quarter,Upcoming renewal,"$330,000"
2084,Real Estate & Leasing,Retail Unit Lease Contract #3083,Australia,Ivory Consulting Pty Ltd,Onyx Innovations Pty Ltd,Volume discount tier applies above threshold spend,18-ธ.ค.-2024,25-ธ.ค.-2024,23-ก.ย.-2027,Priya I.,Legal review in progress before renewal,Renewed,"$2,656,000"
2085,Software Licensing,Cybersecurity Software License #3084,Myanmar,"Silverline Services Co., Ltd.",Internal - Supply Chain,Service level agreement reviewed annually,07-ก.ย.-2024,21-ก.ย.-2024,27-ต.ค.-2026,Chloe M.,No issues reported this cycle,Negotiation in progress,"$855,500"
2086,IT Services,Managed IT Services Agreement #3085,Taiwan,"Pinnacle Ventures Co., Ltd.",Internal - Corporate Affairs,Renewal contingent on performance KPIs,10-พ.ค.-2027,10-พ.ค.-2027,16-ก.ย.-2028,Nathan N.,Vendor performance review scheduled,Renewed,"$1,680,300"
2087,Fleet & Transportation,Corporate Shuttle Service Contract #3086,Indonesia,Metro Partners PT,Internal - E-commerce,Renewal contingent on performance KPIs,01-มิ.ย.-2022,01-มิ.ย.-2022,13-ม.ค.-2026,James F.,-,Expired/Not renewed,"$222,800"
2088,Software Licensing,Cybersecurity Software License #3087,Vietnam,Silverline Capital JSC,Internal - Operations,Pricing subject to annual CPI adjustment,22-ม.ค.-2024,22-ม.ค.-2024,27-พ.ย.-2026,Ploy R.,Alternative vendors being benchmarked,Negotiation in progress,"$1,762,800"
2089,Financial Services,Corporate Banking Services Agreement #3088,France,Granite Ventures SAS,Internal - IT Dept.,Includes quarterly business review meetings,13-ก.ค.-2023,20-ก.ค.-2023,07-ต.ค.-2026,Ahmed K.,No issues reported this cycle,Upcoming renewal,"$662,100"
2090,Telecommunications,VoIP Services Agreement #3089,Japan,Zenith Industries K.K.,Internal - IT Dept.,Includes quarterly business review meetings,14-ม.ค.-2024,14-ม.ค.-2024,10-ม.ค.-2027,Daniel D.,-,Negotiation in progress,"$620,300"
2091,Logistics,Customs Brokerage Agreement #3090,India,NorthStar Consulting Pvt. Ltd.,Granite Networks Pvt. Ltd.,Volume discount tier applies above threshold spend,09-ก.ค.-2026,09-ก.ค.-2026,15-เม.ย.-2028,Hiroshi O.,"Renewal quote received, under internal review",Renewed,"$486,700"
2092,Fleet & Transportation,Fleet Maintenance Agreement #3091,Hong Kong,Falcon Solutions Ltd.,Zenith Trading Ltd.,Includes quarterly business review meetings,25-เม.ย.-2024,25-เม.ย.-2024,08-ก.พ.-2027,Kanokwan H.,Vendor performance review scheduled,Negotiation in progress,"$498,200"
2093,Security,Access Control System Contract #3092,Cambodia,"Granite Innovations Co., Ltd.","Zenith Enterprises Co., Ltd.",Renewal contingent on performance KPIs,28-ต.ค.-2024,28-ต.ค.-2024,22-พ.ค.-2027,Ploy T.,-,Renewed,"$115,500"
2094,Software Licensing,Enterprise Software License (ERP) #3093,Singapore,Granite Consulting Pte Ltd,Emerald Logistics Pte Ltd,Includes quarterly business review meetings,15-ต.ค.-2022,15-ต.ค.-2022,01-ต.ค.-2026,Yuki E.,Alternative vendors being benchmarked,Upcoming renewal,"$1,065,000"
2095,Financial Services,Audit & Assurance Engagement #3094,Myanmar,"Solace Solutions Co., Ltd.",Internal - Legal Dept.,"Multi-year framework agreement, reviewed yearly",27-มิ.ย.-2025,27-มิ.ย.-2025,08-ม.ค.-2027,Nattapong F.,Flagged for cost optimization review,Negotiation in progress,"$807,700"
2096,Consulting,Digital Transformation Consulting #3095,Singapore,Nova Solutions Pte Ltd,Internal - Finance Dept.,Service level agreement reviewed annually,25-ส.ค.-2025,08-ก.ย.-2025,30-ก.ย.-2026,Budi H.,Alternative vendors being benchmarked,Upcoming renewal,"$911,400"
2097,Waste Management,Recycling Services Agreement #3096,Cambodia,"Beacon Technologies Co., Ltd.",Internal - Admin Dept.,Volume discount tier applies above threshold spend,18-ก.พ.-2024,18-ก.พ.-2024,31-ธ.ค.-2025,Budi J.,Vendor performance review scheduled,Expired/Not renewed,"$92,200"
2098,Training & Development,E-Learning Platform License #3097,India,Metro Consulting Pvt. Ltd.,Internal - HR Dept.,Exclusive regional distribution rights included,09-ธ.ค.-2023,09-ธ.ค.-2023,06-มี.ค.-2026,Ahmed M.,Budget approval pending for renewal,Expired/Not renewed,"$126,500"
2099,Printing & Publishing,Annual Report Design & Print Contract #3098,Thailand,"Zenith Partners Co., Ltd.",Internal - Supply Chain,Includes 24/7 support SLA with penalty clauses,06-พ.ค.-2026,06-พ.ค.-2026,24-ส.ค.-2027,Laura E.,Vendor performance review scheduled,Renewed,"$84,000"
2100,Training & Development,Leadership Development Engagement #3099,Australia,Alliance Solutions Pty Ltd,Internal - Supply Chain,Volume discount tier applies above threshold spend,09-มิ.ย.-2027,09-มิ.ย.-2027,13-มิ.ย.-2028,Chloe S.,Vendor performance review scheduled,Renewed,"$144,100"
2101,Marketing,Media Buying Agreement #3100,Hong Kong,Horizon Ventures Ltd.,Internal - Procurement,"Multi-year framework agreement, reviewed yearly",23-ก.ค.-2023,06-ส.ค.-2023,24-ส.ค.-2025,Carlos F.,Budget approval pending for renewal,Expired/Not renewed,"$727,000"
2102,Telecommunications,Satellite Communication Contract #3101,Hong Kong,Titan Services Ltd.,Zenith Services Ltd.,"Multi-year framework agreement, reviewed yearly",20-ธ.ค.-2025,20-ธ.ค.-2025,13-ต.ค.-2027,Suchada O.,Vendor performance review scheduled,Renewed,"$500,300"
2103,Telecommunications,VoIP Services Agreement #3102,Philippines,Vanguard Systems Inc.,Internal - E-commerce,Volume discount tier applies above threshold spend,19-มิ.ย.-2026,19-มิ.ย.-2026,28-ส.ค.-2027,Laura D.,Legal review in progress before renewal,Renewed,"$66,800"
2104,Waste Management,Waste Collection & Disposal Contract #3103,Hong Kong,Apex Services Ltd.,Internal - Corporate Affairs,"Multi-year framework agreement, reviewed yearly",03-ส.ค.-2024,03-ส.ค.-2024,23-ธ.ค.-2026,Carlos J.,-,Negotiation in progress,"$294,400"
2105,Construction & Maintenance,Building Renovation Contract #3104,United Arab Emirates,Orion Technologies LLC,Internal - Procurement,Includes quarterly business review meetings,11-มี.ค.-2024,18-มี.ค.-2024,17-พ.ย.-2025,Somchai T.,Relationship manager reassigned this quarter,Expired/Not renewed,"$1,547,900"
2106,Training & Development,E-Learning Platform License #3105,Singapore,NorthStar Group Pte Ltd,Global Systems Pte Ltd,"Multi-year framework agreement, reviewed yearly",22-ก.ย.-2023,06-ต.ค.-2023,17-ก.ย.-2025,Suchada D.,No issues reported this cycle,Expired/Not renewed,"$270,600"
2107,Travel & Events,Event Management Services Contract #3106,Vietnam,Anchor Trading JSC,Internal - Marketing Dept.,"Multi-year framework agreement, reviewed yearly",01-พ.ค.-2024,15-พ.ค.-2024,11-พ.ค.-2027,Nathan W.,Scope extension being discussed with partner,Renewed,"$46,800"
2108,IT Services,Managed IT Services Agreement #3107,Vietnam,Summit Trading JSC,Radiant Consulting JSC,Exclusive regional distribution rights included,09-ก.ย.-2023,23-ก.ย.-2023,18-มิ.ย.-2027,Carlos H.,Relationship manager reassigned this quarter,Renewed,"$592,800"
2109,IT Services,Network Infrastructure Services #3108,Hong Kong,Solace Systems Ltd.,Apex Ventures Ltd.,Pricing subject to annual CPI adjustment,07-ก.ย.-2021,21-ก.ย.-2021,05-ส.ค.-2024,Arjun L.,-,Expired/Not renewed,"$570,400"
2110,Travel & Events,Corporate Travel Management Agreement #3109,United Kingdom,Orion Solutions Ltd.,Internal - HR Dept.,Service level agreement reviewed annually,04-เม.ย.-2026,11-เม.ย.-2026,26-ม.ค.-2029,Somchai P.,"Renewal quote received, under internal review",Renewed,"$67,400"
2111,Fleet & Transportation,Vehicle Leasing Agreement #3110,Philippines,Zenith Solutions Inc.,Atlas Consulting Inc.,"Multi-year framework agreement, reviewed yearly",15-ธ.ค.-2024,15-ธ.ค.-2024,12-ส.ค.-2026,Chloe R.,-,Expired/Not renewed,"$891,100"
2112,Fleet & Transportation,Fleet Maintenance Agreement #3111,Vietnam,Radiant Systems JSC,Global Consulting JSC,Service level agreement reviewed annually,04-ม.ค.-2025,11-ม.ค.-2025,16-ต.ค.-2026,Siti B.,-,Upcoming renewal,"$627,500"
2113,Financial Services,Corporate Banking Services Agreement #3112,Hong Kong,Beacon Dynamics Ltd.,Emerald Logistics Ltd.,Volume discount tier applies above threshold spend,30-มิ.ย.-2024,30-มิ.ย.-2024,02-พ.ค.-2028,Minji T.,No issues reported this cycle,Renewed,"$884,500"
2114,Construction & Maintenance,Civil Works Contract #3113,Germany,Solace Ventures GmbH,Internal - IT Dept.,-,15-พ.ย.-2025,22-พ.ย.-2025,02-ธ.ค.-2028,Ravi G.,No issues reported this cycle,Renewed,"$1,398,300"
2115,Security,Executive Protection Services #3114,Indonesia,Apex Trading PT,Alliance Enterprises PT,-,18-ม.ค.-2021,18-ม.ค.-2021,16-ส.ค.-2024,Grace H.,Budget approval pending for renewal,Expired/Not renewed,"$369,300"
2116,Logistics,Last-Mile Delivery Partnership #3115,Singapore,Emerald Trading Pte Ltd,Internal - Finance Dept.,Volume discount tier applies above threshold spend,13-มี.ค.-2025,27-มี.ค.-2025,29-พ.ย.-2026,Daniel P.,Relationship manager reassigned this quarter,Upcoming renewal,"$278,800"
2117,Telecommunications,Internet Leased Line Contract #3116,Hong Kong,Anchor Technologies Ltd.,Internal - Corporate Affairs,Renewal contingent on performance KPIs,23-พ.ย.-2021,07-ธ.ค.-2021,19-ต.ค.-2024,Yuki W.,Budget approval pending for renewal,Expired/Not renewed,"$228,700"
2118,Software Licensing,CRM Platform Subscription Agreement #3117,Myanmar,"Radiant Innovations Co., Ltd.","Evergreen Trading Co., Ltd.",-,19-เม.ย.-2024,19-เม.ย.-2024,06-มิ.ย.-2027,Piyawan C.,Vendor performance review scheduled,Renewed,"$1,291,700"
2119,Software Licensing,CRM Platform Subscription Agreement #3118,United Arab Emirates,Alliance Consulting LLC,Internal - Corporate Affairs,Renewal contingent on performance KPIs,22-ก.ค.-2024,22-ก.ค.-2024,30-ก.ย.-2026,Fatima L.,Flagged for cost optimization review,Negotiation in progress,"$754,800"
2120,Consulting,Change Management Engagement #3119,Singapore,Sterling Ventures Pte Ltd,Internal - E-commerce,"Auto-renew clause, 30 days notice required",08-ธ.ค.-2024,15-ธ.ค.-2024,14-ธ.ค.-2026,Yuki H.,No issues reported this cycle,Negotiation in progress,"$839,900"
2121,Telecommunications,Corporate Mobile Plan Agreement #3120,Taiwan,"Emerald Systems Co., Ltd.",Internal - Marketing Dept.,Volume discount tier applies above threshold spend,28-ต.ค.-2024,28-ต.ค.-2024,05-ธ.ค.-2026,Aiko S.,Scope extension being discussed with partner,Upcoming renewal,"$527,300"
2122,Fleet & Transportation,Corporate Shuttle Service Contract #3121,Philippines,Vertex Partners Inc.,Internal - Marketing Dept.,Includes 24/7 support SLA with penalty clauses,14-พ.ย.-2024,28-พ.ย.-2024,12-เม.ย.-2027,Siti R.,-,Renewed,"$592,900"
2123,Construction & Maintenance,Civil Works Contract #3122,Australia,Crest Innovations Pty Ltd,Pinnacle Consulting Pty Ltd,Pricing subject to annual CPI adjustment,30-ม.ค.-2024,30-ม.ค.-2024,07-ต.ค.-2026,Priya G.,Budget approval pending for renewal,Upcoming renewal,"$621,100"
2124,HR & Payroll,Outsourced Payroll Processing Contract #3123,Hong Kong,Meridian Consulting Ltd.,Emerald Trading Ltd.,"Multi-year framework agreement, reviewed yearly",18-พ.ค.-2024,01-มิ.ย.-2024,09-ธ.ค.-2026,Emily O.,No issues reported this cycle,Upcoming renewal,"$28,300"
2125,Financial Services,Payment Gateway Services Agreement #3124,France,Falcon Networks SAS,Internal - Corporate Affairs,Renewal contingent on performance KPIs,05-เม.ย.-2025,12-เม.ย.-2025,24-พ.ค.-2028,Carlos G.,Budget approval pending for renewal,Renewed,"$977,200"
2126,Construction & Maintenance,Elevator Maintenance Contract #3125,Thailand,"Vanguard Systems Co., Ltd.",Internal - Corporate Affairs,Includes 24/7 support SLA with penalty clauses,28-ส.ค.-2025,28-ส.ค.-2025,29-ก.ย.-2026,Minji D.,Relationship manager reassigned this quarter,Upcoming renewal,"$313,200"
2127,Telecommunications,Internet Leased Line Contract #3126,Myanmar,"Quantum Trading Co., Ltd.",Internal - Corporate Affairs,-,21-มิ.ย.-2025,05-ก.ค.-2025,27-พ.ย.-2026,Budi A.,No issues reported this cycle,Upcoming renewal,"$391,100"
2128,Real Estate & Leasing,Retail Unit Lease Contract #3127,Malaysia,Silverline Partners Sdn Bhd,Radiant Industries Sdn Bhd,Pricing subject to annual CPI adjustment,13-ก.พ.-2023,13-ก.พ.-2023,08-ธ.ค.-2026,Ravi K.,-,Negotiation in progress,"$548,700"
2129,Consulting,Business Process Improvement Engagement #3128,India,Beacon Trading Pvt. Ltd.,Internal - IT Security,Pricing subject to annual CPI adjustment,27-ต.ค.-2022,03-พ.ย.-2022,28-ก.ย.-2024,Daniel J.,Legal review in progress before renewal,Expired/Not renewed,"$257,400"
2130,Manufacturing Supply,OEM Production Agreement #3129,Philippines,Global Holdings Inc.,Crown Services Inc.,"Auto-renew clause, 60 days notice required",03-ธ.ค.-2025,03-ธ.ค.-2025,24-ก.ย.-2027,Nathan W.,"Renewal quote received, under internal review",Renewed,"$2,321,500"
2131,Training & Development,Corporate Training Program Agreement #3130,South Korea,"Titan Industries Co., Ltd.",Internal - HR Dept.,"Multi-year framework agreement, reviewed yearly",03-ก.พ.-2026,10-ก.พ.-2026,24-พ.ค.-2027,Laura I.,Flagged for cost optimization review,Renewed,"$24,700"
2132,Marketing,Influencer Partnership Contract #3131,Singapore,Anchor Trading Pte Ltd,Internal - Admin Dept.,Service level agreement reviewed annually,14-ต.ค.-2024,14-ต.ค.-2024,12-ต.ค.-2026,James C.,"Renewal quote received, under internal review",Negotiation in progress,"$823,100"
2133,Travel & Events,Conference Venue Agreement #3132,Australia,Vanguard Consulting Pty Ltd,Internal - IT Dept.,"Multi-year framework agreement, reviewed yearly",26-ต.ค.-2022,26-ต.ค.-2022,12-ต.ค.-2026,Laura N.,Scope extension being discussed with partner,Negotiation in progress,"$115,200"
2134,Manufacturing Supply,Raw Material Supply Agreement #3133,United Kingdom,Orion Solutions Ltd.,Internal - Supply Chain,Volume discount tier applies above threshold spend,25-มิ.ย.-2026,02-ก.ค.-2026,25-ก.พ.-2028,Laura N.,Relationship manager reassigned this quarter,Renewed,"$2,622,500"
2135,Waste Management,Hazardous Waste Management Contract #3134,Philippines,Pinnacle Logistics Inc.,Evergreen Technologies Inc.,Service level agreement reviewed annually,11-เม.ย.-2025,11-เม.ย.-2025,04-ธ.ค.-2026,Aiko F.,No issues reported this cycle,Upcoming renewal,"$198,600"
2136,Real Estate & Leasing,Office Space Lease Agreement #3135,China,"Granite Group Co., Ltd.",Internal - Operations,-,24-พ.ค.-2022,07-มิ.ย.-2022,27-ส.ค.-2025,Anucha G.,Legal review in progress before renewal,Expired/Not renewed,"$2,926,400"
2137,Security,Access Control System Contract #3136,Germany,Sterling Partners GmbH,Internal - Marketing Dept.,Renewal contingent on performance KPIs,10-ก.ค.-2025,10-ก.ค.-2025,17-พ.ค.-2027,Nattapong D.,Legal review in progress before renewal,Renewed,"$315,400"
2138,Manufacturing Supply,OEM Production Agreement #3137,Myanmar,"Granite Capital Co., Ltd.","Vanguard Ventures Co., Ltd.",-,26-ม.ค.-2025,02-ก.พ.-2025,29-พ.ย.-2026,Priya S.,Scope extension being discussed with partner,Upcoming renewal,"$827,800"
2139,Software Licensing,Enterprise Software License (ERP) #3138,France,Sterling Group SAS,Nova Systems SAS,Volume discount tier applies above threshold spend,24-ธ.ค.-2022,07-ม.ค.-2023,26-ส.ค.-2024,Michael G.,Scope extension being discussed with partner,Expired/Not renewed,"$1,972,500"
2140,Logistics,Customs Brokerage Agreement #3139,Hong Kong,Sterling Partners Ltd.,Internal - Supply Chain,Service level agreement reviewed annually,12-ก.ย.-2024,12-ก.ย.-2024,07-ก.พ.-2027,Wei H.,Alternative vendors being benchmarked,Negotiation in progress,"$1,322,700"
2141,Security,Physical Security & Guard Services #3140,United Kingdom,Crest Consulting Ltd.,Internal - Legal Dept.,Includes 24/7 support SLA with penalty clauses,03-ม.ค.-2025,03-ม.ค.-2025,24-พ.ย.-2026,James K.,Relationship manager reassigned this quarter,Negotiation in progress,"$275,400"
2142,Travel & Events,Conference Venue Agreement #3141,United Kingdom,Prime Technologies Ltd.,Trident Enterprises Ltd.,Includes 24/7 support SLA with penalty clauses,17-พ.ย.-2025,17-พ.ย.-2025,28-ก.ค.-2028,Ploy N.,Vendor performance review scheduled,Renewed,"$388,800"
2143,Marketing,Digital Marketing Retainer #3142,Singapore,Anchor Services Pte Ltd,Internal - Operations,"Auto-renew clause, 90 days notice required",06-ก.ค.-2023,06-ก.ค.-2023,16-ก.ย.-2024,Nattapong H.,Relationship manager reassigned this quarter,Expired/Not renewed,"$771,900"
2144,Cleaning & Facility,Pest Control Services Agreement #3143,India,Beacon Partners Pvt. Ltd.,Internal - Legal Dept.,-,04-มิ.ย.-2021,18-มิ.ย.-2021,11-มิ.ย.-2025,Ahmed J.,Relationship manager reassigned this quarter,Expired/Not renewed,"$238,100"
2145,Manufacturing Supply,Component Manufacturing Contract #3144,South Korea,"Radiant Services Co., Ltd.","Crown Group Co., Ltd.",Exclusive regional distribution rights included,09-มี.ค.-2027,16-มี.ค.-2027,18-ก.พ.-2029,Carlos M.,-,Renewed,"$2,242,200"
2146,Travel & Events,Event Management Services Contract #3145,Singapore,Cascade Holdings Pte Ltd,Crown Trading Pte Ltd,Volume discount tier applies above threshold spend,05-พ.ย.-2025,19-พ.ย.-2025,10-ธ.ค.-2028,David C.,No issues reported this cycle,Renewed,"$101,800"
2147,Fleet & Transportation,Fleet Maintenance Agreement #3146,Philippines,Horizon Enterprises Inc.,Internal - Operations,"Auto-renew clause, 90 days notice required",06-ม.ค.-2026,13-ม.ค.-2026,19-ม.ค.-2027,Siti B.,Flagged for cost optimization review,Negotiation in progress,"$441,900"
2148,Insurance,Cyber Liability Insurance Policy #3147,Cambodia,"Titan Ventures Co., Ltd.",Internal - Supply Chain,"Auto-renew clause, 45 days notice required",19-ก.ย.-2026,19-ก.ย.-2026,01-มิ.ย.-2028,Nathan R.,No issues reported this cycle,Renewed,"$379,400"
2149,Financial Services,Payment Gateway Services Agreement #3148,Vietnam,Trident Systems JSC,Internal - Procurement,"Multi-year framework agreement, reviewed yearly",27-ธ.ค.-2023,27-ธ.ค.-2023,07-พ.ย.-2026,Minji F.,Budget approval pending for renewal,Upcoming renewal,"$127,800"
2150,Real Estate & Leasing,Office Space Lease Agreement #3149,Vietnam,Falcon Technologies JSC,Internal - HR Dept.,Includes 24/7 support SLA with penalty clauses,21-ก.พ.-2023,21-ก.พ.-2023,11-ก.ย.-2024,Ahmed D.,Budget approval pending for renewal,Expired/Not renewed,"$3,003,400"
2151,Legal,Regulatory Filing Services #3150,South Korea,"Delta Industries Co., Ltd.",Internal - Supply Chain,Service level agreement reviewed annually,31-ก.ค.-2026,07-ส.ค.-2026,17-ธ.ค.-2027,Somchai K.,Scope extension being discussed with partner,Renewed,"$153,900"
2152,Telecommunications,Internet Leased Line Contract #3151,Indonesia,Zenith Innovations PT,Beacon Logistics PT,Includes 24/7 support SLA with penalty clauses,27-ก.พ.-2027,27-ก.พ.-2027,13-ต.ค.-2028,Aiko G.,Flagged for cost optimization review,Renewed,"$370,800"
2153,Real Estate & Leasing,Equipment Leasing Agreement #3152,Cambodia,"Crown Trading Co., Ltd.","Nova Dynamics Co., Ltd.",Pricing subject to annual CPI adjustment,09-ธ.ค.-2024,09-ธ.ค.-2024,02-พ.ค.-2026,Michael E.,Alternative vendors being benchmarked,Expired/Not renewed,"$2,234,100"
2154,HR & Payroll,Recruitment Services Agreement #3153,United Arab Emirates,Silverline Consulting LLC,Internal - Corporate Affairs,"Multi-year framework agreement, reviewed yearly",30-เม.ย.-2021,07-พ.ค.-2021,03-มี.ค.-2025,Sarah D.,Alternative vendors being benchmarked,Expired/Not renewed,"$77,400"
2155,Construction & Maintenance,Building Renovation Contract #3154,Cambodia,"Unity Solutions Co., Ltd.",Internal - E-commerce,"Auto-renew clause, 30 days notice required",01-ม.ค.-2025,01-ม.ค.-2025,02-ก.พ.-2028,Nattapong H.,"Renewal quote received, under internal review",Renewed,"$1,363,100"
2156,Printing & Publishing,Annual Report Design & Print Contract #3155,Indonesia,Nova Consulting PT,Prime Consulting PT,Includes 24/7 support SLA with penalty clauses,26-ม.ค.-2027,02-ก.พ.-2027,09-มิ.ย.-2028,Piyawan E.,Relationship manager reassigned this quarter,Renewed,"$128,700"
2157,Consulting,Change Management Engagement #3156,Philippines,Meridian Technologies Inc.,Internal - Corporate Affairs,Includes 24/7 support SLA with penalty clauses,29-ก.ย.-2024,29-ก.ย.-2024,25-เม.ย.-2027,Somchai G.,Scope extension being discussed with partner,Renewed,"$787,300"
2158,Consulting,Digital Transformation Consulting #3157,India,Nova Partners Pvt. Ltd.,Internal - HR Dept.,Includes quarterly business review meetings,18-ส.ค.-2022,18-ส.ค.-2022,04-พ.ย.-2025,Wanida B.,Scope extension being discussed with partner,Expired/Not renewed,"$116,100"
2159,Legal,Litigation Support Contract #3158,South Korea,"Bright Trading Co., Ltd.",Internal - Procurement,-,24-ม.ค.-2025,24-ม.ค.-2025,20-พ.ย.-2026,Priya E.,Alternative vendors being benchmarked,Upcoming renewal,"$412,200"
2160,Training & Development,Leadership Development Engagement #3159,Indonesia,Horizon Innovations PT,Internal - Marketing Dept.,Includes 24/7 support SLA with penalty clauses,19-ต.ค.-2020,26-ต.ค.-2020,12-พ.ค.-2024,Ploy S.,"Renewal quote received, under internal review",Expired/Not renewed,"$132,800"
2161,Consulting,Business Process Improvement Engagement #3160,Hong Kong,Crest Dynamics Ltd.,Vertex Enterprises Ltd.,Includes 24/7 support SLA with penalty clauses,20-ก.พ.-2027,20-ก.พ.-2027,14-ม.ค.-2029,David W.,-,Renewed,"$362,200"
2162,Telecommunications,Satellite Communication Contract #3161,United States,Alliance Systems Inc.,Internal - Procurement,"Auto-renew clause, 60 days notice required",22-มิ.ย.-2023,22-มิ.ย.-2023,16-ม.ค.-2026,Anucha O.,No issues reported this cycle,Expired/Not renewed,"$386,200"
2163,Software Licensing,Cybersecurity Software License #3162,India,Apex Industries Pvt. Ltd.,Internal - Marketing Dept.,Renewal contingent on performance KPIs,16-พ.ย.-2026,30-พ.ย.-2026,28-ธ.ค.-2028,Ploy K.,Scope extension being discussed with partner,Renewed,"$340,500"
2164,Software Licensing,CRM Platform Subscription Agreement #3163,Indonesia,Apex Trading PT,Nova Enterprises PT,Exclusive regional distribution rights included,24-ก.พ.-2024,24-ก.พ.-2024,02-ธ.ค.-2026,Aiko O.,Flagged for cost optimization review,Upcoming renewal,"$117,500"
2165,Construction & Maintenance,Civil Works Contract #3164,Germany,Beacon Solutions GmbH,Internal - IT Dept.,Pricing subject to annual CPI adjustment,09-พ.ค.-2024,09-พ.ค.-2024,01-ธ.ค.-2026,Wanida L.,Budget approval pending for renewal,Upcoming renewal,"$134,000"
2166,Construction & Maintenance,Civil Works Contract #3165,South Korea,"Sterling Systems Co., Ltd.",Internal - IT Dept.,-,06-ก.ย.-2024,20-ก.ย.-2024,31-ส.ค.-2028,Daniel O.,Vendor performance review scheduled,Renewed,"$1,944,800"
2167,Legal,Corporate Legal Advisory Retainer #3166,Singapore,Apex Dynamics Pte Ltd,Global Systems Pte Ltd,Volume discount tier applies above threshold spend,12-ต.ค.-2024,12-ต.ค.-2024,24-มิ.ย.-2026,Priya P.,Budget approval pending for renewal,Expired/Not renewed,"$187,600"
2168,Travel & Events,Conference Venue Agreement #3167,Taiwan,"Global Systems Co., Ltd.",Internal - IT Dept.,Includes quarterly business review meetings,12-ก.พ.-2027,26-ก.พ.-2027,11-ส.ค.-2028,Priya S.,Alternative vendors being benchmarked,Renewed,"$173,200"
2169,Cleaning & Facility,Pest Control Services Agreement #3168,India,Nova Innovations Pvt. Ltd.,Internal - Operations,"Auto-renew clause, 30 days notice required",12-ม.ค.-2025,26-ม.ค.-2025,23-ก.ย.-2026,Tanawat C.,Scope extension being discussed with partner,Upcoming renewal,"$167,500"
2170,Security,Physical Security & Guard Services #3169,Australia,Beacon Logistics Pty Ltd,Titan Industries Pty Ltd,-,12-มิ.ย.-2023,26-มิ.ย.-2023,08-พ.ย.-2026,Siti H.,Legal review in progress before renewal,Upcoming renewal,"$289,700"
2171,Real Estate & Leasing,Equipment Leasing Agreement #3170,Singapore,Silverline Logistics Pte Ltd,Internal - Admin Dept.,Includes quarterly business review meetings,30-ม.ค.-2025,13-ก.พ.-2025,03-ธ.ค.-2028,Kanokwan O.,No issues reported this cycle,Renewed,"$2,888,400"
2172,Security,Physical Security & Guard Services #3171,India,Beacon Solutions Pvt. Ltd.,Internal - E-commerce,"Multi-year framework agreement, reviewed yearly",07-ก.ค.-2023,07-ก.ค.-2023,25-พ.ย.-2026,Kanokwan G.,Legal review in progress before renewal,Upcoming renewal,"$133,900"
2173,Financial Services,Treasury Management Contract #3172,United Kingdom,Orion Group Ltd.,Internal - Marketing Dept.,"Multi-year framework agreement, reviewed yearly",09-เม.ย.-2027,09-เม.ย.-2027,02-ส.ค.-2028,Siti L.,Legal review in progress before renewal,Renewed,"$268,400"
2174,Consulting,Business Process Improvement Engagement #3173,Indonesia,Falcon Ventures PT,Crest Technologies PT,Volume discount tier applies above threshold spend,06-มิ.ย.-2025,06-มิ.ย.-2025,10-ธ.ค.-2026,Laura G.,Legal review in progress before renewal,Negotiation in progress,"$278,400"
2175,Legal,Litigation Support Contract #3174,Vietnam,Alliance Solutions JSC,Internal - IT Dept.,Pricing subject to annual CPI adjustment,20-ก.ย.-2024,20-ก.ย.-2024,11-พ.ย.-2026,Somchai P.,Vendor performance review scheduled,Upcoming renewal,"$473,700"
2176,Marketing,Creative & Branding Services #3175,India,Unity Holdings Pvt. Ltd.,Internal - HR Dept.,Exclusive regional distribution rights included,12-ส.ค.-2022,12-ส.ค.-2022,05-ก.พ.-2025,Sarah L.,"Renewal quote received, under internal review",Expired/Not renewed,"$298,000"
2177,Manufacturing Supply,Packaging Supply Contract #3176,Malaysia,Sterling Technologies Sdn Bhd,Internal - Legal Dept.,Pricing subject to annual CPI adjustment,10-มี.ค.-2024,10-มี.ค.-2024,14-ธ.ค.-2026,Anucha S.,Vendor performance review scheduled,Negotiation in progress,"$1,810,500"
2178,Software Licensing,Cybersecurity Software License #3177,Hong Kong,Vertex Trading Ltd.,Internal - Marketing Dept.,Pricing subject to annual CPI adjustment,15-ม.ค.-2025,15-ม.ค.-2025,15-ต.ค.-2026,Priya B.,Scope extension being discussed with partner,Upcoming renewal,"$1,058,300"
2179,Financial Services,Corporate Banking Services Agreement #3178,Hong Kong,Summit Enterprises Ltd.,Bright Holdings Ltd.,Renewal contingent on performance KPIs,05-ก.ค.-2022,05-ก.ค.-2022,12-เม.ย.-2025,Laura A.,No issues reported this cycle,Expired/Not renewed,"$876,700"
2180,Training & Development,E-Learning Platform License #3179,Japan,Orion Systems K.K.,Titan Partners K.K.,Includes quarterly business review meetings,20-ต.ค.-2024,27-ต.ค.-2024,31-ก.ค.-2028,Aiko I.,No issues reported this cycle,Renewed,"$149,900"
2181,Software Licensing,Cybersecurity Software License #3180,China,"Radiant Industries Co., Ltd.",Internal - HR Dept.,Exclusive regional distribution rights included,26-เม.ย.-2024,10-พ.ค.-2024,03-พ.ค.-2028,Suchada B.,Flagged for cost optimization review,Renewed,"$2,773,700"
2182,Manufacturing Supply,Packaging Supply Contract #3181,Indonesia,Beacon Trading PT,Silverline Innovations PT,Service level agreement reviewed annually,19-ต.ค.-2023,19-ต.ค.-2023,04-ธ.ค.-2026,David S.,-,Negotiation in progress,"$2,373,000"
2183,Telecommunications,Internet Leased Line Contract #3182,Thailand,"Beacon Holdings Co., Ltd.","Unity Trading Co., Ltd.",-,01-ก.ค.-2025,15-ก.ค.-2025,15-พ.ย.-2026,Chloe B.,Vendor performance review scheduled,Upcoming renewal,"$587,000"
2184,Telecommunications,Internet Leased Line Contract #3183,France,Prime Dynamics SAS,Internal - HR Dept.,"Auto-renew clause, 30 days notice required",16-ธ.ค.-2025,16-ธ.ค.-2025,01-ก.พ.-2028,Yuki D.,Vendor performance review scheduled,Renewed,"$486,200"
2185,Financial Services,Payment Gateway Services Agreement #3184,Singapore,Crown Technologies Pte Ltd,Internal - IT Security,"Multi-year framework agreement, reviewed yearly",09-พ.ย.-2025,09-พ.ย.-2025,10-พ.ย.-2028,Minji E.,"Renewal quote received, under internal review",Renewed,"$695,100"
2186,Travel & Events,Conference Venue Agreement #3185,Cambodia,"Unity Networks Co., Ltd.","Bright Technologies Co., Ltd.","Multi-year framework agreement, reviewed yearly",14-มี.ค.-2023,14-มี.ค.-2023,15-ม.ค.-2027,Ahmed W.,Relationship manager reassigned this quarter,Negotiation in progress,"$77,600"
2187,Insurance,Property & Casualty Insurance Contract #3186,Indonesia,Anchor Group PT,Internal - Legal Dept.,Service level agreement reviewed annually,28-ก.ย.-2024,05-ต.ค.-2024,06-ธ.ค.-2026,Minji A.,Alternative vendors being benchmarked,Upcoming renewal,"$1,297,900"
2188,Legal,Compliance Advisory Agreement #3187,France,Zenith Systems SAS,Cascade Logistics SAS,"Multi-year framework agreement, reviewed yearly",30-ม.ค.-2026,30-ม.ค.-2026,14-ก.ค.-2027,Nathan K.,"Renewal quote received, under internal review",Renewed,"$338,200"
2189,Legal,Corporate Legal Advisory Retainer #3188,Thailand,"Falcon Solutions Co., Ltd.","Vertex Holdings Co., Ltd.",Renewal contingent on performance KPIs,16-มี.ค.-2025,16-มี.ค.-2025,15-มี.ค.-2028,Tanawat J.,Relationship manager reassigned this quarter,Renewed,"$479,000"
2190,Manufacturing Supply,Component Manufacturing Contract #3189,United Arab Emirates,Crest Systems LLC,Internal - Corporate Affairs,Service level agreement reviewed annually,28-เม.ย.-2023,28-เม.ย.-2023,18-พ.ย.-2026,Michael I.,Flagged for cost optimization review,Negotiation in progress,"$2,952,500"
2191,Consulting,Business Process Improvement Engagement #3190,Myanmar,"Zenith Holdings Co., Ltd.",Internal - Supply Chain,Volume discount tier applies above threshold spend,17-ธ.ค.-2022,24-ธ.ค.-2022,21-ก.ย.-2026,Piyawan A.,Scope extension being discussed with partner,Upcoming renewal,"$917,600"
2192,Telecommunications,Satellite Communication Contract #3191,Hong Kong,Atlas Ventures Ltd.,Bright Enterprises Ltd.,Pricing subject to annual CPI adjustment,10-ธ.ค.-2022,10-ธ.ค.-2022,02-พ.ค.-2025,Wanida L.,-,Expired/Not renewed,"$679,300"
2193,Waste Management,Waste Collection & Disposal Contract #3192,Cambodia,"Onyx Enterprises Co., Ltd.",Internal - Finance Dept.,"Multi-year framework agreement, reviewed yearly",26-ต.ค.-2022,09-พ.ย.-2022,11-ก.ค.-2026,Nattapong T.,Relationship manager reassigned this quarter,Expired/Not renewed,"$70,800"
2194,HR & Payroll,Employee Benefits Administration #3193,Malaysia,Vertex Innovations Sdn Bhd,Cascade Consulting Sdn Bhd,Pricing subject to annual CPI adjustment,09-ส.ค.-2022,16-ส.ค.-2022,08-ก.ค.-2024,Laura B.,-,Expired/Not renewed,"$272,900"
2195,Printing & Publishing,Annual Report Design & Print Contract #3194,Indonesia,Zenith Solutions PT,Internal - IT Dept.,Volume discount tier applies above threshold spend,10-เม.ย.-2023,10-เม.ย.-2023,13-ธ.ค.-2026,Emily F.,No issues reported this cycle,Upcoming renewal,"$174,900"
2196,Telecommunications,VoIP Services Agreement #3195,United States,Evergreen Industries Inc.,Internal - IT Security,-,16-พ.ค.-2025,16-พ.ค.-2025,17-ต.ค.-2026,Daniel B.,Relationship manager reassigned this quarter,Upcoming renewal,"$571,300"
2197,Financial Services,Corporate Banking Services Agreement #3196,Malaysia,Beacon Trading Sdn Bhd,Internal - Corporate Affairs,Exclusive regional distribution rights included,06-ธ.ค.-2022,20-ธ.ค.-2022,30-พ.ย.-2026,Carlos F.,No issues reported this cycle,Upcoming renewal,"$85,000"
2198,Insurance,Cargo Insurance Agreement #3197,Vietnam,Beacon Services JSC,Internal - Procurement,Exclusive regional distribution rights included,05-ม.ค.-2023,19-ม.ค.-2023,15-ก.ค.-2026,Budi H.,Budget approval pending for renewal,Expired/Not renewed,"$949,200"
2199,Printing & Publishing,Signage & Print Production Agreement #3198,United Arab Emirates,Sterling Services LLC,Bright Solutions LLC,Includes 24/7 support SLA with penalty clauses,10-ธ.ค.-2022,10-ธ.ค.-2022,26-ต.ค.-2025,Laura T.,Scope extension being discussed with partner,Expired/Not renewed,"$62,900"
2200,Software Licensing,CRM Platform Subscription Agreement #3199,Germany,Trident Technologies GmbH,Vertex Dynamics GmbH,"Multi-year framework agreement, reviewed yearly",25-ก.พ.-2024,25-ก.พ.-2024,06-ต.ค.-2026,Chloe K.,Legal review in progress before renewal,Upcoming renewal,"$142,100"
2201,Construction & Maintenance,Civil Works Contract #3200,Singapore,Unity Ventures Pte Ltd,Internal - Finance Dept.,Volume discount tier applies above threshold spend,22-ต.ค.-2022,05-พ.ย.-2022,21-ธ.ค.-2024,Hiroshi G.,Alternative vendors being benchmarked,Expired/Not renewed,"$1,810,900"
2202,Training & Development,Leadership Development Engagement #3201,China,"Apex Dynamics Co., Ltd.",Internal - IT Security,-,11-เม.ย.-2024,11-เม.ย.-2024,06-เม.ย.-2028,Daniel T.,"Renewal quote received, under internal review",Renewed,"$139,500"
2203,Logistics,Last-Mile Delivery Partnership #3202,United Kingdom,Delta Dynamics Ltd.,Internal - HR Dept.,Pricing subject to annual CPI adjustment,10-พ.ค.-2024,24-พ.ค.-2024,01-ธ.ค.-2027,Anucha R.,Relationship manager reassigned this quarter,Renewed,"$1,119,500"
2204,Travel & Events,Corporate Travel Management Agreement #3203,Singapore,Meridian Holdings Pte Ltd,Internal - Admin Dept.,Includes 24/7 support SLA with penalty clauses,06-เม.ย.-2025,06-เม.ย.-2025,01-ก.พ.-2027,Chloe I.,-,Negotiation in progress,"$393,000"
2205,Telecommunications,Internet Leased Line Contract #3204,France,Global Technologies SAS,Internal - IT Security,-,25-พ.ค.-2023,25-พ.ค.-2023,25-พ.ย.-2026,Nathan L.,Alternative vendors being benchmarked,Upcoming renewal,"$287,900"
2206,Fleet & Transportation,Vehicle Leasing Agreement #3205,Indonesia,Summit Industries PT,BlueSky Innovations PT,Volume discount tier applies above threshold spend,25-ส.ค.-2023,01-ก.ย.-2023,06-พ.ย.-2026,Laura P.,Scope extension being discussed with partner,Upcoming renewal,"$891,400"
2207,IT Services,Data Center Colocation Contract #3206,Thailand,"Onyx Services Co., Ltd.",Internal - E-commerce,Exclusive regional distribution rights included,03-ม.ค.-2025,03-ม.ค.-2025,20-ต.ค.-2026,Ahmed T.,-,Upcoming renewal,"$519,500"
2208,IT Services,Data Center Colocation Contract #3207,Cambodia,"Lumen Solutions Co., Ltd.","Bright Innovations Co., Ltd.",Includes quarterly business review meetings,27-มี.ค.-2025,27-มี.ค.-2025,21-พ.ค.-2027,Fatima N.,Scope extension being discussed with partner,Renewed,"$569,300"
2209,Software Licensing,Business Intelligence Platform License #3208,Australia,Quantum Partners Pty Ltd,Internal - Supply Chain,"Auto-renew clause, 60 days notice required",23-มิ.ย.-2021,30-มิ.ย.-2021,24-ธ.ค.-2024,Minji W.,-,Expired/Not renewed,"$2,453,700"
2210,Manufacturing Supply,Raw Material Supply Agreement #3209,Singapore,Prime Innovations Pte Ltd,Internal - HR Dept.,-,09-พ.ย.-2025,09-พ.ย.-2025,12-ม.ค.-2027,Minji H.,Relationship manager reassigned this quarter,Negotiation in progress,"$3,157,300"
2211,Insurance,Cyber Liability Insurance Policy #3210,India,Quantum Ventures Pvt. Ltd.,Internal - Marketing Dept.,Pricing subject to annual CPI adjustment,08-ธ.ค.-2021,08-ธ.ค.-2021,20-พ.ค.-2025,Sarah R.,Relationship manager reassigned this quarter,Expired/Not renewed,"$1,316,200"
2212,Insurance,Cyber Liability Insurance Policy #3211,Thailand,"Sterling Systems Co., Ltd.","Granite Networks Co., Ltd.",Service level agreement reviewed annually,11-ก.พ.-2023,11-ก.พ.-2023,29-พ.ย.-2026,Budi R.,Flagged for cost optimization review,Upcoming renewal,"$128,600"
2213,Financial Services,Audit & Assurance Engagement #3212,South Korea,"Meridian Systems Co., Ltd.",Internal - Procurement,Service level agreement reviewed annually,09-ธ.ค.-2024,09-ธ.ค.-2024,26-พ.ย.-2026,Aiko N.,Scope extension being discussed with partner,Negotiation in progress,"$644,000"
2214,Fleet & Transportation,Vehicle Leasing Agreement #3213,Cambodia,"Ivory Holdings Co., Ltd.",Internal - Corporate Affairs,"Auto-renew clause, 45 days notice required",31-พ.ค.-2025,31-พ.ค.-2025,07-ส.ค.-2027,Somchai O.,Legal review in progress before renewal,Renewed,"$602,400"
2215,Printing & Publishing,Corporate Printing Services Agreement #3214,China,"Falcon Networks Co., Ltd.",Internal - Finance Dept.,Pricing subject to annual CPI adjustment,27-ก.ย.-2023,04-ต.ค.-2023,19-พ.ย.-2026,Yuki I.,Flagged for cost optimization review,Upcoming renewal,"$6,400"
2216,Fleet & Transportation,Corporate Shuttle Service Contract #3215,South Korea,"Pinnacle Consulting Co., Ltd.","Vanguard Technologies Co., Ltd.",Includes 24/7 support SLA with penalty clauses,02-ส.ค.-2025,09-ส.ค.-2025,15-ก.พ.-2029,Ravi M.,Alternative vendors being benchmarked,Renewed,"$840,300"
2217,Software Licensing,CRM Platform Subscription Agreement #3216,China,"Crest Ventures Co., Ltd.",Internal - Supply Chain,Pricing subject to annual CPI adjustment,24-พ.ค.-2026,07-มิ.ย.-2026,19-มี.ค.-2028,Somchai R.,Vendor performance review scheduled,Renewed,"$1,321,500"
2218,Marketing,Media Buying Agreement #3217,United Arab Emirates,Orion Logistics LLC,Internal - Corporate Affairs,Includes 24/7 support SLA with penalty clauses,02-ก.พ.-2023,09-ก.พ.-2023,01-ธ.ค.-2026,Ploy R.,Legal review in progress before renewal,Upcoming renewal,"$896,500"
2219,Telecommunications,VoIP Services Agreement #3218,Indonesia,BlueSky Solutions PT,Internal - IT Security,Exclusive regional distribution rights included,28-ก.ค.-2022,28-ก.ค.-2022,11-มี.ค.-2026,Piyawan N.,-,Expired/Not renewed,"$458,800"
2220,Logistics,Warehouse Lease & Operation Agreement #3219,United Kingdom,Crest Partners Ltd.,Internal - HR Dept.,Volume discount tier applies above threshold spend,24-เม.ย.-2024,24-เม.ย.-2024,02-ต.ค.-2026,Piyawan H.,Scope extension being discussed with partner,Upcoming renewal,"$147,300"
2221,Fleet & Transportation,Fleet Maintenance Agreement #3220,South Korea,"Metro Solutions Co., Ltd.","Pacific Group Co., Ltd.",Renewal contingent on performance KPIs,10-ก.พ.-2024,24-ก.พ.-2024,17-ธ.ค.-2027,Hiroshi A.,Budget approval pending for renewal,Renewed,"$304,600"
2222,Financial Services,Corporate Banking Services Agreement #3221,Indonesia,Titan Trading PT,Internal - HR Dept.,Renewal contingent on performance KPIs,13-มิ.ย.-2023,13-มิ.ย.-2023,04-ม.ค.-2027,Laura C.,Budget approval pending for renewal,Negotiation in progress,"$366,000"
2223,Marketing,Brand Campaign Agreement #3222,France,Pinnacle Enterprises SAS,Beacon Consulting SAS,"Multi-year framework agreement, reviewed yearly",22-ม.ค.-2022,22-ม.ค.-2022,24-มิ.ย.-2025,Laura L.,No issues reported this cycle,Expired/Not renewed,"$598,200"
2224,Financial Services,Treasury Management Contract #3223,Taiwan,"Delta Systems Co., Ltd.",Internal - IT Security,-,01-ม.ค.-2023,15-ม.ค.-2023,22-ก.ย.-2024,Michael M.,Alternative vendors being benchmarked,Expired/Not renewed,"$626,300"
2225,Cleaning & Facility,Janitorial Services Agreement #3224,China,"Delta Technologies Co., Ltd.",Internal - HR Dept.,Pricing subject to annual CPI adjustment,28-ก.พ.-2022,28-ก.พ.-2022,01-ต.ค.-2024,Carlos M.,Relationship manager reassigned this quarter,Expired/Not renewed,"$156,700"
2226,Fleet & Transportation,Fleet Maintenance Agreement #3225,France,Quantum Networks SAS,Internal - Procurement,-,26-พ.ย.-2024,03-ธ.ค.-2024,28-ส.ค.-2026,Suchada C.,No issues reported this cycle,Expired/Not renewed,"$735,600"
2227,Construction & Maintenance,Civil Works Contract #3226,Indonesia,Global Enterprises PT,Internal - IT Security,Includes quarterly business review meetings,10-เม.ย.-2023,10-เม.ย.-2023,27-เม.ย.-2026,Wei D.,Alternative vendors being benchmarked,Expired/Not renewed,"$1,155,000"
2228,Security,Physical Security & Guard Services #3227,India,Cascade Networks Pvt. Ltd.,NorthStar Logistics Pvt. Ltd.,Pricing subject to annual CPI adjustment,04-ก.ค.-2025,18-ก.ค.-2025,12-พ.ย.-2027,Grace K.,Flagged for cost optimization review,Renewed,"$117,900"
2229,Cleaning & Facility,Janitorial Services Agreement #3228,India,Quantum Partners Pvt. Ltd.,Internal - Supply Chain,-,20-ธ.ค.-2022,20-ธ.ค.-2022,27-ก.ย.-2026,Anucha I.,Legal review in progress before renewal,Upcoming renewal,"$116,500"
2230,Marketing,Media Buying Agreement #3229,China,"BlueSky Logistics Co., Ltd.",Internal - Operations,"Auto-renew clause, 90 days notice required",28-พ.ค.-2024,04-มิ.ย.-2024,12-ก.ย.-2025,Priya G.,Scope extension being discussed with partner,Expired/Not renewed,"$266,400"
2231,HR & Payroll,Outsourced Payroll Processing Contract #3230,Philippines,Granite Logistics Inc.,Pinnacle Dynamics Inc.,-,19-ต.ค.-2024,19-ต.ค.-2024,07-ธ.ค.-2026,James I.,Relationship manager reassigned this quarter,Negotiation in progress,"$24,300"
2232,Travel & Events,Conference Venue Agreement #3231,Malaysia,Onyx Holdings Sdn Bhd,Internal - Supply Chain,Pricing subject to annual CPI adjustment,21-ส.ค.-2021,21-ส.ค.-2021,19-เม.ย.-2025,Sarah E.,Legal review in progress before renewal,Expired/Not renewed,"$200,900"
2233,Training & Development,E-Learning Platform License #3232,United Kingdom,Meridian Dynamics Ltd.,Internal - Supply Chain,Volume discount tier applies above threshold spend,07-ก.ค.-2025,07-ก.ค.-2025,10-ก.พ.-2027,David K.,Alternative vendors being benchmarked,Negotiation in progress,"$145,800"
2234,Manufacturing Supply,Component Manufacturing Contract #3233,Germany,Pacific Services GmbH,Metro Enterprises GmbH,Volume discount tier applies above threshold spend,15-ส.ค.-2025,15-ส.ค.-2025,26-พ.ค.-2027,Minji F.,Legal review in progress before renewal,Renewed,"$1,448,400"
2235,HR & Payroll,Employee Benefits Administration #3234,South Korea,"Pinnacle Logistics Co., Ltd.",Internal - Finance Dept.,-,15-เม.ย.-2023,15-เม.ย.-2023,05-พ.ค.-2025,Aiko J.,Vendor performance review scheduled,Expired/Not renewed,"$286,400"
2236,Real Estate & Leasing,Equipment Leasing Agreement #3235,Myanmar,"Apex Industries Co., Ltd.",Internal - Marketing Dept.,Pricing subject to annual CPI adjustment,21-เม.ย.-2023,05-พ.ค.-2023,12-ก.ย.-2025,Budi E.,Relationship manager reassigned this quarter,Expired/Not renewed,"$3,499,200"
2237,Marketing,Brand Campaign Agreement #3236,India,Evergreen Consulting Pvt. Ltd.,Horizon Networks Pvt. Ltd.,"Auto-renew clause, 15 days notice required",30-มิ.ย.-2021,30-มิ.ย.-2021,08-ก.ย.-2024,Aiko B.,Legal review in progress before renewal,Expired/Not renewed,"$546,300"
2238,Telecommunications,VoIP Services Agreement #3237,Japan,Vanguard Systems K.K.,Vanguard Systems K.K.,Service level agreement reviewed annually,10-มี.ค.-2021,24-มี.ค.-2021,27-ก.ค.-2024,Hiroshi G.,-,Expired/Not renewed,"$83,200"
2239,Logistics,Fleet Logistics Services Contract #3238,France,NorthStar Holdings SAS,Anchor Ventures SAS,Includes 24/7 support SLA with penalty clauses,07-ส.ค.-2025,21-ส.ค.-2025,25-พ.ย.-2026,Sarah K.,Budget approval pending for renewal,Upcoming renewal,"$1,629,300"
2240,Travel & Events,Corporate Travel Management Agreement #3239,Malaysia,Summit Enterprises Sdn Bhd,Internal - Supply Chain,Service level agreement reviewed annually,20-พ.ค.-2025,27-พ.ค.-2025,26-ก.ย.-2026,Piyawan A.,Flagged for cost optimization review,Upcoming renewal,"$92,600"
2241,Manufacturing Supply,Packaging Supply Contract #3240,United Arab Emirates,Anchor Services LLC,Internal - Supply Chain,"Multi-year framework agreement, reviewed yearly",15-มี.ค.-2024,22-มี.ค.-2024,14-ธ.ค.-2026,Budi P.,Legal review in progress before renewal,Upcoming renewal,"$2,651,500"
2242,Manufacturing Supply,Packaging Supply Contract #3241,Japan,Crown Holdings K.K.,Atlas Trading K.K.,Pricing subject to annual CPI adjustment,19-พ.ย.-2024,19-พ.ย.-2024,04-ม.ค.-2027,Arjun C.,Scope extension being discussed with partner,Negotiation in progress,"$572,200"
2243,Construction & Maintenance,Civil Works Contract #3242,Vietnam,Granite Trading JSC,Internal - Procurement,Exclusive regional distribution rights included,14-มี.ค.-2025,28-มี.ค.-2025,05-เม.ย.-2028,Grace T.,-,Renewed,"$831,600"
2244,HR & Payroll,HR Systems Implementation Contract #3243,South Korea,"Anchor Services Co., Ltd.",Internal - Corporate Affairs,Service level agreement reviewed annually,29-เม.ย.-2025,29-เม.ย.-2025,26-ต.ค.-2026,Minji R.,Budget approval pending for renewal,Negotiation in progress,"$232,100"
2245,Marketing,Influencer Partnership Contract #3244,China,"Bright Trading Co., Ltd.",Internal - Corporate Affairs,Includes quarterly business review meetings,01-มี.ค.-2024,08-มี.ค.-2024,25-พ.ย.-2027,Carlos O.,Legal review in progress before renewal,Renewed,"$383,600"
2246,Cleaning & Facility,Pest Control Services Agreement #3245,Germany,Nova Enterprises GmbH,Internal - Corporate Affairs,Service level agreement reviewed annually,09-ม.ค.-2025,09-ม.ค.-2025,22-พ.ย.-2026,Piyawan S.,-,Upcoming renewal,"$210,700"
2247,Real Estate & Leasing,Office Space Lease Agreement #3246,Japan,Orion Partners K.K.,Internal - IT Security,Includes quarterly business review meetings,09-ก.พ.-2027,09-ก.พ.-2027,16-เม.ย.-2028,Emily F.,Alternative vendors being benchmarked,Renewed,"$3,595,700"
2248,Cleaning & Facility,Facility Maintenance Contract #3247,Taiwan,"Unity Solutions Co., Ltd.",Internal - HR Dept.,Includes quarterly business review meetings,02-เม.ย.-2023,16-เม.ย.-2023,29-พ.ย.-2026,Carlos W.,Alternative vendors being benchmarked,Upcoming renewal,"$327,500"
2249,Training & Development,Corporate Training Program Agreement #3248,Myanmar,"Prime Logistics Co., Ltd.","Anchor Capital Co., Ltd.",Renewal contingent on performance KPIs,05-พ.ย.-2023,19-พ.ย.-2023,30-ธ.ค.-2026,Priya J.,Alternative vendors being benchmarked,Negotiation in progress,"$99,500"
2250,IT Services,IT Helpdesk & Support Contract #3249,Cambodia,"Nova Enterprises Co., Ltd.",Internal - E-commerce,Exclusive regional distribution rights included,08-มี.ค.-2026,08-มี.ค.-2026,12-มี.ค.-2028,Ahmed A.,No issues reported this cycle,Renewed,"$1,984,900"
2251,Travel & Events,Corporate Travel Management Agreement #3250,Philippines,Atlas Ventures Inc.,Internal - Legal Dept.,Includes quarterly business review meetings,19-ธ.ค.-2023,19-ธ.ค.-2023,13-ก.ย.-2027,Emily K.,Flagged for cost optimization review,Renewed,"$256,500"
2252,Real Estate & Leasing,Office Space Lease Agreement #3251,Philippines,Crest Logistics Inc.,Cascade Dynamics Inc.,"Auto-renew clause, 45 days notice required",20-มิ.ย.-2023,27-มิ.ย.-2023,24-พ.ย.-2026,Carlos H.,"Renewal quote received, under internal review",Negotiation in progress,"$2,018,900"
2253,Insurance,Cyber Liability Insurance Policy #3252,Myanmar,"Atlas Consulting Co., Ltd.",Internal - HR Dept.,-,20-ส.ค.-2021,03-ก.ย.-2021,02-ส.ค.-2025,Wei R.,Legal review in progress before renewal,Expired/Not renewed,"$1,434,900"
2254,Telecommunications,Corporate Mobile Plan Agreement #3253,Myanmar,"Unity Solutions Co., Ltd.","Trident Trading Co., Ltd.",Includes quarterly business review meetings,10-ธ.ค.-2026,10-ธ.ค.-2026,04-มิ.ย.-2028,Chloe W.,Flagged for cost optimization review,Renewed,"$473,700"
2255,Waste Management,Waste Collection & Disposal Contract #3254,South Korea,"Metro Group Co., Ltd.",Internal - E-commerce,Volume discount tier applies above threshold spend,09-เม.ย.-2025,16-เม.ย.-2025,16-ต.ค.-2027,Budi M.,Scope extension being discussed with partner,Renewed,"$132,000"
2256,Travel & Events,Conference Venue Agreement #3255,United Arab Emirates,Solace Industries LLC,Internal - Corporate Affairs,"Multi-year framework agreement, reviewed yearly",01-พ.ค.-2024,01-พ.ค.-2024,24-มี.ค.-2026,Somchai C.,Flagged for cost optimization review,Expired/Not renewed,"$39,900"
2257,Financial Services,Corporate Banking Services Agreement #3256,Philippines,Prime Solutions Inc.,Internal - Admin Dept.,"Multi-year framework agreement, reviewed yearly",24-มิ.ย.-2024,01-ก.ค.-2024,09-พ.ย.-2026,Yuki E.,Legal review in progress before renewal,Negotiation in progress,"$648,000"
2258,IT Services,Cloud Hosting Agreement #3257,Cambodia,"Onyx Holdings Co., Ltd.",Internal - Finance Dept.,Volume discount tier applies above threshold spend,10-ก.ค.-2023,17-ก.ค.-2023,06-ธ.ค.-2026,Aiko H.,No issues reported this cycle,Upcoming renewal,"$533,300"
2259,Financial Services,Audit & Assurance Engagement #3258,Myanmar,"Prime Industries Co., Ltd.",Internal - Finance Dept.,Volume discount tier applies above threshold spend,21-ส.ค.-2023,21-ส.ค.-2023,17-ก.ย.-2024,Michael M.,"Renewal quote received, under internal review",Expired/Not renewed,"$708,200"
2260,Training & Development,E-Learning Platform License #3259,United Kingdom,Bright Enterprises Ltd.,Evergreen Technologies Ltd.,Volume discount tier applies above threshold spend,04-ส.ค.-2020,11-ส.ค.-2020,21-มิ.ย.-2024,Sarah I.,Legal review in progress before renewal,Expired/Not renewed,"$43,000"
2261,Travel & Events,Corporate Travel Management Agreement #3260,India,Delta Group Pvt. Ltd.,Internal - IT Security,Includes quarterly business review meetings,14-ต.ค.-2022,14-ต.ค.-2022,09-ต.ค.-2026,Ravi A.,-,Upcoming renewal,"$363,400"
2262,Real Estate & Leasing,Retail Unit Lease Contract #3261,South Korea,"Ivory Solutions Co., Ltd.","Lumen Enterprises Co., Ltd.","Auto-renew clause, 15 days notice required",19-ก.ค.-2024,26-ก.ค.-2024,14-มี.ค.-2026,Budi F.,Budget approval pending for renewal,Expired/Not renewed,"$3,347,000"
2263,Real Estate & Leasing,Office Space Lease Agreement #3262,Japan,Evergreen Systems K.K.,Lumen Industries K.K.,"Auto-renew clause, 30 days notice required",08-มิ.ย.-2026,08-มิ.ย.-2026,01-พ.ค.-2028,Ahmed F.,"Renewal quote received, under internal review",Renewed,"$780,400"
2264,HR & Payroll,Employee Benefits Administration #3263,Malaysia,Pacific Networks Sdn Bhd,Internal - Supply Chain,Includes 24/7 support SLA with penalty clauses,18-พ.ค.-2022,18-พ.ค.-2022,31-ก.ค.-2024,Wei R.,"Renewal quote received, under internal review",Expired/Not renewed,"$357,900"
2265,Marketing,Creative & Branding Services #3264,United Kingdom,Anchor Capital Ltd.,Internal - HR Dept.,"Multi-year framework agreement, reviewed yearly",23-ส.ค.-2024,23-ส.ค.-2024,25-ส.ค.-2026,Daniel E.,Alternative vendors being benchmarked,Expired/Not renewed,"$104,300"
2266,Telecommunications,Internet Leased Line Contract #3265,Philippines,Delta Dynamics Inc.,Internal - IT Dept.,Pricing subject to annual CPI adjustment,10-ส.ค.-2026,17-ส.ค.-2026,04-ก.พ.-2028,Wei B.,-,Renewed,"$486,300"
2267,Insurance,Cargo Insurance Agreement #3266,Thailand,"Orion Enterprises Co., Ltd.",Internal - E-commerce,"Auto-renew clause, 90 days notice required",29-ต.ค.-2023,29-ต.ค.-2023,02-พ.ค.-2027,Wanida B.,Legal review in progress before renewal,Renewed,"$1,199,200"
2268,Printing & Publishing,Annual Report Design & Print Contract #3267,Australia,BlueSky Technologies Pty Ltd,Internal - Finance Dept.,Includes 24/7 support SLA with penalty clauses,31-ต.ค.-2022,07-พ.ย.-2022,03-เม.ย.-2025,Suchada H.,-,Expired/Not renewed,"$93,200"
2269,Waste Management,Recycling Services Agreement #3268,South Korea,"Prime Dynamics Co., Ltd.",Internal - IT Security,"Auto-renew clause, 15 days notice required",20-มี.ค.-2023,20-มี.ค.-2023,07-ม.ค.-2026,Piyawan K.,Relationship manager reassigned this quarter,Expired/Not renewed,"$218,200"
2270,Security,Access Control System Contract #3269,France,BlueSky Dynamics SAS,Internal - Finance Dept.,Service level agreement reviewed annually,12-ม.ค.-2025,26-ม.ค.-2025,24-ก.ย.-2026,James S.,Budget approval pending for renewal,Upcoming renewal,"$455,300"
2271,Legal,Litigation Support Contract #3270,Vietnam,BlueSky Consulting JSC,Unity Solutions JSC,Includes quarterly business review meetings,29-มี.ค.-2026,29-มี.ค.-2026,17-มิ.ย.-2027,Carlos M.,Alternative vendors being benchmarked,Renewed,"$32,200"
2272,Construction & Maintenance,Civil Works Contract #3271,Vietnam,Meridian Innovations JSC,Internal - Operations,Includes 24/7 support SLA with penalty clauses,05-ธ.ค.-2025,05-ธ.ค.-2025,16-ก.พ.-2029,Wanida C.,Alternative vendors being benchmarked,Renewed,"$1,093,000"
2273,Printing & Publishing,Corporate Printing Services Agreement #3272,Taiwan,"Vanguard Enterprises Co., Ltd.",Internal - Marketing Dept.,Renewal contingent on performance KPIs,20-ธ.ค.-2027,20-ธ.ค.-2027,08-ก.พ.-2029,Hiroshi B.,Scope extension being discussed with partner,Renewed,"$128,800"
2274,Waste Management,Recycling Services Agreement #3273,Hong Kong,Alliance Logistics Ltd.,Pacific Systems Ltd.,Volume discount tier applies above threshold spend,02-ธ.ค.-2021,09-ธ.ค.-2021,17-ก.ค.-2025,Daniel P.,Budget approval pending for renewal,Expired/Not renewed,"$130,700"
2275,Cleaning & Facility,Office Facility Management Contract #3274,China,"Pinnacle Ventures Co., Ltd.","Pacific Innovations Co., Ltd.",Includes 24/7 support SLA with penalty clauses,04-เม.ย.-2025,04-เม.ย.-2025,11-ก.พ.-2028,Emily D.,-,Renewed,"$326,900"
2276,Cleaning & Facility,Janitorial Services Agreement #3275,Indonesia,Silverline Solutions PT,Internal - Supply Chain,Pricing subject to annual CPI adjustment,23-มี.ค.-2024,30-มี.ค.-2024,17-ก.ย.-2027,Priya O.,Vendor performance review scheduled,Renewed,"$233,400"
2277,Logistics,Fleet Logistics Services Contract #3276,Myanmar,"Falcon Holdings Co., Ltd.",Internal - E-commerce,Service level agreement reviewed annually,12-เม.ย.-2023,12-เม.ย.-2023,27-ม.ค.-2027,Tanawat H.,No issues reported this cycle,Negotiation in progress,"$1,762,300"
2278,Consulting,Digital Transformation Consulting #3277,Japan,Bright Innovations K.K.,Prime Holdings K.K.,-,22-ต.ค.-2023,29-ต.ค.-2023,27-ม.ค.-2027,Nattapong W.,Legal review in progress before renewal,Negotiation in progress,"$266,700"
2279,Software Licensing,Business Intelligence Platform License #3278,India,Lumen Technologies Pvt. Ltd.,Internal - IT Security,"Multi-year framework agreement, reviewed yearly",12-ธ.ค.-2024,12-ธ.ค.-2024,24-ก.พ.-2028,Sarah T.,"Renewal quote received, under internal review",Renewed,"$414,300"
2280,Waste Management,Recycling Services Agreement #3279,Taiwan,"Zenith Dynamics Co., Ltd.",Internal - Legal Dept.,Exclusive regional distribution rights included,21-ก.ย.-2023,21-ก.ย.-2023,13-ม.ค.-2026,Sarah K.,-,Expired/Not renewed,"$269,500"
2281,Legal,Corporate Legal Advisory Retainer #3280,Germany,Delta Enterprises GmbH,Internal - IT Dept.,Pricing subject to annual CPI adjustment,05-ต.ค.-2024,05-ต.ค.-2024,10-พ.ย.-2026,Hiroshi E.,Alternative vendors being benchmarked,Upcoming renewal,"$531,100"
2282,Consulting,Strategy Advisory Retainer #3281,United Kingdom,BlueSky Capital Ltd.,Internal - Legal Dept.,Volume discount tier applies above threshold spend,03-ก.ค.-2025,03-ก.ค.-2025,19-ม.ค.-2028,Carlos L.,Scope extension being discussed with partner,Renewed,"$462,000"
2283,Telecommunications,VoIP Services Agreement #3282,India,NorthStar Consulting Pvt. Ltd.,Internal - Finance Dept.,Service level agreement reviewed annually,28-มี.ค.-2024,04-เม.ย.-2024,13-ก.พ.-2027,Hiroshi T.,Flagged for cost optimization review,Negotiation in progress,"$456,300"
2284,Waste Management,Waste Collection & Disposal Contract #3283,India,Evergreen Technologies Pvt. Ltd.,Internal - E-commerce,Includes 24/7 support SLA with penalty clauses,20-ม.ค.-2025,27-ม.ค.-2025,05-ต.ค.-2026,Yuki C.,Vendor performance review scheduled,Upcoming renewal,"$89,200"
2285,Telecommunications,Satellite Communication Contract #3284,United Kingdom,Titan Holdings Ltd.,Internal - E-commerce,-,07-ม.ค.-2025,07-ม.ค.-2025,30-ต.ค.-2027,Aiko I.,Flagged for cost optimization review,Renewed,"$463,200"
2286,Travel & Events,Corporate Travel Management Agreement #3285,United States,Pinnacle Group Inc.,Internal - IT Dept.,"Multi-year framework agreement, reviewed yearly",15-พ.ย.-2022,15-พ.ย.-2022,08-ธ.ค.-2025,Siti K.,Relationship manager reassigned this quarter,Expired/Not renewed,"$320,800"
2287,Fleet & Transportation,Fleet Maintenance Agreement #3286,Philippines,Metro Logistics Inc.,Internal - Finance Dept.,Volume discount tier applies above threshold spend,07-มิ.ย.-2025,07-มิ.ย.-2025,10-พ.ย.-2026,Wei I.,Legal review in progress before renewal,Negotiation in progress,"$657,300"
2288,Software Licensing,Business Intelligence Platform License #3287,India,Metro Innovations Pvt. Ltd.,Internal - IT Security,"Auto-renew clause, 60 days notice required",11-พ.ค.-2025,11-พ.ค.-2025,03-ต.ค.-2026,Wei J.,Alternative vendors being benchmarked,Negotiation in progress,"$1,904,900"
2289,Fleet & Transportation,Fleet Maintenance Agreement #3288,United Kingdom,Alliance Solutions Ltd.,Internal - Corporate Affairs,Volume discount tier applies above threshold spend,20-ก.ค.-2026,20-ก.ค.-2026,14-ก.พ.-2028,Daniel H.,Relationship manager reassigned this quarter,Renewed,"$723,100"
2290,Real Estate & Leasing,Retail Unit Lease Contract #3289,Singapore,Atlas Services Pte Ltd,Internal - Marketing Dept.,Pricing subject to annual CPI adjustment,26-ก.พ.-2025,26-ก.พ.-2025,23-ก.ย.-2026,Ravi C.,Vendor performance review scheduled,Negotiation in progress,"$4,506,900"
2291,Consulting,Business Process Improvement Engagement #3290,Vietnam,Zenith Logistics JSC,Internal - Operations,Service level agreement reviewed annually,28-ก.ค.-2023,11-ส.ค.-2023,09-ธ.ค.-2026,Aiko P.,Vendor performance review scheduled,Upcoming renewal,"$1,155,800"
2292,Logistics,Fleet Logistics Services Contract #3291,Taiwan,"Vanguard Consulting Co., Ltd.",Internal - Procurement,Includes 24/7 support SLA with penalty clauses,24-ต.ค.-2023,31-ต.ค.-2023,17-ม.ค.-2027,Arjun E.,Legal review in progress before renewal,Negotiation in progress,"$1,131,300"
2293,Security,Executive Protection Services #3292,Singapore,Summit Consulting Pte Ltd,Internal - Operations,Renewal contingent on performance KPIs,14-ต.ค.-2024,21-ต.ค.-2024,20-ม.ค.-2027,James I.,"Renewal quote received, under internal review",Negotiation in progress,"$97,200"
2294,Financial Services,Payment Gateway Services Agreement #3293,Cambodia,"Orion Holdings Co., Ltd.",Internal - Supply Chain,-,08-เม.ย.-2026,15-เม.ย.-2026,24-มิ.ย.-2028,Siti K.,Vendor performance review scheduled,Renewed,"$711,300"
2295,Fleet & Transportation,Fleet Maintenance Agreement #3294,South Korea,"Prime Services Co., Ltd.",Internal - Finance Dept.,Includes 24/7 support SLA with penalty clauses,20-ส.ค.-2024,27-ส.ค.-2024,03-พ.ย.-2027,Tanawat W.,"Renewal quote received, under internal review",Renewed,"$402,400"
2296,Logistics,Fleet Logistics Services Contract #3295,United States,Radiant Enterprises Inc.,Internal - Procurement,"Multi-year framework agreement, reviewed yearly",29-มิ.ย.-2024,13-ก.ค.-2024,26-ต.ค.-2026,Kanokwan K.,Alternative vendors being benchmarked,Upcoming renewal,"$147,400"
2297,IT Services,Managed IT Services Agreement #3296,Indonesia,Ivory Trading PT,Zenith Ventures PT,Exclusive regional distribution rights included,07-ก.ค.-2025,14-ก.ค.-2025,03-เม.ย.-2028,Somchai W.,Relationship manager reassigned this quarter,Renewed,"$2,275,400"
2298,Construction & Maintenance,Elevator Maintenance Contract #3297,Vietnam,BlueSky Consulting JSC,Internal - E-commerce,Includes quarterly business review meetings,23-ส.ค.-2023,23-ส.ค.-2023,08-ต.ค.-2026,James M.,Flagged for cost optimization review,Upcoming renewal,"$1,681,000"
2299,IT Services,Data Center Colocation Contract #3298,Indonesia,Cascade Trading PT,Internal - IT Dept.,Service level agreement reviewed annually,19-พ.ย.-2024,19-พ.ย.-2024,27-ก.พ.-2028,Ahmed W.,Scope extension being discussed with partner,Renewed,"$661,800"
2300,Travel & Events,Conference Venue Agreement #3299,France,Radiant Services SAS,Internal - Finance Dept.,Includes quarterly business review meetings,12-มี.ค.-2022,12-มี.ค.-2022,06-ต.ค.-2025,Daniel L.,Budget approval pending for renewal,Expired/Not renewed,"$199,500"
2301,Cleaning & Facility,Facility Maintenance Contract #3300,Australia,Meridian Holdings Pty Ltd,Internal - Supply Chain,Pricing subject to annual CPI adjustment,05-ม.ค.-2023,05-ม.ค.-2023,19-เม.ย.-2024,Daniel O.,Vendor performance review scheduled,Expired/Not renewed,"$234,300"
2302,Travel & Events,Event Management Services Contract #3301,Cambodia,"Evergreen Systems Co., Ltd.",Internal - HR Dept.,-,10-ต.ค.-2021,10-ต.ค.-2021,22-ก.ค.-2025,Wei G.,No issues reported this cycle,Expired/Not renewed,"$274,700"
2303,Logistics,Freight Forwarding Contract #3302,Indonesia,Summit Industries PT,Bright Systems PT,Volume discount tier applies above threshold spend,24-เม.ย.-2025,24-เม.ย.-2025,24-ต.ค.-2026,Ravi A.,Legal review in progress before renewal,Upcoming renewal,"$1,048,100"
2304,Cleaning & Facility,Janitorial Services Agreement #3303,Germany,Pinnacle Services GmbH,Internal - Supply Chain,Pricing subject to annual CPI adjustment,06-ก.พ.-2024,13-ก.พ.-2024,27-ต.ค.-2027,Laura C.,No issues reported this cycle,Renewed,"$249,800"
2305,Insurance,Property & Casualty Insurance Contract #3304,Germany,Meridian Technologies GmbH,Internal - HR Dept.,"Multi-year framework agreement, reviewed yearly",21-ม.ค.-2025,21-ม.ค.-2025,05-พ.ย.-2026,Nattapong I.,Legal review in progress before renewal,Upcoming renewal,"$614,900"
2306,Manufacturing Supply,Packaging Supply Contract #3305,Vietnam,Meridian Capital JSC,Internal - E-commerce,"Multi-year framework agreement, reviewed yearly",22-ส.ค.-2023,22-ส.ค.-2023,13-ต.ค.-2026,Carlos O.,Flagged for cost optimization review,Upcoming renewal,"$3,986,700"
2307,Logistics,Freight Forwarding Contract #3306,India,Pacific Consulting Pvt. Ltd.,Internal - HR Dept.,Pricing subject to annual CPI adjustment,22-เม.ย.-2022,22-เม.ย.-2022,07-ส.ค.-2024,Sarah G.,Legal review in progress before renewal,Expired/Not renewed,"$933,100"
2308,Marketing,Digital Marketing Retainer #3307,Hong Kong,Nova Industries Ltd.,Internal - HR Dept.,Renewal contingent on performance KPIs,29-เม.ย.-2026,29-เม.ย.-2026,24-ต.ค.-2027,Aiko A.,-,Renewed,"$434,700"
2309,Security,CCTV Monitoring Agreement #3308,Vietnam,Apex Industries JSC,Emerald Networks JSC,Pricing subject to annual CPI adjustment,27-มิ.ย.-2025,04-ก.ค.-2025,03-มิ.ย.-2028,Siti O.,Legal review in progress before renewal,Renewed,"$198,100"
2310,Construction & Maintenance,Building Renovation Contract #3309,Myanmar,"Summit Enterprises Co., Ltd.",Internal - E-commerce,-,13-มี.ค.-2025,13-มี.ค.-2025,19-ต.ค.-2026,Laura I.,No issues reported this cycle,Negotiation in progress,"$300,900"
2311,Construction & Maintenance,HVAC Maintenance Agreement #3310,United States,Silverline Industries Inc.,Lumen Partners Inc.,Volume discount tier applies above threshold spend,02-พ.ค.-2025,02-พ.ค.-2025,27-มิ.ย.-2027,Sarah G.,Flagged for cost optimization review,Renewed,"$1,365,500"
2312,Construction & Maintenance,Elevator Maintenance Contract #3311,Australia,Prime Dynamics Pty Ltd,Internal - HR Dept.,Volume discount tier applies above threshold spend,09-ต.ค.-2025,16-ต.ค.-2025,14-พ.ย.-2026,Nattapong N.,"Renewal quote received, under internal review",Upcoming renewal,"$894,000"
2313,Insurance,Cyber Liability Insurance Policy #3312,India,Granite Innovations Pvt. Ltd.,Internal - Marketing Dept.,-,07-มี.ค.-2022,07-มี.ค.-2022,10-ส.ค.-2024,Arjun S.,Scope extension being discussed with partner,Expired/Not renewed,"$696,200"
2314,Logistics,Last-Mile Delivery Partnership #3313,Philippines,Radiant Technologies Inc.,Internal - Corporate Affairs,Pricing subject to annual CPI adjustment,11-พ.ย.-2024,11-พ.ย.-2024,29-ก.ย.-2026,Tanawat F.,No issues reported this cycle,Negotiation in progress,"$1,345,900"
2315,Consulting,Strategy Advisory Retainer #3314,France,Beacon Group SAS,Internal - E-commerce,-,04-ส.ค.-2023,18-ส.ค.-2023,06-ก.พ.-2025,Hiroshi R.,No issues reported this cycle,Expired/Not renewed,"$817,100"
2316,Financial Services,Payment Gateway Services Agreement #3315,Vietnam,Atlas Services JSC,Internal - Marketing Dept.,Pricing subject to annual CPI adjustment,21-พ.ค.-2025,28-พ.ค.-2025,29-ม.ค.-2028,Michael M.,Scope extension being discussed with partner,Renewed,"$273,900"
2317,Fleet & Transportation,Vehicle Leasing Agreement #3316,Thailand,"Prime Systems Co., Ltd.",Internal - Supply Chain,Pricing subject to annual CPI adjustment,22-เม.ย.-2020,29-เม.ย.-2020,10-เม.ย.-2024,Priya E.,Legal review in progress before renewal,Expired/Not renewed,"$456,100"
2318,Travel & Events,Conference Venue Agreement #3317,Thailand,"Meridian Capital Co., Ltd.",Internal - Finance Dept.,-,14-ก.ย.-2023,21-ก.ย.-2023,29-ต.ค.-2026,Ahmed B.,Alternative vendors being benchmarked,Upcoming renewal,"$376,200"
2319,Travel & Events,Corporate Travel Management Agreement #3318,Indonesia,Bright Logistics PT,Granite Solutions PT,Exclusive regional distribution rights included,28-ก.ค.-2023,28-ก.ค.-2023,07-พ.ค.-2027,Priya C.,Scope extension being discussed with partner,Renewed,"$115,200"
2320,Legal,Regulatory Filing Services #3319,Germany,Pacific Industries GmbH,Global Innovations GmbH,Service level agreement reviewed annually,06-ธ.ค.-2023,13-ธ.ค.-2023,28-พ.ย.-2026,James C.,Budget approval pending for renewal,Negotiation in progress,"$204,300"
2321,Insurance,Cyber Liability Insurance Policy #3320,Philippines,Granite Enterprises Inc.,Onyx Ventures Inc.,Exclusive regional distribution rights included,15-มิ.ย.-2023,22-มิ.ย.-2023,05-ต.ค.-2024,Laura C.,Flagged for cost optimization review,Expired/Not renewed,"$1,363,700"
2322,Marketing,Influencer Partnership Contract #3321,United States,Falcon Dynamics Inc.,Internal - Supply Chain,Includes quarterly business review meetings,04-ก.ค.-2023,18-ก.ค.-2023,13-พ.ย.-2026,Daniel N.,No issues reported this cycle,Upcoming renewal,"$887,500"
2323,HR & Payroll,Outsourced Payroll Processing Contract #3322,Germany,Metro Ventures GmbH,Internal - IT Security,Volume discount tier applies above threshold spend,07-ก.พ.-2024,14-ก.พ.-2024,15-ต.ค.-2025,Laura T.,Scope extension being discussed with partner,Expired/Not renewed,"$59,900"
2324,Fleet & Transportation,Corporate Shuttle Service Contract #3323,Australia,Zenith Enterprises Pty Ltd,Internal - Operations,Volume discount tier applies above threshold spend,06-ส.ค.-2023,06-ส.ค.-2023,10-พ.ย.-2026,Wanida R.,Alternative vendors being benchmarked,Upcoming renewal,"$542,200"
2325,Fleet & Transportation,Corporate Shuttle Service Contract #3324,France,Nova Ventures SAS,Internal - E-commerce,Exclusive regional distribution rights included,16-ธ.ค.-2021,16-ธ.ค.-2021,31-มี.ค.-2025,Tanawat T.,-,Expired/Not renewed,"$95,000"
2326,Financial Services,Audit & Assurance Engagement #3325,Philippines,Emerald Logistics Inc.,Internal - Admin Dept.,"Multi-year framework agreement, reviewed yearly",06-ธ.ค.-2022,13-ธ.ค.-2022,21-พ.ค.-2024,Aiko F.,"Renewal quote received, under internal review",Expired/Not renewed,"$272,900"
2327,Cleaning & Facility,Office Facility Management Contract #3326,United Arab Emirates,Titan Ventures LLC,Internal - Procurement,Exclusive regional distribution rights included,02-เม.ย.-2025,16-เม.ย.-2025,18-ต.ค.-2026,Budi P.,Relationship manager reassigned this quarter,Negotiation in progress,"$290,700"
2328,IT Services,Cloud Hosting Agreement #3327,Hong Kong,Orion Trading Ltd.,Internal - HR Dept.,Includes 24/7 support SLA with penalty clauses,30-พ.ค.-2023,30-พ.ค.-2023,22-ก.ย.-2026,Daniel E.,Budget approval pending for renewal,Upcoming renewal,"$922,900"
2329,Travel & Events,Corporate Travel Management Agreement #3328,France,Orion Ventures SAS,Internal - Operations,Service level agreement reviewed annually,12-ต.ค.-2025,12-ต.ค.-2025,29-ต.ค.-2026,Priya C.,Scope extension being discussed with partner,Upcoming renewal,"$94,700"
2330,IT Services,Network Infrastructure Services #3329,Japan,Vertex Technologies K.K.,Evergreen Dynamics K.K.,Exclusive regional distribution rights included,15-มิ.ย.-2026,15-มิ.ย.-2026,01-มี.ค.-2028,Nathan G.,"Renewal quote received, under internal review",Renewed,"$1,984,700"
2331,Waste Management,Hazardous Waste Management Contract #3330,Hong Kong,NorthStar Solutions Ltd.,Lumen Solutions Ltd.,"Multi-year framework agreement, reviewed yearly",26-มี.ค.-2025,26-มี.ค.-2025,04-ม.ค.-2027,Chloe T.,"Renewal quote received, under internal review",Negotiation in progress,"$173,000"
2332,Legal,Corporate Legal Advisory Retainer #3331,Philippines,Granite Consulting Inc.,Internal - Corporate Affairs,-,21-ม.ค.-2026,28-ม.ค.-2026,10-พ.ค.-2028,Fatima M.,Relationship manager reassigned this quarter,Renewed,"$395,800"
2333,Security,Executive Protection Services #3332,Hong Kong,Meridian Industries Ltd.,Internal - Supply Chain,-,14-ส.ค.-2025,14-ส.ค.-2025,22-พ.ย.-2026,Laura A.,-,Upcoming renewal,"$338,900"
2334,HR & Payroll,Recruitment Services Agreement #3333,United Arab Emirates,Orion Enterprises LLC,Internal - Procurement,Includes 24/7 support SLA with penalty clauses,21-พ.ย.-2023,21-พ.ย.-2023,23-ต.ค.-2026,Kanokwan G.,Alternative vendors being benchmarked,Upcoming renewal,"$340,500"
2335,Training & Development,Corporate Training Program Agreement #3334,Malaysia,Radiant Services Sdn Bhd,Internal - Procurement,Service level agreement reviewed annually,02-มี.ค.-2027,09-มี.ค.-2027,12-ก.ค.-2028,Suchada L.,Budget approval pending for renewal,Renewed,"$239,000"
2336,Cleaning & Facility,Facility Maintenance Contract #3335,India,Trident Technologies Pvt. Ltd.,Solace Consulting Pvt. Ltd.,"Auto-renew clause, 15 days notice required",13-ก.พ.-2022,27-ก.พ.-2022,01-ม.ค.-2026,Wei W.,Budget approval pending for renewal,Expired/Not renewed,"$315,800"
2337,Legal,Compliance Advisory Agreement #3336,China,"Radiant Dynamics Co., Ltd.",Internal - HR Dept.,Pricing subject to annual CPI adjustment,29-มิ.ย.-2023,29-มิ.ย.-2023,12-ต.ค.-2026,Anucha H.,Flagged for cost optimization review,Negotiation in progress,"$272,700"
2338,Security,Physical Security & Guard Services #3337,Indonesia,Atlas Group PT,Sterling Systems PT,Includes quarterly business review meetings,30-มี.ค.-2024,30-มี.ค.-2024,27-พ.ย.-2026,James T.,Relationship manager reassigned this quarter,Negotiation in progress,"$340,400"
2339,Travel & Events,Event Management Services Contract #3338,Germany,Vanguard Consulting GmbH,Metro Networks GmbH,Exclusive regional distribution rights included,25-ม.ค.-2025,25-ม.ค.-2025,29-ก.ค.-2026,Laura A.,Flagged for cost optimization review,Expired/Not renewed,"$241,800"
2340,Consulting,Change Management Engagement #3339,Indonesia,Silverline Trading PT,Radiant Enterprises PT,"Auto-renew clause, 60 days notice required",26-ก.ค.-2026,26-ก.ค.-2026,20-ม.ค.-2028,Somchai D.,Alternative vendors being benchmarked,Renewed,"$779,100"
2341,Legal,Regulatory Filing Services #3340,Taiwan,"Sterling Industries Co., Ltd.",Internal - Procurement,"Auto-renew clause, 30 days notice required",11-ก.พ.-2025,11-ก.พ.-2025,16-พ.ย.-2026,Ploy S.,Scope extension being discussed with partner,Upcoming renewal,"$406,300"
2342,Waste Management,Hazardous Waste Management Contract #3341,Taiwan,"Pacific Consulting Co., Ltd.",Internal - Corporate Affairs,"Auto-renew clause, 30 days notice required",21-มี.ค.-2023,28-มี.ค.-2023,20-มิ.ย.-2025,Chloe M.,Relationship manager reassigned this quarter,Expired/Not renewed,"$57,500"
2343,HR & Payroll,Employee Benefits Administration #3342,India,Unity Capital Pvt. Ltd.,Internal - HR Dept.,"Auto-renew clause, 45 days notice required",05-พ.ค.-2025,19-พ.ค.-2025,11-ธ.ค.-2026,Daniel P.,Alternative vendors being benchmarked,Upcoming renewal,"$257,100"
2344,Construction & Maintenance,Civil Works Contract #3343,United Arab Emirates,Titan Enterprises LLC,Internal - Finance Dept.,Exclusive regional distribution rights included,14-พ.ย.-2024,28-พ.ย.-2024,14-ม.ค.-2027,Piyawan K.,No issues reported this cycle,Negotiation in progress,"$506,900"
2345,IT Services,IT Helpdesk & Support Contract #3344,Cambodia,"Bright Systems Co., Ltd.","Onyx Innovations Co., Ltd.",Service level agreement reviewed annually,22-มี.ค.-2025,05-เม.ย.-2025,30-ส.ค.-2028,Suchada L.,Scope extension being discussed with partner,Renewed,"$381,300"
2346,Legal,IP & Trademark Registration Services #3345,Indonesia,Radiant Holdings PT,Internal - HR Dept.,-,21-ส.ค.-2020,21-ส.ค.-2020,27-มิ.ย.-2024,Michael I.,Flagged for cost optimization review,Expired/Not renewed,"$416,600"
2347,Logistics,Last-Mile Delivery Partnership #3346,India,Global Consulting Pvt. Ltd.,Atlas Group Pvt. Ltd.,Renewal contingent on performance KPIs,09-มิ.ย.-2025,09-มิ.ย.-2025,30-ก.ย.-2026,Siti A.,Budget approval pending for renewal,Upcoming renewal,"$838,800"
2348,Telecommunications,Satellite Communication Contract #3347,United Kingdom,Anchor Industries Ltd.,Internal - Procurement,"Auto-renew clause, 90 days notice required",21-มี.ค.-2022,04-เม.ย.-2022,22-ก.ค.-2024,Arjun H.,No issues reported this cycle,Expired/Not renewed,"$452,600"
2349,Telecommunications,Satellite Communication Contract #3348,Malaysia,Silverline Group Sdn Bhd,Internal - Supply Chain,Pricing subject to annual CPI adjustment,17-ม.ค.-2026,17-ม.ค.-2026,28-ส.ค.-2027,Ploy C.,Vendor performance review scheduled,Renewed,"$672,200"
2350,Waste Management,Waste Collection & Disposal Contract #3349,China,"Evergreen Trading Co., Ltd.",Internal - Marketing Dept.,Service level agreement reviewed annually,21-เม.ย.-2022,21-เม.ย.-2022,25-ธ.ค.-2024,Piyawan G.,Legal review in progress before renewal,Expired/Not renewed,"$177,600"
2351,Marketing,Media Buying Agreement #3350,Philippines,Sterling Dynamics Inc.,Internal - Procurement,Includes 24/7 support SLA with penalty clauses,10-พ.ย.-2023,24-พ.ย.-2023,12-เม.ย.-2026,Piyawan H.,Relationship manager reassigned this quarter,Expired/Not renewed,"$497,200"
2352,Software Licensing,Enterprise Software License (ERP) #3351,Germany,Apex Ventures GmbH,Ivory Services GmbH,Includes 24/7 support SLA with penalty clauses,14-ก.พ.-2023,28-ก.พ.-2023,18-ต.ค.-2026,Carlos J.,Legal review in progress before renewal,Upcoming renewal,"$673,200"
2353,Consulting,Strategy Advisory Retainer #3352,Thailand,"Ivory Group Co., Ltd.",Internal - HR Dept.,Exclusive regional distribution rights included,10-ก.ค.-2025,10-ก.ค.-2025,11-ม.ค.-2029,Wei T.,Flagged for cost optimization review,Renewed,"$249,200"
2354,Security,Physical Security & Guard Services #3353,Thailand,"Crest Group Co., Ltd.",Internal - Operations,"Auto-renew clause, 45 days notice required",04-พ.ค.-2025,11-พ.ค.-2025,17-ต.ค.-2026,Michael D.,Relationship manager reassigned this quarter,Negotiation in progress,"$262,000"
2355,Training & Development,Leadership Development Engagement #3354,United Kingdom,Anchor Innovations Ltd.,Internal - Legal Dept.,Includes 24/7 support SLA with penalty clauses,04-ส.ค.-2024,18-ส.ค.-2024,03-ก.ค.-2026,James B.,Relationship manager reassigned this quarter,Expired/Not renewed,"$291,300"
2356,Telecommunications,Internet Leased Line Contract #3355,Singapore,Falcon Capital Pte Ltd,Internal - Legal Dept.,Volume discount tier applies above threshold spend,04-พ.ย.-2024,11-พ.ย.-2024,25-เม.ย.-2028,Somchai G.,Vendor performance review scheduled,Renewed,"$380,300"
2357,Telecommunications,Satellite Communication Contract #3356,Myanmar,"Crest Holdings Co., Ltd.",Internal - Supply Chain,Pricing subject to annual CPI adjustment,16-ก.ค.-2022,23-ก.ค.-2022,17-พ.ย.-2025,Wanida G.,Legal review in progress before renewal,Expired/Not renewed,"$664,700"
2358,Construction & Maintenance,Elevator Maintenance Contract #3357,South Korea,"Anchor Trading Co., Ltd.","Falcon Dynamics Co., Ltd.",-,12-พ.ค.-2026,19-พ.ค.-2026,28-ก.พ.-2028,Priya R.,-,Renewed,"$1,318,000"
2359,Legal,Compliance Advisory Agreement #3358,Hong Kong,Orion Group Ltd.,Pacific Group Ltd.,Volume discount tier applies above threshold spend,14-ก.พ.-2022,28-ก.พ.-2022,17-มิ.ย.-2024,Chloe P.,Relationship manager reassigned this quarter,Expired/Not renewed,"$520,800"
2360,Manufacturing Supply,Packaging Supply Contract #3359,India,Zenith Innovations Pvt. Ltd.,Orion Logistics Pvt. Ltd.,"Multi-year framework agreement, reviewed yearly",30-มิ.ย.-2026,30-มิ.ย.-2026,01-ก.ย.-2028,Somchai W.,Alternative vendors being benchmarked,Renewed,"$3,452,000"
2361,Construction & Maintenance,Building Renovation Contract #3360,Singapore,Evergreen Innovations Pte Ltd,Internal - HR Dept.,"Multi-year framework agreement, reviewed yearly",09-ก.พ.-2025,09-ก.พ.-2025,21-มี.ค.-2028,Sarah J.,No issues reported this cycle,Renewed,"$1,384,100"
2362,Cleaning & Facility,Pest Control Services Agreement #3361,South Korea,"Nova Trading Co., Ltd.",Internal - Supply Chain,Service level agreement reviewed annually,02-มี.ค.-2023,16-มี.ค.-2023,03-พ.ย.-2026,Suchada K.,Scope extension being discussed with partner,Upcoming renewal,"$329,100"
2363,Waste Management,Recycling Services Agreement #3362,Taiwan,"Global Enterprises Co., Ltd.","Cascade Partners Co., Ltd.",Renewal contingent on performance KPIs,21-ก.ย.-2023,21-ก.ย.-2023,27-พ.ย.-2026,Anucha M.,No issues reported this cycle,Upcoming renewal,"$217,400"
2364,Training & Development,Leadership Development Engagement #3363,China,"Crest Networks Co., Ltd.","Evergreen Enterprises Co., Ltd.",Includes 24/7 support SLA with penalty clauses,07-มี.ค.-2024,07-มี.ค.-2024,10-ก.พ.-2027,Tanawat A.,Alternative vendors being benchmarked,Negotiation in progress,"$146,200"
2365,Printing & Publishing,Corporate Printing Services Agreement #3364,Malaysia,Pinnacle Enterprises Sdn Bhd,Trident Partners Sdn Bhd,"Auto-renew clause, 60 days notice required",09-ก.ย.-2022,09-ก.ย.-2022,02-ก.ย.-2024,Minji C.,Vendor performance review scheduled,Expired/Not renewed,"$32,200"
2366,Financial Services,Payment Gateway Services Agreement #3365,South Korea,"Radiant Systems Co., Ltd.","Pacific Capital Co., Ltd.",Renewal contingent on performance KPIs,05-พ.ย.-2024,05-พ.ย.-2024,07-ต.ค.-2026,Minji K.,"Renewal quote received, under internal review",Negotiation in progress,"$552,600"
2367,Telecommunications,Corporate Mobile Plan Agreement #3366,Thailand,"Summit Industries Co., Ltd.",Internal - Admin Dept.,Includes quarterly business review meetings,20-ต.ค.-2024,20-ต.ค.-2024,18-มิ.ย.-2028,Carlos F.,-,Renewed,"$241,900"
2368,Insurance,Cyber Liability Insurance Policy #3367,France,Radiant Ventures SAS,Internal - Marketing Dept.,Service level agreement reviewed annually,20-ก.ย.-2023,20-ก.ย.-2023,09-ต.ค.-2026,Chloe E.,Alternative vendors being benchmarked,Upcoming renewal,"$801,000"
2369,Waste Management,Recycling Services Agreement #3368,Australia,Atlas Technologies Pty Ltd,Silverline Technologies Pty Ltd,Service level agreement reviewed annually,29-ก.ย.-2026,29-ก.ย.-2026,21-ก.ย.-2028,Nathan B.,Flagged for cost optimization review,Renewed,"$15,900"
2370,Training & Development,Corporate Training Program Agreement #3369,Philippines,Ivory Technologies Inc.,Internal - IT Security,Includes quarterly business review meetings,04-มิ.ย.-2024,04-มิ.ย.-2024,16-ต.ค.-2026,Grace G.,-,Upcoming renewal,"$257,100"
2371,Legal,Corporate Legal Advisory Retainer #3370,United Arab Emirates,BlueSky Ventures LLC,NorthStar Capital LLC,Includes quarterly business review meetings,09-ส.ค.-2025,23-ส.ค.-2025,22-พ.ค.-2028,Sarah G.,Legal review in progress before renewal,Renewed,"$43,700"
2372,Fleet & Transportation,Fleet Maintenance Agreement #3371,Vietnam,Horizon Networks JSC,Metro Systems JSC,"Multi-year framework agreement, reviewed yearly",12-มิ.ย.-2025,12-มิ.ย.-2025,15-ต.ค.-2026,David B.,Alternative vendors being benchmarked,Negotiation in progress,"$361,600"
2373,Security,Executive Protection Services #3372,Indonesia,Ivory Systems PT,Internal - Supply Chain,Exclusive regional distribution rights included,19-เม.ย.-2022,26-เม.ย.-2022,04-มี.ค.-2025,Wanida J.,Vendor performance review scheduled,Expired/Not renewed,"$313,400"
2374,Fleet & Transportation,Corporate Shuttle Service Contract #3373,United States,Meridian Group Inc.,Internal - E-commerce,Exclusive regional distribution rights included,16-ส.ค.-2025,16-ส.ค.-2025,13-พ.ย.-2026,Chloe C.,Legal review in progress before renewal,Upcoming renewal,"$180,700"
2375,Manufacturing Supply,OEM Production Agreement #3374,Cambodia,"Prime Group Co., Ltd.",Internal - Corporate Affairs,Service level agreement reviewed annually,23-เม.ย.-2023,30-เม.ย.-2023,01-ธ.ค.-2024,Carlos R.,Legal review in progress before renewal,Expired/Not renewed,"$3,575,700"
2376,Marketing,Media Buying Agreement #3375,Thailand,"Zenith Ventures Co., Ltd.",Internal - E-commerce,"Auto-renew clause, 30 days notice required",22-มี.ค.-2024,22-มี.ค.-2024,18-ม.ค.-2026,Arjun K.,Legal review in progress before renewal,Expired/Not renewed,"$398,900"
2377,Cleaning & Facility,Facility Maintenance Contract #3376,Japan,Ivory Enterprises K.K.,Internal - Procurement,-,22-ส.ค.-2025,29-ส.ค.-2025,29-ก.ย.-2026,Somchai O.,Budget approval pending for renewal,Upcoming renewal,"$267,000"
2378,IT Services,Managed IT Services Agreement #3377,Philippines,Metro Solutions Inc.,Prime Networks Inc.,Volume discount tier applies above threshold spend,24-ส.ค.-2024,24-ส.ค.-2024,16-ธ.ค.-2026,Ravi D.,"Renewal quote received, under internal review",Negotiation in progress,"$1,670,100"
2379,Telecommunications,Corporate Mobile Plan Agreement #3378,France,Pinnacle Services SAS,Internal - Procurement,-,12-มี.ค.-2023,12-มี.ค.-2023,13-ก.พ.-2025,Wei T.,Vendor performance review scheduled,Expired/Not renewed,"$532,500"
2380,IT Services,IT Helpdesk & Support Contract #3379,Philippines,Granite Consulting Inc.,Internal - IT Security,Includes 24/7 support SLA with penalty clauses,06-มี.ค.-2026,06-มี.ค.-2026,28-ก.พ.-2029,Suchada R.,Flagged for cost optimization review,Renewed,"$347,800"
2381,IT Services,Network Infrastructure Services #3380,Malaysia,BlueSky Networks Sdn Bhd,Internal - Legal Dept.,-,21-ม.ค.-2023,21-ม.ค.-2023,01-พ.ค.-2025,Piyawan K.,Scope extension being discussed with partner,Expired/Not renewed,"$754,100"
2382,Real Estate & Leasing,Office Space Lease Agreement #3381,India,Metro Logistics Pvt. Ltd.,Internal - Procurement,Service level agreement reviewed annually,01-ม.ค.-2024,01-ม.ค.-2024,23-ก.ย.-2027,Yuki B.,Flagged for cost optimization review,Renewed,"$3,021,800"
2383,HR & Payroll,Recruitment Services Agreement #3382,Hong Kong,Titan Technologies Ltd.,Internal - IT Security,Renewal contingent on performance KPIs,18-พ.ค.-2024,18-พ.ค.-2024,13-พ.ย.-2026,Tanawat M.,Flagged for cost optimization review,Negotiation in progress,"$339,500"
2384,IT Services,Network Infrastructure Services #3383,Japan,Crown Solutions K.K.,Internal - IT Security,"Auto-renew clause, 90 days notice required",19-ก.ย.-2026,19-ก.ย.-2026,03-ก.พ.-2029,Kanokwan J.,Budget approval pending for renewal,Renewed,"$1,509,700"
2385,IT Services,Cloud Hosting Agreement #3384,Australia,Summit Systems Pty Ltd,Granite Innovations Pty Ltd,"Multi-year framework agreement, reviewed yearly",18-ก.พ.-2025,04-มี.ค.-2025,31-ต.ค.-2026,Laura T.,Relationship manager reassigned this quarter,Upcoming renewal,"$383,100"
2386,Security,Executive Protection Services #3385,Malaysia,Summit Logistics Sdn Bhd,Internal - Operations,Includes 24/7 support SLA with penalty clauses,01-เม.ย.-2027,01-เม.ย.-2027,05-พ.ย.-2028,Tanawat T.,-,Renewed,"$243,800"
2387,IT Services,Data Center Colocation Contract #3386,Japan,Unity Trading K.K.,Internal - IT Security,Includes quarterly business review meetings,16-พ.ย.-2024,23-พ.ย.-2024,23-ม.ค.-2027,Minji R.,Alternative vendors being benchmarked,Negotiation in progress,"$790,900"
2388,Software Licensing,Business Intelligence Platform License #3387,United Kingdom,Global Dynamics Ltd.,Internal - HR Dept.,"Auto-renew clause, 90 days notice required",21-ต.ค.-2020,21-ต.ค.-2020,09-มิ.ย.-2024,Suchada J.,"Renewal quote received, under internal review",Expired/Not renewed,"$333,000"
2389,Waste Management,Hazardous Waste Management Contract #3388,Thailand,"Quantum Networks Co., Ltd.",Internal - Admin Dept.,"Auto-renew clause, 45 days notice required",09-เม.ย.-2022,23-เม.ย.-2022,19-เม.ย.-2026,Emily L.,Scope extension being discussed with partner,Expired/Not renewed,"$191,300"
2390,Fleet & Transportation,Corporate Shuttle Service Contract #3389,South Korea,"Orion Group Co., Ltd.",Internal - Legal Dept.,Includes quarterly business review meetings,11-พ.ย.-2023,18-พ.ย.-2023,15-ส.ค.-2025,Laura P.,-,Expired/Not renewed,"$388,500"
2391,Consulting,Business Process Improvement Engagement #3390,Malaysia,Delta Enterprises Sdn Bhd,Internal - E-commerce,Includes 24/7 support SLA with penalty clauses,28-ก.ค.-2025,28-ก.ค.-2025,12-ธ.ค.-2026,Siti K.,Legal review in progress before renewal,Upcoming renewal,"$432,400"
2392,Security,Access Control System Contract #3391,Myanmar,"Granite Industries Co., Ltd.","Crown Solutions Co., Ltd.",Renewal contingent on performance KPIs,29-พ.ค.-2024,29-พ.ค.-2024,20-ส.ค.-2027,Ahmed H.,Scope extension being discussed with partner,Renewed,"$268,100"
2393,Security,Physical Security & Guard Services #3392,Myanmar,"Onyx Dynamics Co., Ltd.","Titan Solutions Co., Ltd.",Pricing subject to annual CPI adjustment,15-มี.ค.-2025,15-มี.ค.-2025,10-ธ.ค.-2028,Anucha I.,Relationship manager reassigned this quarter,Renewed,"$235,800"
2394,Consulting,Business Process Improvement Engagement #3393,France,Beacon Logistics SAS,Internal - Corporate Affairs,Exclusive regional distribution rights included,18-มี.ค.-2026,18-มี.ค.-2026,11-ธ.ค.-2028,Daniel O.,No issues reported this cycle,Renewed,"$994,500"
2395,Travel & Events,Conference Venue Agreement #3394,France,Crown Ventures SAS,Internal - IT Dept.,-,18-ก.ย.-2024,25-ก.ย.-2024,20-พ.ย.-2026,Carlos I.,-,Upcoming renewal,"$221,200"
2396,Printing & Publishing,Annual Report Design & Print Contract #3395,Thailand,"Titan Group Co., Ltd.","Emerald Services Co., Ltd.",Renewal contingent on performance KPIs,26-ก.พ.-2025,12-มี.ค.-2025,11-ต.ค.-2026,Minji G.,Relationship manager reassigned this quarter,Upcoming renewal,"$133,700"
2397,Marketing,Creative & Branding Services #3396,Germany,Pinnacle Group GmbH,Internal - E-commerce,Renewal contingent on performance KPIs,23-ก.ย.-2026,23-ก.ย.-2026,13-ก.พ.-2028,Aiko H.,Relationship manager reassigned this quarter,Renewed,"$48,200"
2398,Waste Management,Recycling Services Agreement #3397,Germany,Anchor Group GmbH,Atlas Services GmbH,Service level agreement reviewed annually,11-เม.ย.-2023,25-เม.ย.-2023,12-ก.พ.-2025,Wei S.,Flagged for cost optimization review,Expired/Not renewed,"$253,600"
2399,Real Estate & Leasing,Equipment Leasing Agreement #3398,Taiwan,"Granite Trading Co., Ltd.","BlueSky Systems Co., Ltd.",Pricing subject to annual CPI adjustment,17-ส.ค.-2022,17-ส.ค.-2022,06-ส.ค.-2026,Wanida W.,Budget approval pending for renewal,Expired/Not renewed,"$544,600"
2400,Financial Services,Treasury Management Contract #3399,Japan,Beacon Industries K.K.,Internal - Operations,Includes 24/7 support SLA with penalty clauses,17-เม.ย.-2024,17-เม.ย.-2024,03-ก.พ.-2027,Siti N.,Relationship manager reassigned this quarter,Negotiation in progress,"$578,500"
2401,Legal,Corporate Legal Advisory Retainer #3400,Germany,Trident Systems GmbH,Internal - Procurement,Pricing subject to annual CPI adjustment,21-มี.ค.-2024,21-มี.ค.-2024,28-ก.ย.-2026,Minji J.,-,Upcoming renewal,"$473,800"
2402,Cleaning & Facility,Pest Control Services Agreement #3401,South Korea,"Alliance Logistics Co., Ltd.","Nova Logistics Co., Ltd.",Renewal contingent on performance KPIs,27-ต.ค.-2026,27-ต.ค.-2026,21-ก.ย.-2028,Ploy F.,Legal review in progress before renewal,Renewed,"$259,200"
2403,Cleaning & Facility,Pest Control Services Agreement #3402,France,Silverline Systems SAS,Internal - Corporate Affairs,Exclusive regional distribution rights included,04-เม.ย.-2023,04-เม.ย.-2023,12-ธ.ค.-2026,Emily L.,Legal review in progress before renewal,Upcoming renewal,"$286,200"
2404,Training & Development,Corporate Training Program Agreement #3403,United States,Granite Dynamics Inc.,Metro Innovations Inc.,-,16-ก.พ.-2025,16-ก.พ.-2025,05-ธ.ค.-2026,Suchada K.,Alternative vendors being benchmarked,Upcoming renewal,"$197,800"
2405,Travel & Events,Corporate Travel Management Agreement #3404,France,Alliance Services SAS,Internal - HR Dept.,Service level agreement reviewed annually,07-ต.ค.-2025,07-ต.ค.-2025,17-พ.ย.-2026,Kanokwan P.,Alternative vendors being benchmarked,Negotiation in progress,"$33,900"
2406,Logistics,Customs Brokerage Agreement #3405,Singapore,Titan Group Pte Ltd,Internal - Marketing Dept.,Service level agreement reviewed annually,24-ธ.ค.-2023,24-ธ.ค.-2023,02-ก.ย.-2027,Grace P.,No issues reported this cycle,Renewed,"$816,200"
2407,Training & Development,Corporate Training Program Agreement #3406,Malaysia,Anchor Networks Sdn Bhd,Internal - Supply Chain,"Auto-renew clause, 45 days notice required",17-ธ.ค.-2024,31-ธ.ค.-2024,18-พ.ย.-2026,Daniel J.,Scope extension being discussed with partner,Upcoming renewal,"$219,000"
2408,Printing & Publishing,Annual Report Design & Print Contract #3407,Taiwan,"Pacific Innovations Co., Ltd.","Zenith Dynamics Co., Ltd.",Includes quarterly business review meetings,01-เม.ย.-2024,01-เม.ย.-2024,10-มิ.ย.-2025,James F.,"Renewal quote received, under internal review",Expired/Not renewed,"$149,000"
2409,Software Licensing,Business Intelligence Platform License #3408,South Korea,"Pinnacle Consulting Co., Ltd.",Internal - Operations,Includes 24/7 support SLA with penalty clauses,26-ก.ค.-2025,26-ก.ค.-2025,13-พ.ย.-2026,Minji P.,Vendor performance review scheduled,Upcoming renewal,"$1,167,300"
2410,Logistics,Last-Mile Delivery Partnership #3409,Japan,Delta Solutions K.K.,Internal - Marketing Dept.,"Auto-renew clause, 90 days notice required",28-ก.ค.-2024,28-ก.ค.-2024,10-ต.ค.-2027,Ahmed B.,Relationship manager reassigned this quarter,Renewed,"$465,700"
2411,HR & Payroll,HR Systems Implementation Contract #3410,Vietnam,Vertex Partners JSC,Summit Networks JSC,Service level agreement reviewed annually,22-ก.ค.-2025,22-ก.ค.-2025,28-ก.พ.-2028,Ravi N.,Vendor performance review scheduled,Renewed,"$139,900"
2412,Legal,IP & Trademark Registration Services #3411,Germany,Pinnacle Systems GmbH,Internal - Admin Dept.,Volume discount tier applies above threshold spend,21-ม.ค.-2028,21-ม.ค.-2028,13-ก.พ.-2029,Chloe C.,Flagged for cost optimization review,Renewed,"$339,100"
2413,Logistics,Customs Brokerage Agreement #3412,Australia,Anchor Industries Pty Ltd,Internal - Admin Dept.,Pricing subject to annual CPI adjustment,05-ก.ย.-2021,05-ก.ย.-2021,01-พ.ย.-2024,Ravi S.,Alternative vendors being benchmarked,Expired/Not renewed,"$674,600"
2414,Legal,Compliance Advisory Agreement #3413,Australia,Alliance Solutions Pty Ltd,Internal - Procurement,Renewal contingent on performance KPIs,08-ก.ย.-2023,08-ก.ย.-2023,11-ต.ค.-2026,Yuki P.,Legal review in progress before renewal,Upcoming renewal,"$343,800"
2415,Insurance,Cyber Liability Insurance Policy #3414,Vietnam,Vertex Enterprises JSC,Internal - IT Security,Exclusive regional distribution rights included,25-ม.ค.-2027,01-ก.พ.-2027,05-ธ.ค.-2028,Aiko K.,-,Renewed,"$392,400"
2416,Software Licensing,Business Intelligence Platform License #3415,Philippines,Bright Trading Inc.,Internal - Marketing Dept.,Includes quarterly business review meetings,12-ต.ค.-2024,19-ต.ค.-2024,04-ธ.ค.-2026,Ravi L.,Budget approval pending for renewal,Upcoming renewal,"$2,635,500"
2417,Consulting,Digital Transformation Consulting #3416,Vietnam,Evergreen Dynamics JSC,Cascade Systems JSC,Includes quarterly business review meetings,07-เม.ย.-2025,07-เม.ย.-2025,20-ส.ค.-2028,Nattapong C.,"Renewal quote received, under internal review",Renewed,"$169,900"
2418,Software Licensing,Business Intelligence Platform License #3417,China,"Atlas Consulting Co., Ltd.",Internal - Procurement,Includes 24/7 support SLA with penalty clauses,21-ม.ค.-2025,21-ม.ค.-2025,09-ต.ค.-2026,Laura H.,Flagged for cost optimization review,Upcoming renewal,"$2,711,300"
2419,Legal,IP & Trademark Registration Services #3418,Thailand,"Pacific Systems Co., Ltd.",Internal - Marketing Dept.,Renewal contingent on performance KPIs,25-มี.ค.-2026,25-มี.ค.-2026,03-ต.ค.-2028,Ravi C.,Legal review in progress before renewal,Renewed,"$468,000"
2420,HR & Payroll,Outsourced Payroll Processing Contract #3419,France,Nova Group SAS,Vanguard Capital SAS,Renewal contingent on performance KPIs,23-ต.ค.-2022,23-ต.ค.-2022,24-ก.ย.-2026,Ploy W.,No issues reported this cycle,Negotiation in progress,"$139,600"
2421,IT Services,Cloud Hosting Agreement #3420,Australia,Granite Logistics Pty Ltd,Internal - Operations,Volume discount tier applies above threshold spend,01-พ.ย.-2023,01-พ.ย.-2023,27-ก.ย.-2026,Carlos G.,Budget approval pending for renewal,Negotiation in progress,"$1,417,900"
2422,Software Licensing,CRM Platform Subscription Agreement #3421,South Korea,"Bright Capital Co., Ltd.","Delta Logistics Co., Ltd.",Exclusive regional distribution rights included,28-ม.ค.-2023,04-ก.พ.-2023,25-พ.ค.-2026,Kanokwan H.,Vendor performance review scheduled,Expired/Not renewed,"$1,716,000"
2423,Marketing,Brand Campaign Agreement #3422,Philippines,Titan Networks Inc.,Delta Systems Inc.,Service level agreement reviewed annually,17-เม.ย.-2024,17-เม.ย.-2024,24-มี.ค.-2028,Budi E.,Relationship manager reassigned this quarter,Renewed,"$369,000"
2424,Telecommunications,VoIP Services Agreement #3423,Myanmar,"Granite Systems Co., Ltd.",Internal - Procurement,Includes quarterly business review meetings,29-ต.ค.-2025,29-ต.ค.-2025,29-ต.ค.-2026,Wanida F.,Budget approval pending for renewal,Negotiation in progress,"$172,400"
2425,Manufacturing Supply,Packaging Supply Contract #3424,United States,Emerald Group Inc.,Vanguard Trading Inc.,Renewal contingent on performance KPIs,27-ธ.ค.-2023,27-ธ.ค.-2023,03-ธ.ค.-2026,Kanokwan G.,Alternative vendors being benchmarked,Upcoming renewal,"$1,282,500"
2426,Insurance,Cyber Liability Insurance Policy #3425,Malaysia,Vanguard Systems Sdn Bhd,Internal - E-commerce,"Auto-renew clause, 60 days notice required",29-พ.ค.-2024,29-พ.ค.-2024,19-ก.พ.-2026,Emily T.,Vendor performance review scheduled,Expired/Not renewed,"$1,275,100"
2427,Telecommunications,Satellite Communication Contract #3426,Taiwan,"Emerald Ventures Co., Ltd.",Internal - Legal Dept.,Pricing subject to annual CPI adjustment,23-ต.ค.-2025,23-ต.ค.-2025,06-พ.ย.-2028,Kanokwan G.,Alternative vendors being benchmarked,Renewed,"$353,200"
2428,Legal,Compliance Advisory Agreement #3427,Hong Kong,Global Services Ltd.,Quantum Industries Ltd.,Includes 24/7 support SLA with penalty clauses,07-พ.ค.-2024,07-พ.ค.-2024,29-พ.ย.-2026,Piyawan R.,Flagged for cost optimization review,Negotiation in progress,"$410,100"
2429,Financial Services,Corporate Banking Services Agreement #3428,Cambodia,"Lumen Capital Co., Ltd.",Internal - Legal Dept.,-,21-พ.ย.-2024,21-พ.ย.-2024,27-ธ.ค.-2026,Chloe W.,Vendor performance review scheduled,Negotiation in progress,"$389,300"
2430,Training & Development,Corporate Training Program Agreement #3429,Germany,BlueSky Partners GmbH,Internal - E-commerce,-,24-มิ.ย.-2025,24-มิ.ย.-2025,26-พ.ย.-2027,Anucha F.,Budget approval pending for renewal,Renewed,"$164,400"
2431,Construction & Maintenance,Building Renovation Contract #3430,United Arab Emirates,Onyx Logistics LLC,Internal - Legal Dept.,Includes quarterly business review meetings,28-ธ.ค.-2027,04-ม.ค.-2028,26-ก.พ.-2029,Anucha O.,-,Renewed,"$281,600"
2432,Cleaning & Facility,Facility Maintenance Contract #3431,United Kingdom,Pinnacle Technologies Ltd.,Internal - Admin Dept.,"Auto-renew clause, 30 days notice required",14-พ.ค.-2024,14-พ.ค.-2024,12-ธ.ค.-2026,Fatima I.,Vendor performance review scheduled,Upcoming renewal,"$221,200"
2433,HR & Payroll,Outsourced Payroll Processing Contract #3432,Malaysia,Ivory Networks Sdn Bhd,Delta Dynamics Sdn Bhd,Service level agreement reviewed annually,27-เม.ย.-2024,04-พ.ค.-2024,23-ธ.ค.-2027,Chloe N.,"Renewal quote received, under internal review",Renewed,"$263,700"
2434,Marketing,Influencer Partnership Contract #3433,Singapore,Titan Solutions Pte Ltd,Internal - E-commerce,Renewal contingent on performance KPIs,22-ธ.ค.-2022,22-ธ.ค.-2022,08-มี.ค.-2026,Sarah O.,Relationship manager reassigned this quarter,Expired/Not renewed,"$717,300"
2435,Travel & Events,Event Management Services Contract #3434,Myanmar,"Falcon Industries Co., Ltd.",Internal - Procurement,Pricing subject to annual CPI adjustment,25-ก.พ.-2025,25-ก.พ.-2025,17-พ.ย.-2026,Emily E.,Relationship manager reassigned this quarter,Negotiation in progress,"$112,800"
2436,Training & Development,Leadership Development Engagement #3435,Philippines,Beacon Dynamics Inc.,Internal - Finance Dept.,Service level agreement reviewed annually,19-ต.ค.-2022,02-พ.ย.-2022,04-ต.ค.-2026,Laura B.,"Renewal quote received, under internal review",Upcoming renewal,"$264,400"
2437,Insurance,Property & Casualty Insurance Contract #3436,Hong Kong,Nova Networks Ltd.,Crown Ventures Ltd.,Renewal contingent on performance KPIs,29-ส.ค.-2020,05-ก.ย.-2020,03-ก.ย.-2024,David T.,Vendor performance review scheduled,Expired/Not renewed,"$826,800"
2438,IT Services,Network Infrastructure Services #3437,India,Beacon Services Pvt. Ltd.,Radiant Industries Pvt. Ltd.,"Multi-year framework agreement, reviewed yearly",29-เม.ย.-2023,13-พ.ค.-2023,06-ก.ค.-2026,Priya O.,Vendor performance review scheduled,Expired/Not renewed,"$1,777,800"
2439,Printing & Publishing,Corporate Printing Services Agreement #3438,Australia,Metro Partners Pty Ltd,Internal - IT Dept.,Exclusive regional distribution rights included,25-ก.ย.-2024,09-ต.ค.-2024,06-มิ.ย.-2028,Michael J.,Relationship manager reassigned this quarter,Renewed,"$190,300"
2440,Printing & Publishing,Signage & Print Production Agreement #3439,Vietnam,Ivory Capital JSC,Silverline Networks JSC,-,16-ก.พ.-2023,16-ก.พ.-2023,03-ต.ค.-2025,Anucha H.,"Renewal quote received, under internal review",Expired/Not renewed,"$195,700"
2441,Legal,Compliance Advisory Agreement #3440,Taiwan,"Bright Dynamics Co., Ltd.",Internal - IT Security,Exclusive regional distribution rights included,01-พ.ค.-2026,08-พ.ค.-2026,18-ก.ค.-2028,Suchada C.,Alternative vendors being benchmarked,Renewed,"$300,100"
2442,Consulting,Change Management Engagement #3441,Hong Kong,Radiant Ventures Ltd.,Falcon Technologies Ltd.,Renewal contingent on performance KPIs,11-ม.ค.-2025,11-ม.ค.-2025,21-พ.ย.-2026,Siti T.,-,Upcoming renewal,"$63,600"
2443,IT Services,Managed IT Services Agreement #3442,Malaysia,Unity Holdings Sdn Bhd,Internal - HR Dept.,Pricing subject to annual CPI adjustment,05-ธ.ค.-2023,12-ธ.ค.-2023,01-ต.ค.-2026,Suchada M.,Legal review in progress before renewal,Upcoming renewal,"$862,500"
2444,Fleet & Transportation,Fleet Maintenance Agreement #3443,Singapore,Pinnacle Ventures Pte Ltd,Internal - IT Security,Service level agreement reviewed annually,18-ต.ค.-2023,01-พ.ย.-2023,24-ต.ค.-2026,Somchai R.,Vendor performance review scheduled,Upcoming renewal,"$631,300"
2445,Security,Access Control System Contract #3444,United Arab Emirates,Titan Ventures LLC,Internal - Procurement,-,20-ต.ค.-2023,20-ต.ค.-2023,26-ก.ย.-2026,Priya R.,Vendor performance review scheduled,Upcoming renewal,"$236,500"
2446,Construction & Maintenance,HVAC Maintenance Agreement #3445,Vietnam,Evergreen Enterprises JSC,Unity Enterprises JSC,Includes 24/7 support SLA with penalty clauses,05-เม.ย.-2022,12-เม.ย.-2022,15-พ.ค.-2025,Michael H.,Scope extension being discussed with partner,Expired/Not renewed,"$1,367,700"
2447,Telecommunications,VoIP Services Agreement #3446,Indonesia,Atlas Services PT,Internal - Finance Dept.,Volume discount tier applies above threshold spend,25-ก.ค.-2024,08-ส.ค.-2024,13-เม.ย.-2027,Suchada G.,-,Renewed,"$317,600"
2448,Travel & Events,Corporate Travel Management Agreement #3447,United Arab Emirates,Meridian Holdings LLC,Prime Networks LLC,Includes 24/7 support SLA with penalty clauses,06-พ.ค.-2022,13-พ.ค.-2022,25-ก.ค.-2025,Piyawan P.,Relationship manager reassigned this quarter,Expired/Not renewed,"$245,700"
2449,Cleaning & Facility,Janitorial Services Agreement #3448,Vietnam,Beacon Group JSC,BlueSky Technologies JSC,Pricing subject to annual CPI adjustment,22-ก.ย.-2026,22-ก.ย.-2026,04-ก.พ.-2029,Yuki M.,Alternative vendors being benchmarked,Renewed,"$84,100"
2450,Fleet & Transportation,Fleet Maintenance Agreement #3449,United States,NorthStar Trading Inc.,Internal - Finance Dept.,"Auto-renew clause, 60 days notice required",12-ม.ค.-2023,26-ม.ค.-2023,23-ก.ย.-2026,Nathan P.,Vendor performance review scheduled,Negotiation in progress,"$688,200"
2451,Printing & Publishing,Signage & Print Production Agreement #3450,South Korea,"Solace Technologies Co., Ltd.","Atlas Systems Co., Ltd.",-,12-พ.ค.-2025,12-พ.ค.-2025,08-พ.ย.-2026,Daniel C.,Alternative vendors being benchmarked,Upcoming renewal,"$123,800"
2452,HR & Payroll,Employee Benefits Administration #3451,Malaysia,Pinnacle Ventures Sdn Bhd,Internal - Finance Dept.,Pricing subject to annual CPI adjustment,18-ธ.ค.-2023,18-ธ.ค.-2023,30-ก.ย.-2026,Grace J.,Alternative vendors being benchmarked,Negotiation in progress,"$257,400"
2453,Consulting,Business Process Improvement Engagement #3452,Thailand,"Summit Ventures Co., Ltd.",Internal - Legal Dept.,Includes 24/7 support SLA with penalty clauses,23-พ.ย.-2025,23-พ.ย.-2025,06-พ.ค.-2028,Suchada L.,Legal review in progress before renewal,Renewed,"$556,600"
2454,Printing & Publishing,Signage & Print Production Agreement #3453,Malaysia,Horizon Enterprises Sdn Bhd,Orion Enterprises Sdn Bhd,Service level agreement reviewed annually,13-พ.ค.-2026,20-พ.ค.-2026,11-เม.ย.-2028,Tanawat H.,Budget approval pending for renewal,Renewed,"$184,800"
2455,Fleet & Transportation,Vehicle Leasing Agreement #3454,Taiwan,"Vanguard Dynamics Co., Ltd.",Internal - Procurement,-,02-ก.พ.-2023,02-ก.พ.-2023,30-ก.ย.-2026,Laura L.,Alternative vendors being benchmarked,Negotiation in progress,"$887,400"
2456,Real Estate & Leasing,Office Space Lease Agreement #3455,Myanmar,"Pacific Services Co., Ltd.",Internal - E-commerce,Volume discount tier applies above threshold spend,19-พ.ค.-2024,19-พ.ค.-2024,07-ต.ค.-2026,Tanawat A.,Vendor performance review scheduled,Upcoming renewal,"$3,890,900"
2457,Software Licensing,Business Intelligence Platform License #3456,Hong Kong,Pinnacle Enterprises Ltd.,Internal - Operations,Includes 24/7 support SLA with penalty clauses,06-เม.ย.-2024,06-เม.ย.-2024,15-พ.ย.-2026,Nattapong F.,Vendor performance review scheduled,Upcoming renewal,"$1,095,100"
2458,Real Estate & Leasing,Equipment Leasing Agreement #3457,Vietnam,Ivory Systems JSC,Internal - IT Security,Pricing subject to annual CPI adjustment,04-ธ.ค.-2024,04-ธ.ค.-2024,30-มี.ค.-2028,Yuki C.,Flagged for cost optimization review,Renewed,"$2,391,000"
2459,Real Estate & Leasing,Equipment Leasing Agreement #3458,Philippines,NorthStar Industries Inc.,Orion Partners Inc.,Service level agreement reviewed annually,17-พ.ย.-2023,17-พ.ย.-2023,30-เม.ย.-2027,Michael S.,Flagged for cost optimization review,Renewed,"$78,400"
2460,Security,CCTV Monitoring Agreement #3459,Myanmar,"Crown Industries Co., Ltd.",Internal - Legal Dept.,Includes quarterly business review meetings,08-พ.ย.-2023,22-พ.ย.-2023,09-พ.ย.-2026,Ploy D.,Vendor performance review scheduled,Negotiation in progress,"$329,700"
2461,Manufacturing Supply,OEM Production Agreement #3460,Hong Kong,Nova Innovations Ltd.,Internal - Operations,"Auto-renew clause, 15 days notice required",07-ต.ค.-2023,07-ต.ค.-2023,05-ก.ย.-2027,Michael B.,Flagged for cost optimization review,Renewed,"$500,600"
2462,Financial Services,Audit & Assurance Engagement #3461,Singapore,Ivory Logistics Pte Ltd,Crest Services Pte Ltd,"Auto-renew clause, 45 days notice required",21-ส.ค.-2021,04-ก.ย.-2021,28-ก.ค.-2024,Priya L.,Flagged for cost optimization review,Expired/Not renewed,"$137,800"
2463,IT Services,Network Infrastructure Services #3462,Malaysia,Global Networks Sdn Bhd,Internal - Finance Dept.,Renewal contingent on performance KPIs,12-ก.ย.-2026,19-ก.ย.-2026,26-พ.ย.-2028,Hiroshi P.,Alternative vendors being benchmarked,Renewed,"$1,366,000"
2464,Consulting,Strategy Advisory Retainer #3463,United Kingdom,Titan Ventures Ltd.,Metro Industries Ltd.,Includes 24/7 support SLA with penalty clauses,29-ก.ค.-2025,29-ก.ค.-2025,11-พ.ย.-2028,Priya O.,Vendor performance review scheduled,Renewed,"$270,400"
2465,Cleaning & Facility,Facility Maintenance Contract #3464,Germany,BlueSky Capital GmbH,Internal - Marketing Dept.,Includes 24/7 support SLA with penalty clauses,23-ก.ย.-2024,07-ต.ค.-2024,04-ธ.ค.-2026,Somchai F.,Legal review in progress before renewal,Negotiation in progress,"$311,300"
2466,Construction & Maintenance,Building Renovation Contract #3465,Singapore,Sterling Holdings Pte Ltd,Internal - Operations,-,24-มิ.ย.-2023,24-มิ.ย.-2023,24-ต.ค.-2026,Michael A.,Vendor performance review scheduled,Negotiation in progress,"$1,258,000"
2467,Real Estate & Leasing,Office Space Lease Agreement #3466,Vietnam,Cascade Trading JSC,Emerald Dynamics JSC,Renewal contingent on performance KPIs,04-ก.พ.-2024,18-ก.พ.-2024,28-พ.ย.-2026,Daniel M.,Relationship manager reassigned this quarter,Upcoming renewal,"$618,500"
2468,Insurance,Cyber Liability Insurance Policy #3467,United Arab Emirates,Crown Ventures LLC,Internal - Admin Dept.,Pricing subject to annual CPI adjustment,21-มี.ค.-2024,04-เม.ย.-2024,04-ก.พ.-2028,Ahmed R.,Relationship manager reassigned this quarter,Renewed,"$1,034,000"
2469,Legal,Corporate Legal Advisory Retainer #3468,South Korea,"Alliance Systems Co., Ltd.","Unity Ventures Co., Ltd.",Includes 24/7 support SLA with penalty clauses,05-ต.ค.-2023,05-ต.ค.-2023,09-ต.ค.-2025,Chloe H.,Relationship manager reassigned this quarter,Expired/Not renewed,"$295,200"
2470,Telecommunications,VoIP Services Agreement #3469,South Korea,"Anchor Holdings Co., Ltd.",Internal - Admin Dept.,Renewal contingent on performance KPIs,12-เม.ย.-2025,26-เม.ย.-2025,09-ต.ค.-2026,Siti O.,Budget approval pending for renewal,Negotiation in progress,"$534,000"
2471,Financial Services,Corporate Banking Services Agreement #3470,United Arab Emirates,Radiant Industries LLC,Internal - Legal Dept.,Volume discount tier applies above threshold spend,10-ธ.ค.-2023,10-ธ.ค.-2023,24-ก.ย.-2026,Nattapong B.,Scope extension being discussed with partner,Negotiation in progress,"$370,200"
2472,Software Licensing,Enterprise Software License (ERP) #3471,Australia,Onyx Trading Pty Ltd,Internal - Supply Chain,Includes 24/7 support SLA with penalty clauses,16-มี.ค.-2024,23-มี.ค.-2024,07-พ.ย.-2026,David I.,Vendor performance review scheduled,Negotiation in progress,"$398,900"
2473,Consulting,Digital Transformation Consulting #3472,Myanmar,"Crown Industries Co., Ltd.","Summit Networks Co., Ltd.",Pricing subject to annual CPI adjustment,03-ต.ค.-2023,17-ต.ค.-2023,09-พ.ย.-2026,Sarah G.,Flagged for cost optimization review,Negotiation in progress,"$1,136,100"
2474,IT Services,Cloud Hosting Agreement #3473,Cambodia,"Vanguard Holdings Co., Ltd.",Internal - Procurement,Renewal contingent on performance KPIs,31-ม.ค.-2025,31-ม.ค.-2025,28-ต.ค.-2028,Grace A.,Vendor performance review scheduled,Renewed,"$1,611,600"
2475,Travel & Events,Event Management Services Contract #3474,Japan,Beacon Networks K.K.,Internal - Corporate Affairs,Exclusive regional distribution rights included,18-เม.ย.-2026,25-เม.ย.-2026,12-ก.ย.-2028,Siti H.,No issues reported this cycle,Renewed,"$339,800"
2476,Travel & Events,Corporate Travel Management Agreement #3475,Cambodia,"Emerald Capital Co., Ltd.","Bright Solutions Co., Ltd.",-,16-ก.ค.-2023,23-ก.ค.-2023,24-ต.ค.-2024,Arjun I.,Vendor performance review scheduled,Expired/Not renewed,"$284,700"
2477,Real Estate & Leasing,Equipment Leasing Agreement #3476,Thailand,"Horizon Solutions Co., Ltd.","Trident Industries Co., Ltd.",Includes quarterly business review meetings,13-ก.พ.-2024,27-ก.พ.-2024,02-ก.ย.-2027,Aiko E.,Scope extension being discussed with partner,Renewed,"$833,800"
2478,IT Services,Managed IT Services Agreement #3477,Australia,Trident Technologies Pty Ltd,Falcon Networks Pty Ltd,Includes 24/7 support SLA with penalty clauses,22-ธ.ค.-2025,05-ม.ค.-2026,25-ก.พ.-2028,Budi C.,Legal review in progress before renewal,Renewed,"$1,413,800"
2479,Construction & Maintenance,Elevator Maintenance Contract #3478,Taiwan,"Horizon Dynamics Co., Ltd.","Granite Capital Co., Ltd.",Pricing subject to annual CPI adjustment,12-ต.ค.-2024,26-ต.ค.-2024,10-ธ.ค.-2026,Somchai P.,Alternative vendors being benchmarked,Negotiation in progress,"$1,617,700"
2480,Construction & Maintenance,Elevator Maintenance Contract #3479,Myanmar,"Crest Partners Co., Ltd.",Internal - Admin Dept.,"Auto-renew clause, 60 days notice required",13-พ.ค.-2024,13-พ.ค.-2024,28-เม.ย.-2027,Piyawan O.,No issues reported this cycle,Renewed,"$1,600,100"
2481,Manufacturing Supply,OEM Production Agreement #3480,France,Evergreen Consulting SAS,Lumen Group SAS,Renewal contingent on performance KPIs,18-พ.ย.-2025,18-พ.ย.-2025,14-ม.ค.-2027,Nathan S.,Scope extension being discussed with partner,Negotiation in progress,"$1,985,700"
2482,Training & Development,Leadership Development Engagement #3481,Cambodia,"Onyx Partners Co., Ltd.",Internal - Procurement,Exclusive regional distribution rights included,16-เม.ย.-2025,23-เม.ย.-2025,20-พ.ย.-2026,Wei J.,No issues reported this cycle,Upcoming renewal,"$80,000"
2483,Logistics,Fleet Logistics Services Contract #3482,Hong Kong,Orion Capital Ltd.,Internal - HR Dept.,Service level agreement reviewed annually,16-ก.พ.-2023,16-ก.พ.-2023,07-ม.ค.-2027,Hiroshi R.,Flagged for cost optimization review,Negotiation in progress,"$790,900"
2484,Software Licensing,Business Intelligence Platform License #3483,Germany,Bright Networks GmbH,Internal - HR Dept.,Pricing subject to annual CPI adjustment,04-ก.ย.-2022,11-ก.ย.-2022,08-ก.ย.-2025,Tanawat L.,"Renewal quote received, under internal review",Expired/Not renewed,"$2,359,400"
2485,IT Services,Cloud Hosting Agreement #3484,Australia,Anchor Innovations Pty Ltd,Vertex Trading Pty Ltd,Renewal contingent on performance KPIs,21-ม.ค.-2023,04-ก.พ.-2023,28-พ.ย.-2026,Arjun B.,Budget approval pending for renewal,Upcoming renewal,"$236,600"
2486,Printing & Publishing,Annual Report Design & Print Contract #3485,France,NorthStar Enterprises SAS,Internal - E-commerce,Volume discount tier applies above threshold spend,08-มิ.ย.-2023,08-มิ.ย.-2023,21-พ.ค.-2027,Yuki P.,Legal review in progress before renewal,Renewed,"$34,800"
2487,Marketing,Digital Marketing Retainer #3486,United States,Summit Dynamics Inc.,Nova Industries Inc.,Volume discount tier applies above threshold spend,09-เม.ย.-2025,16-เม.ย.-2025,15-ธ.ค.-2026,Grace M.,Budget approval pending for renewal,Upcoming renewal,"$694,500"
2488,Financial Services,Corporate Banking Services Agreement #3487,United Kingdom,Delta Consulting Ltd.,Internal - Operations,Includes quarterly business review meetings,01-ม.ค.-2027,01-ม.ค.-2027,02-เม.ย.-2028,Minji O.,Flagged for cost optimization review,Renewed,"$70,200"
2489,Insurance,Group Health Insurance Policy #3488,Singapore,Onyx Partners Pte Ltd,Internal - Finance Dept.,Includes quarterly business review meetings,16-มี.ค.-2024,16-มี.ค.-2024,12-พ.ค.-2027,Grace T.,Scope extension being discussed with partner,Renewed,"$922,300"
2490,Construction & Maintenance,HVAC Maintenance Agreement #3489,Germany,Falcon Capital GmbH,Crown Ventures GmbH,Renewal contingent on performance KPIs,23-พ.ย.-2024,23-พ.ย.-2024,26-ต.ค.-2026,Fatima M.,Relationship manager reassigned this quarter,Negotiation in progress,"$741,600"
2491,Logistics,Warehouse Lease & Operation Agreement #3490,Hong Kong,Crown Industries Ltd.,Internal - Operations,-,03-ก.ย.-2025,10-ก.ย.-2025,21-ธ.ค.-2028,Hiroshi I.,-,Renewed,"$1,279,100"
2492,Logistics,Fleet Logistics Services Contract #3491,China,"Falcon Enterprises Co., Ltd.",Internal - Procurement,Pricing subject to annual CPI adjustment,10-มิ.ย.-2025,17-มิ.ย.-2025,18-ต.ค.-2028,Nattapong I.,Legal review in progress before renewal,Renewed,"$1,155,900"
2493,IT Services,Managed IT Services Agreement #3492,Cambodia,"Atlas Group Co., Ltd.","Summit Capital Co., Ltd.",Exclusive regional distribution rights included,27-มิ.ย.-2023,27-มิ.ย.-2023,18-เม.ย.-2027,Fatima C.,Flagged for cost optimization review,Renewed,"$2,227,800"
2494,Legal,Litigation Support Contract #3493,South Korea,"Prime Industries Co., Ltd.","Lumen Technologies Co., Ltd.",Pricing subject to annual CPI adjustment,22-ธ.ค.-2026,22-ธ.ค.-2026,11-เม.ย.-2028,Kanokwan F.,Alternative vendors being benchmarked,Renewed,"$237,900"
2495,Software Licensing,Cybersecurity Software License #3494,Indonesia,Orion Dynamics PT,Internal - Legal Dept.,Exclusive regional distribution rights included,01-ส.ค.-2023,15-ส.ค.-2023,16-พ.ย.-2026,David N.,Vendor performance review scheduled,Upcoming renewal,"$1,514,200"
2496,Fleet & Transportation,Vehicle Leasing Agreement #3495,United States,Emerald Technologies Inc.,Internal - Supply Chain,"Multi-year framework agreement, reviewed yearly",15-มิ.ย.-2025,15-มิ.ย.-2025,25-ธ.ค.-2028,Suchada T.,"Renewal quote received, under internal review",Renewed,"$430,300"
2497,Construction & Maintenance,HVAC Maintenance Agreement #3496,United Arab Emirates,Pacific Networks LLC,Internal - Operations,Pricing subject to annual CPI adjustment,22-พ.ค.-2023,22-พ.ค.-2023,24-พ.ย.-2026,Nathan C.,Legal review in progress before renewal,Negotiation in progress,"$1,795,900"
2498,Telecommunications,VoIP Services Agreement #3497,Malaysia,Orion Holdings Sdn Bhd,Internal - Operations,-,27-พ.ย.-2022,27-พ.ย.-2022,04-ก.ค.-2025,Emily W.,Scope extension being discussed with partner,Expired/Not renewed,"$194,700"
2499,Training & Development,E-Learning Platform License #3498,Taiwan,"Apex Systems Co., Ltd.",Internal - Finance Dept.,Exclusive regional distribution rights included,11-ก.ย.-2026,18-ก.ย.-2026,15-ต.ค.-2028,James A.,Vendor performance review scheduled,Renewed,"$81,500"
2500,Insurance,Cargo Insurance Agreement #3499,Philippines,Crest Networks Inc.,Internal - Finance Dept.,Volume discount tier applies above threshold spend,30-ธ.ค.-2026,30-ธ.ค.-2026,05-ม.ค.-2028,Budi J.,Budget approval pending for renewal,Renewed,"$669,900"
2501,Consulting,Business Process Improvement Engagement #3500,India,NorthStar Services Pvt. Ltd.,Internal - HR Dept.,Includes quarterly business review meetings,11-ส.ค.-2023,11-ส.ค.-2023,18-มิ.ย.-2025,Carlos E.,Budget approval pending for renewal,Expired/Not renewed,"$281,100"
2502,Financial Services,Payment Gateway Services Agreement #3501,Vietnam,Global Trading JSC,Internal - Legal Dept.,"Auto-renew clause, 90 days notice required",09-ก.ย.-2023,23-ก.ย.-2023,24-ธ.ค.-2026,Emily P.,Legal review in progress before renewal,Negotiation in progress,"$518,200"
2503,Printing & Publishing,Corporate Printing Services Agreement #3502,Philippines,Global Dynamics Inc.,Internal - Marketing Dept.,Renewal contingent on performance KPIs,03-ก.ย.-2024,17-ก.ย.-2024,29-ก.ย.-2026,Grace G.,Scope extension being discussed with partner,Negotiation in progress,"$46,300"
2504,Cleaning & Facility,Janitorial Services Agreement #3503,Germany,Crest Holdings GmbH,Internal - Admin Dept.,-,30-ธ.ค.-2024,30-ธ.ค.-2024,16-มิ.ย.-2028,Daniel E.,Flagged for cost optimization review,Renewed,"$157,700"
2505,Printing & Publishing,Signage & Print Production Agreement #3504,Malaysia,Radiant Technologies Sdn Bhd,Lumen Dynamics Sdn Bhd,"Multi-year framework agreement, reviewed yearly",21-ม.ค.-2025,21-ม.ค.-2025,05-ก.ย.-2027,Siti J.,Scope extension being discussed with partner,Renewed,"$123,400"
2506,Manufacturing Supply,Packaging Supply Contract #3505,United Arab Emirates,Falcon Innovations LLC,Internal - Procurement,Exclusive regional distribution rights included,16-พ.ย.-2023,16-พ.ย.-2023,22-ก.ย.-2026,Daniel R.,Flagged for cost optimization review,Negotiation in progress,"$1,676,900"
2507,Consulting,Strategy Advisory Retainer #3506,Philippines,Apex Enterprises Inc.,Internal - Marketing Dept.,"Multi-year framework agreement, reviewed yearly",20-พ.ค.-2024,20-พ.ค.-2024,19-เม.ย.-2027,Kanokwan P.,Flagged for cost optimization review,Renewed,"$390,800"
2508,HR & Payroll,Outsourced Payroll Processing Contract #3507,Japan,Quantum Group K.K.,Pacific Capital K.K.,Service level agreement reviewed annually,16-ก.ย.-2027,16-ก.ย.-2027,08-ต.ค.-2028,Kanokwan M.,-,Renewed,"$111,100"
2509,Legal,Regulatory Filing Services #3508,Myanmar,"Crown Capital Co., Ltd.",Internal - Procurement,Renewal contingent on performance KPIs,19-เม.ย.-2024,19-เม.ย.-2024,05-พ.ย.-2026,Yuki G.,Budget approval pending for renewal,Upcoming renewal,"$344,600"
2510,Travel & Events,Corporate Travel Management Agreement #3509,South Korea,"Unity Consulting Co., Ltd.","Radiant Consulting Co., Ltd.",Pricing subject to annual CPI adjustment,03-พ.ย.-2024,03-พ.ย.-2024,13-พ.ย.-2026,Nathan N.,Legal review in progress before renewal,Upcoming renewal,"$289,100"
2511,Software Licensing,Cybersecurity Software License #3510,Singapore,NorthStar Networks Pte Ltd,Evergreen Partners Pte Ltd,Renewal contingent on performance KPIs,24-ต.ค.-2025,24-ต.ค.-2025,16-ส.ค.-2027,Ploy S.,Alternative vendors being benchmarked,Renewed,"$336,700"
2512,Legal,Corporate Legal Advisory Retainer #3511,South Korea,"Bright Logistics Co., Ltd.","Vertex Consulting Co., Ltd.",-,09-ก.พ.-2023,09-ก.พ.-2023,21-พ.ย.-2026,Arjun B.,"Renewal quote received, under internal review",Upcoming renewal,"$245,900"
2513,Logistics,Customs Brokerage Agreement #3512,Cambodia,"Trident Innovations Co., Ltd.",Internal - Legal Dept.,Volume discount tier applies above threshold spend,17-ก.ค.-2022,17-ก.ค.-2022,13-ก.ค.-2026,Grace N.,Flagged for cost optimization review,Expired/Not renewed,"$782,800"
2514,Security,CCTV Monitoring Agreement #3513,Malaysia,Titan Logistics Sdn Bhd,Internal - Admin Dept.,-,24-ม.ค.-2027,24-ม.ค.-2027,11-ก.ค.-2028,Carlos B.,Scope extension being discussed with partner,Renewed,"$380,900"
2515,Real Estate & Leasing,Retail Unit Lease Contract #3514,Thailand,"Solace Partners Co., Ltd.",Internal - IT Dept.,Includes quarterly business review meetings,18-ม.ค.-2023,18-ม.ค.-2023,01-ต.ค.-2026,Grace F.,Legal review in progress before renewal,Negotiation in progress,"$3,180,800"
2516,Printing & Publishing,Corporate Printing Services Agreement #3515,Australia,Anchor Capital Pty Ltd,Ivory Holdings Pty Ltd,Service level agreement reviewed annually,03-ก.พ.-2027,03-ก.พ.-2027,30-ก.ย.-2028,David F.,Scope extension being discussed with partner,Renewed,"$188,200"
2517,Security,Executive Protection Services #3516,Indonesia,Pinnacle Dynamics PT,Evergreen Services PT,Pricing subject to annual CPI adjustment,21-มี.ค.-2024,28-มี.ค.-2024,23-พ.ย.-2026,Piyawan D.,Scope extension being discussed with partner,Negotiation in progress,"$388,900"
2518,Marketing,Creative & Branding Services #3517,Hong Kong,Lumen Ventures Ltd.,Orion Systems Ltd.,"Multi-year framework agreement, reviewed yearly",18-ม.ค.-2027,18-ม.ค.-2027,07-ม.ค.-2029,Suchada B.,Alternative vendors being benchmarked,Renewed,"$683,100"
2519,Real Estate & Leasing,Equipment Leasing Agreement #3518,Hong Kong,Metro Innovations Ltd.,Orion Trading Ltd.,"Auto-renew clause, 15 days notice required",28-เม.ย.-2023,12-พ.ค.-2023,22-ก.ย.-2025,Nattapong I.,Relationship manager reassigned this quarter,Expired/Not renewed,"$2,489,500"
2520,Training & Development,Corporate Training Program Agreement #3519,Singapore,Trident Logistics Pte Ltd,Alliance Dynamics Pte Ltd,"Auto-renew clause, 45 days notice required",14-มิ.ย.-2021,28-มิ.ย.-2021,09-ก.ค.-2024,Kanokwan C.,Scope extension being discussed with partner,Expired/Not renewed,"$214,900"
2521,Consulting,Digital Transformation Consulting #3520,South Korea,"Alliance Trading Co., Ltd.","Radiant Networks Co., Ltd.",-,23-ก.ค.-2023,23-ก.ค.-2023,30-ต.ค.-2026,Nattapong D.,Scope extension being discussed with partner,Upcoming renewal,"$145,100"
2522,Construction & Maintenance,Civil Works Contract #3521,Philippines,Global Networks Inc.,Internal - Legal Dept.,Exclusive regional distribution rights included,12-มิ.ย.-2024,12-มิ.ย.-2024,29-ธ.ค.-2026,Suchada T.,Scope extension being discussed with partner,Negotiation in progress,"$1,527,100"
2523,Legal,IP & Trademark Registration Services #3522,United Kingdom,Pacific Technologies Ltd.,Internal - E-commerce,-,22-พ.ค.-2025,29-พ.ค.-2025,20-พ.ย.-2026,Carlos D.,Budget approval pending for renewal,Upcoming renewal,"$85,800"
2524,Training & Development,Corporate Training Program Agreement #3523,China,"Apex Services Co., Ltd.","Solace Trading Co., Ltd.",Includes 24/7 support SLA with penalty clauses,10-ส.ค.-2025,10-ส.ค.-2025,21-ส.ค.-2026,Wanida W.,Budget approval pending for renewal,Expired/Not renewed,"$129,800"
2525,Security,CCTV Monitoring Agreement #3524,Germany,Crown Trading GmbH,Internal - Marketing Dept.,"Auto-renew clause, 30 days notice required",17-เม.ย.-2025,17-เม.ย.-2025,27-พ.ย.-2026,Chloe H.,Vendor performance review scheduled,Negotiation in progress,"$331,300"
2526,Printing & Publishing,Annual Report Design & Print Contract #3525,United Kingdom,Crest Group Ltd.,Internal - HR Dept.,Includes 24/7 support SLA with penalty clauses,26-ธ.ค.-2024,26-ธ.ค.-2024,04-ธ.ค.-2026,Chloe A.,Relationship manager reassigned this quarter,Upcoming renewal,"$76,400"
2527,Insurance,Cyber Liability Insurance Policy #3526,Vietnam,Nova Logistics JSC,Internal - Marketing Dept.,Volume discount tier applies above threshold spend,17-ก.พ.-2023,17-ก.พ.-2023,23-พ.ย.-2026,Laura G.,Flagged for cost optimization review,Upcoming renewal,"$269,900"
2528,Training & Development,Corporate Training Program Agreement #3527,Hong Kong,Trident Capital Ltd.,Internal - Procurement,Volume discount tier applies above threshold spend,19-ก.ย.-2022,19-ก.ย.-2022,23-พ.ค.-2026,Grace S.,"Renewal quote received, under internal review",Expired/Not renewed,"$102,000"
2529,Telecommunications,VoIP Services Agreement #3528,Philippines,Unity Group Inc.,Internal - Procurement,"Multi-year framework agreement, reviewed yearly",22-มี.ค.-2023,22-มี.ค.-2023,08-มิ.ย.-2025,Yuki J.,"Renewal quote received, under internal review",Expired/Not renewed,"$642,400"
2530,Travel & Events,Event Management Services Contract #3529,China,"Horizon Solutions Co., Ltd.","Vanguard Services Co., Ltd.",Volume discount tier applies above threshold spend,25-ก.ค.-2027,25-ก.ค.-2027,03-ส.ค.-2028,Michael B.,Relationship manager reassigned this quarter,Renewed,"$109,100"
2531,Software Licensing,Enterprise Software License (ERP) #3530,Vietnam,Beacon Solutions JSC,Internal - Admin Dept.,Volume discount tier applies above threshold spend,16-เม.ย.-2026,30-เม.ย.-2026,09-ก.ค.-2028,Budi D.,"Renewal quote received, under internal review",Renewed,"$684,400"
2532,Training & Development,E-Learning Platform License #3531,Philippines,Prime Industries Inc.,Crest Ventures Inc.,Service level agreement reviewed annually,22-พ.ค.-2025,22-พ.ค.-2025,29-ก.ย.-2026,Chloe I.,-,Upcoming renewal,"$94,300"
2533,Training & Development,E-Learning Platform License #3532,Taiwan,"NorthStar Technologies Co., Ltd.",Internal - HR Dept.,Includes quarterly business review meetings,28-มิ.ย.-2023,28-มิ.ย.-2023,09-มี.ค.-2026,Fatima I.,Budget approval pending for renewal,Expired/Not renewed,"$252,500"
2534,Insurance,Property & Casualty Insurance Contract #3533,United Kingdom,Delta Partners Ltd.,Internal - E-commerce,Volume discount tier applies above threshold spend,10-ก.พ.-2023,10-ก.พ.-2023,30-มิ.ย.-2026,James H.,Alternative vendors being benchmarked,Expired/Not renewed,"$215,700"
2535,Printing & Publishing,Annual Report Design & Print Contract #3534,China,"Vanguard Logistics Co., Ltd.",Internal - Corporate Affairs,Service level agreement reviewed annually,04-พ.ค.-2025,11-พ.ค.-2025,03-ธ.ค.-2027,Kanokwan K.,Relationship manager reassigned this quarter,Renewed,"$81,200"
2536,Insurance,Group Health Insurance Policy #3535,Germany,Unity Services GmbH,Internal - Admin Dept.,Pricing subject to annual CPI adjustment,25-ม.ค.-2027,01-ก.พ.-2027,20-ก.พ.-2028,Chloe I.,"Renewal quote received, under internal review",Renewed,"$79,600"
2537,Legal,IP & Trademark Registration Services #3536,Japan,Crest Group K.K.,Titan Networks K.K.,-,15-พ.ย.-2023,22-พ.ย.-2023,22-ก.พ.-2025,Kanokwan A.,Relationship manager reassigned this quarter,Expired/Not renewed,"$328,300"
2538,Software Licensing,Cybersecurity Software License #3537,Singapore,Alliance Capital Pte Ltd,Internal - IT Dept.,Includes 24/7 support SLA with penalty clauses,05-มิ.ย.-2025,12-มิ.ย.-2025,13-ม.ค.-2028,Kanokwan K.,Scope extension being discussed with partner,Renewed,"$936,700"
2539,Telecommunications,Satellite Communication Contract #3538,South Korea,"Orion Innovations Co., Ltd.",Internal - Corporate Affairs,Pricing subject to annual CPI adjustment,24-ส.ค.-2025,24-ส.ค.-2025,30-ส.ค.-2028,Piyawan D.,"Renewal quote received, under internal review",Renewed,"$588,500"
2540,Travel & Events,Event Management Services Contract #3539,Australia,Summit Systems Pty Ltd,Pinnacle Enterprises Pty Ltd,Renewal contingent on performance KPIs,10-มิ.ย.-2022,10-มิ.ย.-2022,06-พ.ค.-2026,Nattapong C.,Relationship manager reassigned this quarter,Expired/Not renewed,"$252,300"
2541,Telecommunications,VoIP Services Agreement #3540,Thailand,"Trident Trading Co., Ltd.",Internal - IT Dept.,Includes quarterly business review meetings,18-ก.ย.-2026,02-ต.ค.-2026,10-ส.ค.-2028,Ahmed B.,Vendor performance review scheduled,Renewed,"$65,800"
2542,Software Licensing,CRM Platform Subscription Agreement #3541,United Kingdom,Granite Logistics Ltd.,Internal - Admin Dept.,Includes quarterly business review meetings,04-ก.ค.-2027,04-ก.ค.-2027,13-ม.ค.-2029,Arjun C.,Alternative vendors being benchmarked,Renewed,"$1,800,600"
2543,Security,Physical Security & Guard Services #3542,United Arab Emirates,Granite Solutions LLC,Internal - E-commerce,Volume discount tier applies above threshold spend,24-ก.ย.-2024,24-ก.ย.-2024,02-มิ.ย.-2026,Grace R.,No issues reported this cycle,Expired/Not renewed,"$480,600"
2544,Construction & Maintenance,HVAC Maintenance Agreement #3543,Myanmar,"Vertex Partners Co., Ltd.","BlueSky Enterprises Co., Ltd.","Multi-year framework agreement, reviewed yearly",09-เม.ย.-2023,09-เม.ย.-2023,23-ม.ค.-2027,Anucha F.,Budget approval pending for renewal,Negotiation in progress,"$708,800"
2545,Manufacturing Supply,Raw Material Supply Agreement #3544,Malaysia,Delta Holdings Sdn Bhd,Alliance Systems Sdn Bhd,Pricing subject to annual CPI adjustment,04-ก.ค.-2021,04-ก.ค.-2021,11-เม.ย.-2025,Carlos I.,Scope extension being discussed with partner,Expired/Not renewed,"$661,500"
2546,Travel & Events,Corporate Travel Management Agreement #3545,China,"Evergreen Group Co., Ltd.","Nova Partners Co., Ltd.",Pricing subject to annual CPI adjustment,29-ก.ค.-2024,05-ส.ค.-2024,06-ธ.ค.-2026,Hiroshi F.,Relationship manager reassigned this quarter,Upcoming renewal,"$111,800"
2547,Marketing,Influencer Partnership Contract #3546,Myanmar,"Trident Technologies Co., Ltd.",Internal - IT Dept.,Renewal contingent on performance KPIs,07-ก.ย.-2023,07-ก.ย.-2023,21-ก.ย.-2026,James K.,Relationship manager reassigned this quarter,Negotiation in progress,"$626,400"
2548,Real Estate & Leasing,Retail Unit Lease Contract #3547,Myanmar,"Crown Ventures Co., Ltd.",Internal - Legal Dept.,Volume discount tier applies above threshold spend,10-ก.ย.-2026,10-ก.ย.-2026,11-ก.ค.-2028,Fatima O.,"Renewal quote received, under internal review",Renewed,"$2,626,800"
2549,Cleaning & Facility,Office Facility Management Contract #3548,Cambodia,"NorthStar Consulting Co., Ltd.",Internal - Marketing Dept.,"Multi-year framework agreement, reviewed yearly",19-ต.ค.-2025,19-ต.ค.-2025,25-พ.ค.-2027,Wanida H.,-,Renewed,"$171,600"
2550,Security,Access Control System Contract #3549,China,"Vanguard Systems Co., Ltd.","Titan Group Co., Ltd.","Auto-renew clause, 90 days notice required",19-เม.ย.-2024,19-เม.ย.-2024,25-เม.ย.-2026,Fatima E.,Relationship manager reassigned this quarter,Expired/Not renewed,"$430,200"
2551,HR & Payroll,Employee Benefits Administration #3550,Hong Kong,Sterling Innovations Ltd.,Internal - Procurement,Renewal contingent on performance KPIs,18-ธ.ค.-2023,25-ธ.ค.-2023,17-พ.ค.-2026,Fatima T.,Flagged for cost optimization review,Expired/Not renewed,"$19,600"
2552,Training & Development,Corporate Training Program Agreement #3551,Hong Kong,Silverline Innovations Ltd.,Internal - Marketing Dept.,"Auto-renew clause, 90 days notice required",21-ก.ค.-2022,21-ก.ค.-2022,04-ส.ค.-2024,Budi N.,-,Expired/Not renewed,"$119,000"
2553,Real Estate & Leasing,Equipment Leasing Agreement #3552,Myanmar,"Silverline Dynamics Co., Ltd.",Internal - Marketing Dept.,Renewal contingent on performance KPIs,14-ส.ค.-2021,14-ส.ค.-2021,22-เม.ย.-2024,David C.,Scope extension being discussed with partner,Expired/Not renewed,"$3,586,100"
2554,Waste Management,Recycling Services Agreement #3553,Thailand,"Quantum Dynamics Co., Ltd.",Internal - IT Security,Includes quarterly business review meetings,11-ส.ค.-2024,18-ส.ค.-2024,19-ต.ค.-2026,David S.,Legal review in progress before renewal,Upcoming renewal,"$27,700"
2555,Software Licensing,Business Intelligence Platform License #3554,Philippines,Nova Trading Inc.,Internal - IT Dept.,Renewal contingent on performance KPIs,22-ต.ค.-2023,22-ต.ค.-2023,20-ต.ค.-2026,Ploy A.,Vendor performance review scheduled,Upcoming renewal,"$1,958,800"
2556,Consulting,Strategy Advisory Retainer #3555,China,"Onyx Group Co., Ltd.","Granite Solutions Co., Ltd.",Includes 24/7 support SLA with penalty clauses,14-ก.ย.-2024,28-ก.ย.-2024,04-ก.ค.-2026,David R.,Flagged for cost optimization review,Expired/Not renewed,"$365,200"
2557,Security,Physical Security & Guard Services #3556,Australia,Granite Innovations Pty Ltd,Crown Dynamics Pty Ltd,"Auto-renew clause, 60 days notice required",04-ส.ค.-2023,04-ส.ค.-2023,22-พ.ค.-2026,Yuki N.,-,Expired/Not renewed,"$119,900"
2558,Software Licensing,Business Intelligence Platform License #3557,Germany,Zenith Innovations GmbH,Internal - IT Security,Volume discount tier applies above threshold spend,08-ก.ค.-2025,15-ก.ค.-2025,03-ธ.ค.-2026,Fatima H.,Budget approval pending for renewal,Upcoming renewal,"$2,098,500"
2559,Construction & Maintenance,Building Renovation Contract #3558,South Korea,"Prime Industries Co., Ltd.",Internal - Procurement,Includes 24/7 support SLA with penalty clauses,24-ก.พ.-2024,02-มี.ค.-2024,25-พ.ย.-2027,Carlos I.,Scope extension being discussed with partner,Renewed,"$1,255,000"
2560,Travel & Events,Conference Venue Agreement #3559,Cambodia,"Silverline Solutions Co., Ltd.",Internal - E-commerce,Includes 24/7 support SLA with penalty clauses,01-ต.ค.-2022,15-ต.ค.-2022,12-พ.ย.-2025,James B.,"Renewal quote received, under internal review",Expired/Not renewed,"$60,500"
2561,Software Licensing,Cybersecurity Software License #3560,Philippines,Cascade Dynamics Inc.,Nova Partners Inc.,Pricing subject to annual CPI adjustment,09-ก.ย.-2024,09-ก.ย.-2024,21-ม.ค.-2027,Chloe S.,Alternative vendors being benchmarked,Negotiation in progress,"$1,096,600"
2562,Construction & Maintenance,Civil Works Contract #3561,Indonesia,Pinnacle Solutions PT,Internal - Admin Dept.,"Auto-renew clause, 90 days notice required",19-มิ.ย.-2026,26-มิ.ย.-2026,14-ส.ค.-2027,Ravi W.,Budget approval pending for renewal,Renewed,"$1,973,600"
2563,Travel & Events,Corporate Travel Management Agreement #3562,Taiwan,"Solace Solutions Co., Ltd.","Sterling Services Co., Ltd.",Pricing subject to annual CPI adjustment,11-ธ.ค.-2025,11-ธ.ค.-2025,01-มิ.ย.-2028,Kanokwan T.,Flagged for cost optimization review,Renewed,"$135,500"
2564,Marketing,Influencer Partnership Contract #3563,France,Unity Technologies SAS,Apex Services SAS,Includes quarterly business review meetings,15-ต.ค.-2022,22-ต.ค.-2022,19-ส.ค.-2025,Suchada L.,No issues reported this cycle,Expired/Not renewed,"$446,200"
2565,Security,Access Control System Contract #3564,Singapore,Alliance Ventures Pte Ltd,Internal - Supply Chain,Pricing subject to annual CPI adjustment,16-พ.ค.-2025,16-พ.ค.-2025,23-ต.ค.-2026,Piyawan A.,-,Upcoming renewal,"$438,500"
2566,Software Licensing,Cybersecurity Software License #3565,United Arab Emirates,Prime Consulting LLC,Cascade Networks LLC,"Auto-renew clause, 15 days notice required",06-ก.ย.-2025,06-ก.ย.-2025,03-ต.ค.-2026,Priya R.,Legal review in progress before renewal,Negotiation in progress,"$2,671,100"
2567,Manufacturing Supply,Component Manufacturing Contract #3566,China,"Falcon Systems Co., Ltd.",Internal - HR Dept.,Includes quarterly business review meetings,25-ก.ย.-2023,25-ก.ย.-2023,07-ก.ย.-2025,Arjun S.,No issues reported this cycle,Expired/Not renewed,"$1,684,500"
2568,Real Estate & Leasing,Retail Unit Lease Contract #3567,Indonesia,Titan Ventures PT,Internal - Supply Chain,-,25-ต.ค.-2022,25-ต.ค.-2022,15-ต.ค.-2026,Chloe B.,"Renewal quote received, under internal review",Upcoming renewal,"$3,498,600"
2569,Marketing,Influencer Partnership Contract #3568,Hong Kong,Alliance Holdings Ltd.,Pacific Ventures Ltd.,"Auto-renew clause, 45 days notice required",31-ส.ค.-2023,14-ก.ย.-2023,06-ต.ค.-2026,Aiko L.,Scope extension being discussed with partner,Upcoming renewal,"$310,300"
2570,Legal,Compliance Advisory Agreement #3569,Australia,Prime Dynamics Pty Ltd,Meridian Innovations Pty Ltd,Volume discount tier applies above threshold spend,14-พ.ย.-2024,21-พ.ย.-2024,08-ส.ค.-2028,Wanida N.,Scope extension being discussed with partner,Renewed,"$528,700"
2571,Security,Access Control System Contract #3570,South Korea,"Alliance Dynamics Co., Ltd.",Internal - IT Dept.,Includes quarterly business review meetings,13-ม.ค.-2023,27-ม.ค.-2023,22-พ.ค.-2026,Yuki J.,Alternative vendors being benchmarked,Expired/Not renewed,"$138,200"
2572,Fleet & Transportation,Corporate Shuttle Service Contract #3571,Germany,Titan Trading GmbH,Granite Holdings GmbH,Volume discount tier applies above threshold spend,15-พ.ย.-2022,15-พ.ย.-2022,23-ก.พ.-2025,Priya C.,Scope extension being discussed with partner,Expired/Not renewed,"$467,500"
2573,Training & Development,Leadership Development Engagement #3572,Indonesia,Cascade Systems PT,Solace Holdings PT,-,02-ธ.ค.-2023,02-ธ.ค.-2023,30-พ.ค.-2026,Siti K.,-,Expired/Not renewed,"$291,700"
2574,IT Services,Network Infrastructure Services #3573,Cambodia,"Nova Ventures Co., Ltd.",Internal - E-commerce,Renewal contingent on performance KPIs,29-ก.ค.-2022,29-ก.ค.-2022,09-มิ.ย.-2024,Grace H.,Flagged for cost optimization review,Expired/Not renewed,"$1,436,000"
2575,IT Services,Managed IT Services Agreement #3574,United Arab Emirates,Metro Innovations LLC,Internal - IT Security,Pricing subject to annual CPI adjustment,07-มี.ค.-2023,14-มี.ค.-2023,08-พ.ค.-2025,Daniel I.,Legal review in progress before renewal,Expired/Not renewed,"$1,365,300"
2576,Cleaning & Facility,Pest Control Services Agreement #3575,United States,Alliance Group Inc.,Beacon Group Inc.,Exclusive regional distribution rights included,14-ส.ค.-2024,21-ส.ค.-2024,11-ก.พ.-2028,James S.,Alternative vendors being benchmarked,Renewed,"$284,300"
2577,Logistics,Warehouse Lease & Operation Agreement #3576,Myanmar,"Horizon Group Co., Ltd.",Internal - Supply Chain,-,28-ก.ย.-2024,28-ก.ย.-2024,03-ธ.ค.-2026,Nathan I.,-,Upcoming renewal,"$834,600"
2578,Printing & Publishing,Corporate Printing Services Agreement #3577,United States,Zenith Dynamics Inc.,Internal - Marketing Dept.,Includes quarterly business review meetings,02-ก.ค.-2024,09-ก.ค.-2024,07-พ.ย.-2027,Yuki N.,Relationship manager reassigned this quarter,Renewed,"$14,000"
2579,Travel & Events,Event Management Services Contract #3578,United Arab Emirates,Alliance Systems LLC,Internal - Finance Dept.,Includes quarterly business review meetings,20-มิ.ย.-2023,20-มิ.ย.-2023,26-ก.ค.-2024,Suchada E.,No issues reported this cycle,Expired/Not renewed,"$150,400"
2580,Insurance,Property & Casualty Insurance Contract #3579,Singapore,Trident Services Pte Ltd,Internal - Supply Chain,Includes quarterly business review meetings,25-เม.ย.-2022,25-เม.ย.-2022,23-ม.ค.-2026,Yuki M.,Legal review in progress before renewal,Expired/Not renewed,"$1,426,200"
2581,Financial Services,Audit & Assurance Engagement #3580,Australia,Bright Innovations Pty Ltd,Internal - IT Security,Pricing subject to annual CPI adjustment,19-มี.ค.-2022,19-มี.ค.-2022,25-ก.ย.-2024,Fatima H.,No issues reported this cycle,Expired/Not renewed,"$33,100"
2582,Construction & Maintenance,Civil Works Contract #3581,Japan,Global Dynamics K.K.,Internal - Procurement,Renewal contingent on performance KPIs,23-ธ.ค.-2023,30-ธ.ค.-2023,28-ส.ค.-2027,James R.,Relationship manager reassigned this quarter,Renewed,"$1,154,300"
2583,Logistics,Customs Brokerage Agreement #3582,Taiwan,"Radiant Systems Co., Ltd.","BlueSky Networks Co., Ltd.",Exclusive regional distribution rights included,09-เม.ย.-2027,09-เม.ย.-2027,10-มิ.ย.-2028,Nattapong H.,Legal review in progress before renewal,Renewed,"$1,411,300"
2584,Waste Management,Waste Collection & Disposal Contract #3583,Philippines,Solace Technologies Inc.,Internal - Supply Chain,Includes 24/7 support SLA with penalty clauses,11-ต.ค.-2026,18-ต.ค.-2026,15-พ.ค.-2028,Suchada P.,Relationship manager reassigned this quarter,Renewed,"$112,900"
2585,Printing & Publishing,Annual Report Design & Print Contract #3584,China,"Vertex Systems Co., Ltd.",Internal - HR Dept.,Includes 24/7 support SLA with penalty clauses,08-พ.ค.-2023,22-พ.ค.-2023,15-ต.ค.-2026,Wanida T.,Budget approval pending for renewal,Upcoming renewal,"$70,100"
2586,Real Estate & Leasing,Office Space Lease Agreement #3585,Philippines,Falcon Logistics Inc.,Internal - Corporate Affairs,Service level agreement reviewed annually,18-พ.ค.-2027,25-พ.ค.-2027,27-ก.ย.-2028,Ahmed N.,-,Renewed,"$3,143,200"
2587,Travel & Events,Conference Venue Agreement #3586,Singapore,Prime Capital Pte Ltd,Internal - Admin Dept.,Exclusive regional distribution rights included,07-ก.พ.-2023,07-ก.พ.-2023,17-ต.ค.-2026,Priya T.,Vendor performance review scheduled,Upcoming renewal,"$100,400"
2588,Telecommunications,Satellite Communication Contract #3587,Myanmar,"Titan Group Co., Ltd.",Internal - Marketing Dept.,Exclusive regional distribution rights included,27-ก.ค.-2025,10-ส.ค.-2025,02-ส.ค.-2027,Ahmed W.,-,Renewed,"$596,000"
2589,HR & Payroll,Outsourced Payroll Processing Contract #3588,Vietnam,Pacific Partners JSC,Internal - Corporate Affairs,Service level agreement reviewed annually,22-ม.ค.-2022,22-ม.ค.-2022,05-ม.ค.-2025,Hiroshi N.,Scope extension being discussed with partner,Expired/Not renewed,"$391,300"
2590,HR & Payroll,HR Systems Implementation Contract #3589,Cambodia,"Summit Trading Co., Ltd.",Internal - HR Dept.,"Multi-year framework agreement, reviewed yearly",31-มี.ค.-2024,31-มี.ค.-2024,15-พ.ย.-2026,Chloe T.,Budget approval pending for renewal,Negotiation in progress,"$229,700"
2591,Insurance,Cyber Liability Insurance Policy #3590,Philippines,Ivory Capital Inc.,Internal - Admin Dept.,"Auto-renew clause, 30 days notice required",15-เม.ย.-2024,15-เม.ย.-2024,08-ก.พ.-2027,Tanawat H.,Relationship manager reassigned this quarter,Negotiation in progress,"$1,110,600"
2592,Travel & Events,Event Management Services Contract #3591,Indonesia,Horizon Dynamics PT,Internal - Marketing Dept.,Includes 24/7 support SLA with penalty clauses,12-พ.ย.-2023,12-พ.ย.-2023,02-พ.ย.-2026,Wei L.,No issues reported this cycle,Upcoming renewal,"$71,600"
2593,Cleaning & Facility,Janitorial Services Agreement #3592,China,"Nova Capital Co., Ltd.",Internal - Finance Dept.,Renewal contingent on performance KPIs,28-มี.ค.-2026,11-เม.ย.-2026,15-ส.ค.-2028,Grace S.,Legal review in progress before renewal,Renewed,"$309,100"
2594,Real Estate & Leasing,Equipment Leasing Agreement #3593,Vietnam,BlueSky Capital JSC,Anchor Holdings JSC,Includes quarterly business review meetings,29-พ.ย.-2023,13-ธ.ค.-2023,05-ก.พ.-2027,Ploy P.,Relationship manager reassigned this quarter,Negotiation in progress,"$463,200"
2595,Software Licensing,CRM Platform Subscription Agreement #3594,Philippines,Solace Ventures Inc.,Atlas Services Inc.,"Auto-renew clause, 30 days notice required",20-พ.ค.-2026,20-พ.ค.-2026,13-ส.ค.-2028,Arjun D.,-,Renewed,"$2,005,500"
2596,Insurance,Group Health Insurance Policy #3595,Thailand,"Unity Consulting Co., Ltd.","Global Dynamics Co., Ltd.",Service level agreement reviewed annually,23-ส.ค.-2025,23-ส.ค.-2025,15-ม.ค.-2028,Wanida E.,Budget approval pending for renewal,Renewed,"$700,900"
2597,Training & Development,E-Learning Platform License #3596,Hong Kong,Pacific Technologies Ltd.,Internal - Admin Dept.,Volume discount tier applies above threshold spend,21-ก.ย.-2023,21-ก.ย.-2023,17-ต.ค.-2026,Michael A.,"Renewal quote received, under internal review",Upcoming renewal,"$271,800"
2598,Construction & Maintenance,Building Renovation Contract #3597,Hong Kong,Nova Trading Ltd.,Internal - Admin Dept.,"Multi-year framework agreement, reviewed yearly",08-พ.ค.-2025,15-พ.ค.-2025,26-ก.ย.-2026,David P.,Relationship manager reassigned this quarter,Upcoming renewal,"$568,600"
2599,Financial Services,Corporate Banking Services Agreement #3598,Germany,Prime Innovations GmbH,Global Holdings GmbH,"Auto-renew clause, 15 days notice required",21-มี.ค.-2024,21-มี.ค.-2024,01-ธ.ค.-2027,Ravi G.,Legal review in progress before renewal,Renewed,"$110,900"
2600,Fleet & Transportation,Fleet Maintenance Agreement #3599,Philippines,Zenith Holdings Inc.,Internal - E-commerce,Exclusive regional distribution rights included,23-เม.ย.-2022,23-เม.ย.-2022,08-ต.ค.-2024,Wei F.,Scope extension being discussed with partner,Expired/Not renewed,"$884,900"
2601,Printing & Publishing,Annual Report Design & Print Contract #3600,United Kingdom,Bright Systems Ltd.,Radiant Networks Ltd.,Renewal contingent on performance KPIs,25-เม.ย.-2024,25-เม.ย.-2024,16-ต.ค.-2025,Suchada F.,Legal review in progress before renewal,Expired/Not renewed,"$53,700"
2602,Travel & Events,Event Management Services Contract #3601,Vietnam,Meridian Solutions JSC,Apex Technologies JSC,-,21-มี.ค.-2022,21-มี.ค.-2022,29-ก.ค.-2024,Suchada C.,No issues reported this cycle,Expired/Not renewed,"$286,000"
2603,Manufacturing Supply,OEM Production Agreement #3602,Singapore,NorthStar Innovations Pte Ltd,Internal - Admin Dept.,Renewal contingent on performance KPIs,24-ก.พ.-2027,24-ก.พ.-2027,04-มิ.ย.-2028,Ploy P.,Alternative vendors being benchmarked,Renewed,"$1,101,000"
2604,Cleaning & Facility,Janitorial Services Agreement #3603,Australia,Crest Trading Pty Ltd,Internal - Operations,Includes quarterly business review meetings,26-ส.ค.-2026,02-ก.ย.-2026,27-ธ.ค.-2027,Aiko J.,Alternative vendors being benchmarked,Renewed,"$210,800"
2605,Legal,Litigation Support Contract #3604,United Arab Emirates,Bright Systems LLC,Ivory Holdings LLC,Renewal contingent on performance KPIs,07-เม.ย.-2024,14-เม.ย.-2024,29-ต.ค.-2025,Ploy D.,"Renewal quote received, under internal review",Expired/Not renewed,"$47,500"
2606,Fleet & Transportation,Corporate Shuttle Service Contract #3605,United Arab Emirates,Bright Trading LLC,Apex Holdings LLC,Includes quarterly business review meetings,09-ก.ย.-2025,09-ก.ย.-2025,13-ธ.ค.-2026,Ploy S.,Legal review in progress before renewal,Negotiation in progress,"$258,300"
2607,Telecommunications,Corporate Mobile Plan Agreement #3606,Indonesia,Trident Systems PT,Vanguard Innovations PT,Renewal contingent on performance KPIs,25-ส.ค.-2023,25-ส.ค.-2023,27-มิ.ย.-2026,Suchada L.,Vendor performance review scheduled,Expired/Not renewed,"$174,600"
2608,Manufacturing Supply,OEM Production Agreement #3607,Hong Kong,Unity Dynamics Ltd.,Internal - Legal Dept.,"Auto-renew clause, 60 days notice required",16-เม.ย.-2025,16-เม.ย.-2025,13-ก.พ.-2029,Wanida N.,Alternative vendors being benchmarked,Renewed,"$1,249,800"
2609,Waste Management,Waste Collection & Disposal Contract #3608,Vietnam,Anchor Solutions JSC,Internal - E-commerce,"Multi-year framework agreement, reviewed yearly",23-มี.ค.-2025,23-มี.ค.-2025,14-พ.ย.-2028,Hiroshi H.,Relationship manager reassigned this quarter,Renewed,"$204,800"
2610,Software Licensing,Business Intelligence Platform License #3609,Germany,Pacific Logistics GmbH,Internal - Marketing Dept.,Includes 24/7 support SLA with penalty clauses,22-มิ.ย.-2023,22-มิ.ย.-2023,23-พ.ย.-2026,Anucha K.,"Renewal quote received, under internal review",Upcoming renewal,"$264,000"
2611,Waste Management,Waste Collection & Disposal Contract #3610,Thailand,"Global Dynamics Co., Ltd.","Onyx Systems Co., Ltd.",Includes 24/7 support SLA with penalty clauses,31-พ.ค.-2025,14-มิ.ย.-2025,10-ม.ค.-2027,Arjun L.,-,Negotiation in progress,"$191,300"
2612,Manufacturing Supply,Component Manufacturing Contract #3611,Germany,Emerald Partners GmbH,Solace Holdings GmbH,-,18-ก.พ.-2025,18-ก.พ.-2025,02-ส.ค.-2027,David J.,"Renewal quote received, under internal review",Renewed,"$141,600"
2613,Financial Services,Treasury Management Contract #3612,Philippines,Anchor Holdings Inc.,Trident Innovations Inc.,-,19-ต.ค.-2022,19-ต.ค.-2022,15-พ.ค.-2025,Carlos N.,Vendor performance review scheduled,Expired/Not renewed,"$898,400"
2614,Logistics,Fleet Logistics Services Contract #3613,United States,Radiant Systems Inc.,Beacon Ventures Inc.,"Auto-renew clause, 90 days notice required",05-พ.ย.-2023,12-พ.ย.-2023,12-ต.ค.-2026,Nattapong C.,Scope extension being discussed with partner,Upcoming renewal,"$1,445,800"
2615,Manufacturing Supply,Raw Material Supply Agreement #3614,Malaysia,Global Logistics Sdn Bhd,Internal - Finance Dept.,Includes 24/7 support SLA with penalty clauses,30-พ.ย.-2024,07-ธ.ค.-2024,13-มี.ค.-2026,Wanida M.,Scope extension being discussed with partner,Expired/Not renewed,"$2,901,300"
2616,Financial Services,Payment Gateway Services Agreement #3615,Australia,Trident Trading Pty Ltd,Trident Group Pty Ltd,Service level agreement reviewed annually,13-พ.ย.-2026,20-พ.ย.-2026,25-เม.ย.-2028,Budi M.,Alternative vendors being benchmarked,Renewed,"$714,100"
2617,Financial Services,Treasury Management Contract #3616,Taiwan,"Vanguard Enterprises Co., Ltd.",Internal - IT Dept.,Service level agreement reviewed annually,20-ก.ย.-2021,27-ก.ย.-2021,13-ส.ค.-2025,Yuki H.,No issues reported this cycle,Expired/Not renewed,"$212,400"
2618,Cleaning & Facility,Office Facility Management Contract #3617,Philippines,Sterling Systems Inc.,Internal - E-commerce,Renewal contingent on performance KPIs,08-มิ.ย.-2023,08-มิ.ย.-2023,11-ม.ค.-2027,Nathan W.,"Renewal quote received, under internal review",Negotiation in progress,"$289,600"
2619,Waste Management,Recycling Services Agreement #3618,Japan,Titan Group K.K.,Summit Solutions K.K.,-,02-ก.พ.-2026,02-ก.พ.-2026,12-ก.ย.-2028,Nathan K.,-,Renewed,"$257,000"
2620,IT Services,Managed IT Services Agreement #3619,China,"Delta Logistics Co., Ltd.",Internal - Supply Chain,-,27-มี.ค.-2025,27-มี.ค.-2025,06-ม.ค.-2029,Somchai S.,Relationship manager reassigned this quarter,Renewed,"$1,008,800"
2621,Financial Services,Corporate Banking Services Agreement #3620,Myanmar,"Global Technologies Co., Ltd.",Internal - Corporate Affairs,Includes 24/7 support SLA with penalty clauses,06-ม.ค.-2024,13-ม.ค.-2024,04-ก.ค.-2026,Michael S.,No issues reported this cycle,Expired/Not renewed,"$44,300"
2622,IT Services,IT Helpdesk & Support Contract #3621,Philippines,Beacon Networks Inc.,Internal - Marketing Dept.,Pricing subject to annual CPI adjustment,20-ม.ค.-2025,03-ก.พ.-2025,03-ต.ค.-2026,Somchai B.,Budget approval pending for renewal,Negotiation in progress,"$1,399,900"
2623,Insurance,Property & Casualty Insurance Contract #3622,United Arab Emirates,Silverline Capital LLC,Lumen Technologies LLC,"Auto-renew clause, 60 days notice required",01-ธ.ค.-2022,01-ธ.ค.-2022,11-ต.ค.-2026,Ploy J.,Vendor performance review scheduled,Upcoming renewal,"$767,000"
2624,Financial Services,Treasury Management Contract #3623,Australia,Crown Holdings Pty Ltd,Internal - Procurement,Service level agreement reviewed annually,01-ก.ย.-2025,01-ก.ย.-2025,24-ธ.ค.-2026,Yuki C.,Relationship manager reassigned this quarter,Negotiation in progress,"$212,900"
2625,Marketing,Digital Marketing Retainer #3624,Vietnam,Anchor Capital JSC,Internal - Supply Chain,"Auto-renew clause, 45 days notice required",31-ต.ค.-2022,31-ต.ค.-2022,21-ต.ค.-2026,Yuki D.,"Renewal quote received, under internal review",Negotiation in progress,"$97,300"
2626,Insurance,Cargo Insurance Agreement #3625,Malaysia,Vertex Solutions Sdn Bhd,Global Innovations Sdn Bhd,-,04-ธ.ค.-2026,04-ธ.ค.-2026,20-เม.ย.-2028,Piyawan I.,Scope extension being discussed with partner,Renewed,"$658,900"
2627,Cleaning & Facility,Pest Control Services Agreement #3626,United Arab Emirates,Zenith Partners LLC,Atlas Systems LLC,Service level agreement reviewed annually,01-พ.ย.-2026,01-พ.ย.-2026,20-ธ.ค.-2028,David R.,Vendor performance review scheduled,Renewed,"$202,900"
2628,Consulting,Strategy Advisory Retainer #3627,Myanmar,"Summit Ventures Co., Ltd.","Orion Networks Co., Ltd.","Multi-year framework agreement, reviewed yearly",25-ธ.ค.-2024,25-ธ.ค.-2024,03-ก.ย.-2027,Daniel B.,Legal review in progress before renewal,Renewed,"$276,200"
2629,Real Estate & Leasing,Equipment Leasing Agreement #3628,Vietnam,Vertex Services JSC,Internal - Marketing Dept.,Exclusive regional distribution rights included,03-พ.ย.-2024,10-พ.ย.-2024,03-ธ.ค.-2026,David N.,Scope extension being discussed with partner,Negotiation in progress,"$1,522,500"
2630,Marketing,Media Buying Agreement #3629,India,Sterling Systems Pvt. Ltd.,Internal - HR Dept.,Exclusive regional distribution rights included,14-ก.พ.-2024,14-ก.พ.-2024,29-พ.ย.-2026,Budi L.,"Renewal quote received, under internal review",Upcoming renewal,"$826,200"
2631,Waste Management,Hazardous Waste Management Contract #3630,France,Trident Innovations SAS,Crown Industries SAS,"Multi-year framework agreement, reviewed yearly",12-ธ.ค.-2024,12-ธ.ค.-2024,26-ต.ค.-2026,Piyawan E.,Flagged for cost optimization review,Upcoming renewal,"$79,800"
2632,HR & Payroll,Employee Benefits Administration #3631,Malaysia,Pinnacle Ventures Sdn Bhd,Internal - Legal Dept.,"Auto-renew clause, 15 days notice required",23-มี.ค.-2027,30-มี.ค.-2027,06-ก.พ.-2029,Nattapong W.,Legal review in progress before renewal,Renewed,"$21,200"
2633,HR & Payroll,HR Systems Implementation Contract #3632,Taiwan,"Delta Ventures Co., Ltd.",Internal - Operations,Includes 24/7 support SLA with penalty clauses,09-ก.พ.-2027,09-ก.พ.-2027,06-พ.ค.-2028,Piyawan P.,No issues reported this cycle,Renewed,"$193,700"
2634,Manufacturing Supply,Component Manufacturing Contract #3633,Germany,Quantum Networks GmbH,Internal - Supply Chain,"Auto-renew clause, 90 days notice required",12-พ.ย.-2024,12-พ.ย.-2024,23-ต.ค.-2028,Ploy G.,Relationship manager reassigned this quarter,Renewed,"$884,900"
2635,IT Services,Cloud Hosting Agreement #3634,Vietnam,Solace Holdings JSC,Internal - Finance Dept.,Renewal contingent on performance KPIs,31-ม.ค.-2025,31-ม.ค.-2025,10-พ.ย.-2026,Siti L.,Scope extension being discussed with partner,Upcoming renewal,"$87,700"
2636,Software Licensing,Enterprise Software License (ERP) #3635,France,Ivory Holdings SAS,Internal - IT Security,Exclusive regional distribution rights included,09-ก.ค.-2024,09-ก.ค.-2024,01-ส.ค.-2025,Chloe S.,Flagged for cost optimization review,Expired/Not renewed,"$1,150,700"
2637,Marketing,Influencer Partnership Contract #3636,Philippines,Emerald Logistics Inc.,Internal - Legal Dept.,Exclusive regional distribution rights included,20-มิ.ย.-2025,04-ก.ค.-2025,24-เม.ย.-2028,Wei S.,"Renewal quote received, under internal review",Renewed,"$837,400"
2638,Training & Development,Leadership Development Engagement #3637,Myanmar,"Vertex Holdings Co., Ltd.",Internal - Marketing Dept.,Renewal contingent on performance KPIs,05-มี.ค.-2026,05-มี.ค.-2026,12-พ.ย.-2027,Siti W.,Legal review in progress before renewal,Renewed,"$171,700"
2639,Waste Management,Hazardous Waste Management Contract #3638,Thailand,"Trident Trading Co., Ltd.","Unity Systems Co., Ltd.",Exclusive regional distribution rights included,10-ม.ค.-2024,10-ม.ค.-2024,07-ม.ค.-2028,Siti S.,Flagged for cost optimization review,Renewed,"$65,800"
2640,Software Licensing,CRM Platform Subscription Agreement #3639,France,Vertex Ventures SAS,Internal - Marketing Dept.,Pricing subject to annual CPI adjustment,19-ม.ค.-2025,26-ม.ค.-2025,09-มิ.ย.-2028,Wanida R.,No issues reported this cycle,Renewed,"$910,500"
2641,Travel & Events,Conference Venue Agreement #3640,India,Crown Solutions Pvt. Ltd.,Internal - Procurement,Service level agreement reviewed annually,13-พ.ย.-2024,13-พ.ย.-2024,28-ก.ย.-2027,Somchai G.,Flagged for cost optimization review,Renewed,"$181,100"
2642,Printing & Publishing,Annual Report Design & Print Contract #3641,United Arab Emirates,Prime Technologies LLC,Horizon Services LLC,Volume discount tier applies above threshold spend,22-ม.ค.-2024,29-ม.ค.-2024,24-พ.ค.-2026,Ploy S.,Vendor performance review scheduled,Expired/Not renewed,"$44,100"
2643,Legal,Regulatory Filing Services #3642,United Arab Emirates,Bright Ventures LLC,Cascade Innovations LLC,"Multi-year framework agreement, reviewed yearly",23-ธ.ค.-2022,06-ม.ค.-2023,19-ต.ค.-2026,Minji I.,Budget approval pending for renewal,Negotiation in progress,"$108,000"
2644,Real Estate & Leasing,Retail Unit Lease Contract #3643,United Arab Emirates,Zenith Networks LLC,Internal - E-commerce,Pricing subject to annual CPI adjustment,17-ธ.ค.-2025,17-ธ.ค.-2025,18-พ.ค.-2028,Somchai O.,Relationship manager reassigned this quarter,Renewed,"$3,831,700"
2645,Insurance,Cyber Liability Insurance Policy #3644,Germany,Atlas Partners GmbH,Internal - Corporate Affairs,Includes quarterly business review meetings,15-ม.ค.-2024,15-ม.ค.-2024,23-ต.ค.-2026,Michael N.,Legal review in progress before renewal,Negotiation in progress,"$1,006,100"
2646,Construction & Maintenance,HVAC Maintenance Agreement #3645,Taiwan,"Delta Ventures Co., Ltd.",Internal - Corporate Affairs,Exclusive regional distribution rights included,08-มี.ค.-2023,22-มี.ค.-2023,13-พ.ย.-2026,Suchada O.,"Renewal quote received, under internal review",Upcoming renewal,"$560,800"
2647,Construction & Maintenance,HVAC Maintenance Agreement #3646,China,"Pacific Industries Co., Ltd.",Internal - Finance Dept.,-,01-มี.ค.-2026,01-มี.ค.-2026,02-ธ.ค.-2027,Daniel S.,Alternative vendors being benchmarked,Renewed,"$1,672,800"
2648,Cleaning & Facility,Pest Control Services Agreement #3647,Indonesia,Falcon Systems PT,Internal - E-commerce,Exclusive regional distribution rights included,24-ธ.ค.-2026,24-ธ.ค.-2026,18-มิ.ย.-2028,Aiko T.,Relationship manager reassigned this quarter,Renewed,"$87,100"
2649,Telecommunications,Corporate Mobile Plan Agreement #3648,Taiwan,"Summit Technologies Co., Ltd.",Internal - IT Security,"Auto-renew clause, 60 days notice required",28-ม.ค.-2023,28-ม.ค.-2023,09-ต.ค.-2026,Priya T.,-,Upcoming renewal,"$446,300"
2650,Logistics,Customs Brokerage Agreement #3649,Vietnam,NorthStar Networks JSC,Internal - Operations,-,28-ต.ค.-2023,11-พ.ย.-2023,16-มิ.ย.-2026,Piyawan T.,-,Expired/Not renewed,"$1,420,600"
2651,Logistics,Fleet Logistics Services Contract #3650,Myanmar,"Pacific Networks Co., Ltd.",Internal - IT Security,Includes 24/7 support SLA with penalty clauses,18-ก.ค.-2024,18-ก.ค.-2024,09-ธ.ค.-2026,Michael J.,Legal review in progress before renewal,Negotiation in progress,"$145,700"
2652,Software Licensing,Cybersecurity Software License #3651,Indonesia,Emerald Technologies PT,BlueSky Solutions PT,"Multi-year framework agreement, reviewed yearly",01-เม.ย.-2023,08-เม.ย.-2023,08-ก.พ.-2027,Aiko E.,Relationship manager reassigned this quarter,Negotiation in progress,"$2,067,400"
2653,Consulting,Business Process Improvement Engagement #3652,Philippines,Pacific Networks Inc.,Orion Ventures Inc.,Includes 24/7 support SLA with penalty clauses,24-ส.ค.-2023,24-ส.ค.-2023,28-พ.ย.-2026,Piyawan O.,Scope extension being discussed with partner,Upcoming renewal,"$1,042,900"
2654,Telecommunications,Satellite Communication Contract #3653,Thailand,"NorthStar Trading Co., Ltd.",Internal - IT Dept.,-,11-ก.ค.-2023,11-ก.ค.-2023,18-พ.ย.-2026,Minji F.,Alternative vendors being benchmarked,Upcoming renewal,"$186,700"
2655,Construction & Maintenance,HVAC Maintenance Agreement #3654,Indonesia,Delta Trading PT,Internal - Supply Chain,Exclusive regional distribution rights included,23-เม.ย.-2022,23-เม.ย.-2022,13-ต.ค.-2024,Arjun P.,Vendor performance review scheduled,Expired/Not renewed,"$186,300"
2656,Printing & Publishing,Signage & Print Production Agreement #3655,United States,Pinnacle Trading Inc.,Internal - E-commerce,Service level agreement reviewed annually,08-พ.ค.-2023,08-พ.ค.-2023,11-ก.พ.-2027,Ploy K.,Legal review in progress before renewal,Negotiation in progress,"$114,900"
2657,Marketing,Brand Campaign Agreement #3656,United States,Sterling Holdings Inc.,Ivory Holdings Inc.,"Multi-year framework agreement, reviewed yearly",14-ส.ค.-2024,14-ส.ค.-2024,30-พ.ย.-2026,Suchada D.,No issues reported this cycle,Negotiation in progress,"$821,100"
2658,Travel & Events,Corporate Travel Management Agreement #3657,France,Cascade Technologies SAS,Internal - Operations,Includes 24/7 support SLA with penalty clauses,03-มี.ค.-2025,10-มี.ค.-2025,14-ก.พ.-2028,David E.,-,Renewed,"$214,900"
2659,Insurance,Cyber Liability Insurance Policy #3658,United Arab Emirates,Beacon Partners LLC,Internal - IT Security,"Auto-renew clause, 60 days notice required",03-ก.ค.-2026,03-ก.ค.-2026,07-ก.ย.-2028,Minji W.,Relationship manager reassigned this quarter,Renewed,"$181,100"
2660,Marketing,Brand Campaign Agreement #3659,Thailand,"Apex Dynamics Co., Ltd.",Internal - Operations,Service level agreement reviewed annually,25-เม.ย.-2024,25-เม.ย.-2024,10-มิ.ย.-2027,Wei T.,Vendor performance review scheduled,Renewed,"$135,400"
2661,Manufacturing Supply,Component Manufacturing Contract #3660,United States,Granite Trading Inc.,Crest Logistics Inc.,-,04-พ.ค.-2024,04-พ.ค.-2024,05-เม.ย.-2027,Arjun R.,"Renewal quote received, under internal review",Renewed,"$1,931,300"
2662,Financial Services,Audit & Assurance Engagement #3661,Hong Kong,Unity Industries Ltd.,Internal - Supply Chain,Includes quarterly business review meetings,10-เม.ย.-2025,10-เม.ย.-2025,18-พ.ย.-2027,Ahmed D.,Relationship manager reassigned this quarter,Renewed,"$921,600"
2663,IT Services,IT Helpdesk & Support Contract #3662,Hong Kong,Prime Networks Ltd.,Silverline Consulting Ltd.,Includes quarterly business review meetings,05-ก.พ.-2025,12-ก.พ.-2025,04-ธ.ค.-2027,Laura W.,No issues reported this cycle,Renewed,"$1,386,500"
2664,IT Services,Cloud Hosting Agreement #3663,United Arab Emirates,Silverline Group LLC,Internal - Legal Dept.,Renewal contingent on performance KPIs,23-ธ.ค.-2024,23-ธ.ค.-2024,30-ต.ค.-2026,Kanokwan C.,Budget approval pending for renewal,Upcoming renewal,"$2,432,500"
2665,Telecommunications,Satellite Communication Contract #3664,China,"Emerald Capital Co., Ltd.",Internal - Finance Dept.,"Auto-renew clause, 60 days notice required",30-มี.ค.-2023,30-มี.ค.-2023,24-ก.ย.-2026,Suchada P.,Vendor performance review scheduled,Upcoming renewal,"$442,800"
2666,Software Licensing,CRM Platform Subscription Agreement #3665,Japan,Evergreen Dynamics K.K.,Internal - Operations,"Auto-renew clause, 45 days notice required",17-ต.ค.-2025,24-ต.ค.-2025,30-ต.ค.-2026,James N.,Relationship manager reassigned this quarter,Negotiation in progress,"$1,828,900"
2667,Logistics,Customs Brokerage Agreement #3666,United Arab Emirates,Granite Industries LLC,Internal - E-commerce,Exclusive regional distribution rights included,04-พ.ย.-2024,18-พ.ย.-2024,13-ธ.ค.-2026,Ploy K.,Alternative vendors being benchmarked,Upcoming renewal,"$1,080,600"
2668,Fleet & Transportation,Vehicle Leasing Agreement #3667,Malaysia,Ivory Technologies Sdn Bhd,Internal - Operations,Service level agreement reviewed annually,03-ก.ค.-2023,17-ก.ค.-2023,26-พ.ค.-2025,David R.,-,Expired/Not renewed,"$165,700"
2669,Legal,Regulatory Filing Services #3668,Germany,Falcon Group GmbH,Internal - Procurement,Includes 24/7 support SLA with penalty clauses,05-ก.ค.-2024,19-ก.ค.-2024,19-ม.ค.-2028,Michael F.,Budget approval pending for renewal,Renewed,"$501,200"
2670,Construction & Maintenance,Civil Works Contract #3669,South Korea,"Quantum Enterprises Co., Ltd.",Internal - IT Security,Exclusive regional distribution rights included,19-พ.ค.-2023,26-พ.ค.-2023,26-ม.ค.-2026,David C.,No issues reported this cycle,Expired/Not renewed,"$675,700"
2671,Manufacturing Supply,Component Manufacturing Contract #3670,Malaysia,Beacon Ventures Sdn Bhd,Internal - IT Dept.,Exclusive regional distribution rights included,24-มี.ค.-2023,24-มี.ค.-2023,19-มิ.ย.-2024,Budi A.,No issues reported this cycle,Expired/Not renewed,"$2,045,000"
2672,Fleet & Transportation,Corporate Shuttle Service Contract #3671,United States,Ivory Dynamics Inc.,Internal - IT Dept.,Exclusive regional distribution rights included,27-ก.พ.-2022,27-ก.พ.-2022,12-ม.ค.-2026,Budi E.,"Renewal quote received, under internal review",Expired/Not renewed,"$789,600"
2673,Real Estate & Leasing,Office Space Lease Agreement #3672,Thailand,"Bright Enterprises Co., Ltd.","Atlas Enterprises Co., Ltd.",Exclusive regional distribution rights included,17-ต.ค.-2022,24-ต.ค.-2022,01-ต.ค.-2024,Siti T.,Vendor performance review scheduled,Expired/Not renewed,"$1,470,600"
2674,Software Licensing,Enterprise Software License (ERP) #3673,Hong Kong,Trident Innovations Ltd.,Internal - Marketing Dept.,"Auto-renew clause, 60 days notice required",29-ม.ค.-2024,29-ม.ค.-2024,01-พ.ย.-2027,Ahmed F.,Budget approval pending for renewal,Renewed,"$2,581,300"
2675,Training & Development,E-Learning Platform License #3674,Myanmar,"Quantum Group Co., Ltd.",Internal - IT Security,-,12-ก.ย.-2023,12-ก.ย.-2023,20-ต.ค.-2026,Hiroshi W.,Vendor performance review scheduled,Negotiation in progress,"$101,500"
2676,Telecommunications,Internet Leased Line Contract #3675,Japan,Onyx Systems K.K.,Internal - Corporate Affairs,"Multi-year framework agreement, reviewed yearly",15-มิ.ย.-2023,22-มิ.ย.-2023,17-มิ.ย.-2026,Ploy O.,Flagged for cost optimization review,Expired/Not renewed,"$600,500"
2677,Construction & Maintenance,HVAC Maintenance Agreement #3676,Thailand,"Anchor Logistics Co., Ltd.",Internal - Marketing Dept.,Renewal contingent on performance KPIs,02-มิ.ย.-2026,02-มิ.ย.-2026,03-ส.ค.-2027,Ahmed C.,Relationship manager reassigned this quarter,Renewed,"$202,100"
2678,Cleaning & Facility,Facility Maintenance Contract #3677,Thailand,"Crest Trading Co., Ltd.",Internal - Operations,Exclusive regional distribution rights included,02-มี.ค.-2024,09-มี.ค.-2024,22-มิ.ย.-2027,Yuki N.,"Renewal quote received, under internal review",Renewed,"$257,600"
2679,Construction & Maintenance,Building Renovation Contract #3678,Singapore,Cascade Industries Pte Ltd,Internal - IT Dept.,Includes quarterly business review meetings,18-ม.ค.-2024,25-ม.ค.-2024,25-ธ.ค.-2026,Somchai F.,Budget approval pending for renewal,Negotiation in progress,"$772,500"
2680,Manufacturing Supply,Packaging Supply Contract #3679,United Kingdom,Orion Dynamics Ltd.,Vertex Innovations Ltd.,-,09-ก.ย.-2024,16-ก.ย.-2024,21-ก.ย.-2025,Priya C.,Vendor performance review scheduled,Expired/Not renewed,"$2,126,600"
2681,HR & Payroll,Outsourced Payroll Processing Contract #3680,South Korea,"Summit Technologies Co., Ltd.","Delta Holdings Co., Ltd.",Pricing subject to annual CPI adjustment,11-พ.ย.-2026,18-พ.ย.-2026,05-มิ.ย.-2028,Priya P.,Relationship manager reassigned this quarter,Renewed,"$381,000"
2682,HR & Payroll,Outsourced Payroll Processing Contract #3681,Thailand,"Sterling Enterprises Co., Ltd.","Titan Holdings Co., Ltd.",-,29-ธ.ค.-2024,12-ม.ค.-2025,13-พ.ย.-2026,Ploy R.,"Renewal quote received, under internal review",Upcoming renewal,"$92,900"
2683,Financial Services,Audit & Assurance Engagement #3682,Singapore,Crest Group Pte Ltd,Summit Networks Pte Ltd,-,04-มิ.ย.-2024,11-มิ.ย.-2024,15-พ.ย.-2027,Budi M.,Legal review in progress before renewal,Renewed,"$85,900"
2684,Legal,IP & Trademark Registration Services #3683,Malaysia,Beacon Innovations Sdn Bhd,Internal - HR Dept.,-,21-ก.ย.-2024,28-ก.ย.-2024,20-ม.ค.-2028,Kanokwan W.,-,Renewed,"$33,900"
2685,Waste Management,Hazardous Waste Management Contract #3684,France,Cascade Networks SAS,NorthStar Partners SAS,Includes 24/7 support SLA with penalty clauses,24-ก.ย.-2024,24-ก.ย.-2024,17-ส.ค.-2028,David A.,Flagged for cost optimization review,Renewed,"$216,500"
2686,Printing & Publishing,Signage & Print Production Agreement #3685,Hong Kong,NorthStar Systems Ltd.,Beacon Trading Ltd.,Includes quarterly business review meetings,07-พ.ค.-2025,07-พ.ค.-2025,05-ต.ค.-2028,Grace R.,Vendor performance review scheduled,Renewed,"$92,200"
2687,HR & Payroll,Employee Benefits Administration #3686,Thailand,"Apex Dynamics Co., Ltd.",Internal - Supply Chain,"Multi-year framework agreement, reviewed yearly",01-มี.ค.-2027,01-มี.ค.-2027,01-เม.ย.-2028,Ploy K.,Alternative vendors being benchmarked,Renewed,"$327,800"
2688,Training & Development,Leadership Development Engagement #3687,Indonesia,Horizon Consulting PT,Atlas Dynamics PT,Exclusive regional distribution rights included,12-ต.ค.-2022,12-ต.ค.-2022,11-ต.ค.-2026,Wanida I.,No issues reported this cycle,Upcoming renewal,"$284,800"
2689,Legal,Corporate Legal Advisory Retainer #3688,South Korea,"Anchor Consulting Co., Ltd.",Internal - Supply Chain,Exclusive regional distribution rights included,09-เม.ย.-2026,09-เม.ย.-2026,11-พ.ย.-2027,Minji F.,Relationship manager reassigned this quarter,Renewed,"$545,200"
2690,Waste Management,Recycling Services Agreement #3689,Vietnam,Crown Group JSC,Trident Consulting JSC,"Auto-renew clause, 45 days notice required",04-ต.ค.-2024,18-ต.ค.-2024,07-ธ.ค.-2027,Kanokwan R.,Relationship manager reassigned this quarter,Renewed,"$243,000"
2691,Real Estate & Leasing,Office Space Lease Agreement #3690,Singapore,Nova Networks Pte Ltd,Titan Systems Pte Ltd,Service level agreement reviewed annually,20-มิ.ย.-2024,04-ก.ค.-2024,03-ต.ค.-2026,Ahmed S.,Flagged for cost optimization review,Upcoming renewal,"$1,312,000"
2692,Fleet & Transportation,Fleet Maintenance Agreement #3691,Vietnam,Meridian Holdings JSC,Internal - E-commerce,Renewal contingent on performance KPIs,25-ก.พ.-2027,04-มี.ค.-2027,13-มิ.ย.-2028,Suchada A.,Legal review in progress before renewal,Renewed,"$747,600"
2693,Insurance,Group Health Insurance Policy #3692,Vietnam,Delta Networks JSC,Atlas Group JSC,Exclusive regional distribution rights included,28-พ.ค.-2026,28-พ.ค.-2026,17-ธ.ค.-2028,Tanawat O.,-,Renewed,"$1,456,400"
2694,Waste Management,Recycling Services Agreement #3693,Thailand,"Bright Capital Co., Ltd.","Falcon Partners Co., Ltd.",Pricing subject to annual CPI adjustment,05-พ.ย.-2024,19-พ.ย.-2024,07-ส.ค.-2028,Somchai I.,Vendor performance review scheduled,Renewed,"$292,700"
2695,Insurance,Cargo Insurance Agreement #3694,Thailand,"Apex Industries Co., Ltd.",Internal - Marketing Dept.,-,26-พ.ย.-2022,26-พ.ย.-2022,30-พ.ค.-2026,Wanida R.,Vendor performance review scheduled,Expired/Not renewed,"$896,500"
2696,Cleaning & Facility,Pest Control Services Agreement #3695,India,Trident Technologies Pvt. Ltd.,Internal - Finance Dept.,Service level agreement reviewed annually,05-ธ.ค.-2025,19-ธ.ค.-2025,27-พ.ย.-2028,Hiroshi D.,"Renewal quote received, under internal review",Renewed,"$326,900"
2697,Real Estate & Leasing,Office Space Lease Agreement #3696,Cambodia,"Apex Consulting Co., Ltd.",Internal - HR Dept.,Includes 24/7 support SLA with penalty clauses,30-ก.ค.-2022,30-ก.ค.-2022,29-เม.ย.-2024,Fatima I.,-,Expired/Not renewed,"$2,243,200"
2698,Waste Management,Hazardous Waste Management Contract #3697,Australia,Pinnacle Technologies Pty Ltd,BlueSky Networks Pty Ltd,Includes quarterly business review meetings,10-มี.ค.-2025,10-มี.ค.-2025,07-เม.ย.-2028,Aiko H.,Flagged for cost optimization review,Renewed,"$67,600"
2699,Security,Physical Security & Guard Services #3698,Vietnam,Metro Capital JSC,Internal - Marketing Dept.,Pricing subject to annual CPI adjustment,24-พ.ค.-2026,24-พ.ค.-2026,10-ธ.ค.-2028,Michael K.,Scope extension being discussed with partner,Renewed,"$341,000"
2700,Real Estate & Leasing,Office Space Lease Agreement #3699,Taiwan,"Orion Trading Co., Ltd.","Metro Holdings Co., Ltd.",Pricing subject to annual CPI adjustment,09-ม.ค.-2023,09-ม.ค.-2023,18-ต.ค.-2026,Tanawat L.,Budget approval pending for renewal,Upcoming renewal,"$631,200"
2701,Cleaning & Facility,Janitorial Services Agreement #3700,South Korea,"NorthStar Systems Co., Ltd.",Internal - Procurement,Service level agreement reviewed annually,09-มี.ค.-2025,09-มี.ค.-2025,10-ส.ค.-2028,Kanokwan G.,-,Renewed,"$330,700"
2702,Travel & Events,Conference Venue Agreement #3701,Japan,Crown Trading K.K.,Internal - HR Dept.,Includes quarterly business review meetings,19-ก.ย.-2020,19-ก.ย.-2020,25-ส.ค.-2024,Hiroshi K.,Vendor performance review scheduled,Expired/Not renewed,"$399,600"
2703,Real Estate & Leasing,Equipment Leasing Agreement #3702,India,Apex Innovations Pvt. Ltd.,Lumen Holdings Pvt. Ltd.,-,08-ม.ค.-2023,15-ม.ค.-2023,18-ธ.ค.-2026,Nathan F.,Relationship manager reassigned this quarter,Negotiation in progress,"$3,755,100"
2704,IT Services,Managed IT Services Agreement #3703,Germany,BlueSky Trading GmbH,Beacon Enterprises GmbH,"Multi-year framework agreement, reviewed yearly",06-ก.พ.-2025,06-ก.พ.-2025,05-พ.ย.-2026,Nattapong R.,Alternative vendors being benchmarked,Upcoming renewal,"$1,091,700"
2705,Training & Development,Corporate Training Program Agreement #3704,United States,Prime Consulting Inc.,Internal - Admin Dept.,Includes quarterly business review meetings,20-พ.ค.-2023,20-พ.ค.-2023,24-ม.ค.-2026,Ravi A.,Relationship manager reassigned this quarter,Expired/Not renewed,"$250,500"
2706,Construction & Maintenance,Civil Works Contract #3705,United Kingdom,Lumen Capital Ltd.,Zenith Enterprises Ltd.,Pricing subject to annual CPI adjustment,14-พ.ค.-2021,14-พ.ค.-2021,05-ม.ค.-2025,Anucha H.,Flagged for cost optimization review,Expired/Not renewed,"$1,061,900"
2707,Security,CCTV Monitoring Agreement #3706,Taiwan,"Radiant Consulting Co., Ltd.","NorthStar Industries Co., Ltd.",Exclusive regional distribution rights included,01-มี.ค.-2026,08-มี.ค.-2026,10-เม.ย.-2028,Laura O.,Legal review in progress before renewal,Renewed,"$399,200"
2708,Construction & Maintenance,HVAC Maintenance Agreement #3707,Malaysia,BlueSky Services Sdn Bhd,NorthStar Holdings Sdn Bhd,Includes quarterly business review meetings,05-ก.ย.-2022,05-ก.ย.-2022,29-ต.ค.-2024,Somchai S.,Vendor performance review scheduled,Expired/Not renewed,"$1,548,900"
2709,Fleet & Transportation,Corporate Shuttle Service Contract #3708,Cambodia,"Atlas Group Co., Ltd.",Internal - IT Dept.,"Multi-year framework agreement, reviewed yearly",17-ม.ค.-2027,24-ม.ค.-2027,23-เม.ย.-2028,Wanida S.,No issues reported this cycle,Renewed,"$521,900"
2710,Telecommunications,Internet Leased Line Contract #3709,Australia,Meridian Logistics Pty Ltd,Ivory Enterprises Pty Ltd,Service level agreement reviewed annually,20-ธ.ค.-2023,20-ธ.ค.-2023,31-ม.ค.-2027,Emily C.,Flagged for cost optimization review,Negotiation in progress,"$228,200"
2711,Financial Services,Treasury Management Contract #3710,United Arab Emirates,Pacific Logistics LLC,Internal - IT Security,"Auto-renew clause, 90 days notice required",18-ส.ค.-2023,18-ส.ค.-2023,15-ธ.ค.-2026,Somchai L.,Alternative vendors being benchmarked,Negotiation in progress,"$336,500"
2712,Real Estate & Leasing,Equipment Leasing Agreement #3711,India,Meridian Partners Pvt. Ltd.,Internal - Legal Dept.,Renewal contingent on performance KPIs,12-ส.ค.-2020,19-ส.ค.-2020,16-ก.ค.-2024,Somchai S.,"Renewal quote received, under internal review",Expired/Not renewed,"$3,824,500"
2713,IT Services,IT Helpdesk & Support Contract #3712,France,Pacific Technologies SAS,Internal - Legal Dept.,Pricing subject to annual CPI adjustment,22-ก.พ.-2023,22-ก.พ.-2023,04-ม.ค.-2027,Grace A.,Flagged for cost optimization review,Negotiation in progress,"$1,308,400"
2714,Insurance,Group Health Insurance Policy #3713,China,"Cascade Enterprises Co., Ltd.","Emerald Partners Co., Ltd.",Renewal contingent on performance KPIs,04-พ.ย.-2024,11-พ.ย.-2024,22-ส.ค.-2028,Carlos F.,"Renewal quote received, under internal review",Renewed,"$342,200"
2715,Fleet & Transportation,Corporate Shuttle Service Contract #3714,Vietnam,Granite Logistics JSC,Crown Capital JSC,Exclusive regional distribution rights included,14-ส.ค.-2021,14-ส.ค.-2021,09-พ.ค.-2025,Sarah B.,Legal review in progress before renewal,Expired/Not renewed,"$863,500"
2716,Security,Physical Security & Guard Services #3715,Malaysia,Onyx Group Sdn Bhd,Internal - IT Dept.,Service level agreement reviewed annually,03-มิ.ย.-2027,03-มิ.ย.-2027,06-ธ.ค.-2028,Tanawat I.,Budget approval pending for renewal,Renewed,"$65,800"
2717,Real Estate & Leasing,Office Space Lease Agreement #3716,France,Nova Ventures SAS,Internal - IT Dept.,"Auto-renew clause, 45 days notice required",08-ธ.ค.-2022,08-ธ.ค.-2022,22-พ.ย.-2026,Fatima D.,Vendor performance review scheduled,Upcoming renewal,"$2,266,500"
2718,HR & Payroll,Outsourced Payroll Processing Contract #3717,Indonesia,Emerald Services PT,Internal - E-commerce,Includes quarterly business review meetings,07-ก.ย.-2025,14-ก.ย.-2025,02-พ.ย.-2026,Anucha S.,Alternative vendors being benchmarked,Negotiation in progress,"$99,200"
2719,Financial Services,Corporate Banking Services Agreement #3718,Indonesia,Beacon Holdings PT,Horizon Group PT,Service level agreement reviewed annually,19-ส.ค.-2025,19-ส.ค.-2025,26-ก.ย.-2026,Ahmed H.,"Renewal quote received, under internal review",Upcoming renewal,"$475,900"
2720,HR & Payroll,Outsourced Payroll Processing Contract #3719,United Kingdom,BlueSky Partners Ltd.,Internal - IT Security,Renewal contingent on performance KPIs,10-พ.ค.-2025,10-พ.ค.-2025,06-พ.ค.-2027,Wanida G.,No issues reported this cycle,Renewed,"$342,500"
2721,Insurance,Group Health Insurance Policy #3720,Thailand,"Meridian Systems Co., Ltd.",Internal - HR Dept.,Service level agreement reviewed annually,09-ก.พ.-2023,09-ก.พ.-2023,19-พ.ย.-2026,Sarah M.,Legal review in progress before renewal,Upcoming renewal,"$1,344,900"
2722,Financial Services,Payment Gateway Services Agreement #3721,Singapore,Pinnacle Solutions Pte Ltd,Internal - Admin Dept.,Service level agreement reviewed annually,02-ก.ค.-2024,02-ก.ค.-2024,26-ส.ค.-2025,David H.,Vendor performance review scheduled,Expired/Not renewed,"$956,100"
2723,Construction & Maintenance,Civil Works Contract #3722,Vietnam,Apex Technologies JSC,Pinnacle Systems JSC,"Multi-year framework agreement, reviewed yearly",23-ก.ค.-2025,23-ก.ค.-2025,22-ธ.ค.-2026,Budi P.,-,Negotiation in progress,"$223,500"
2724,Fleet & Transportation,Vehicle Leasing Agreement #3723,United Kingdom,Anchor Enterprises Ltd.,Internal - Corporate Affairs,Exclusive regional distribution rights included,22-พ.ค.-2025,22-พ.ค.-2025,08-ก.ค.-2027,Arjun A.,Budget approval pending for renewal,Renewed,"$519,000"
2725,HR & Payroll,Recruitment Services Agreement #3724,South Korea,"Pinnacle Logistics Co., Ltd.",Internal - HR Dept.,Renewal contingent on performance KPIs,09-เม.ย.-2025,23-เม.ย.-2025,16-พ.ย.-2026,Yuki P.,-,Negotiation in progress,"$138,200"
2726,IT Services,Managed IT Services Agreement #3725,Taiwan,"Nova Group Co., Ltd.",Internal - IT Security,Volume discount tier applies above threshold spend,19-พ.ค.-2023,02-มิ.ย.-2023,30-ต.ค.-2026,Ploy L.,Alternative vendors being benchmarked,Upcoming renewal,"$663,600"
2727,Financial Services,Payment Gateway Services Agreement #3726,Thailand,"Prime Industries Co., Ltd.",Internal - IT Security,"Auto-renew clause, 15 days notice required",22-พ.ย.-2024,22-พ.ย.-2024,26-ม.ค.-2028,Yuki R.,Flagged for cost optimization review,Renewed,"$653,500"
2728,Legal,Corporate Legal Advisory Retainer #3727,Myanmar,"Prime Partners Co., Ltd.",Internal - IT Dept.,-,05-พ.ย.-2025,12-พ.ย.-2025,26-พ.ย.-2026,Nathan L.,Relationship manager reassigned this quarter,Upcoming renewal,"$450,300"
2729,Financial Services,Treasury Management Contract #3728,Singapore,Beacon Services Pte Ltd,Internal - Procurement,Exclusive regional distribution rights included,18-ก.พ.-2027,18-ก.พ.-2027,31-มี.ค.-2028,Nathan O.,Vendor performance review scheduled,Renewed,"$419,200"
2730,Printing & Publishing,Signage & Print Production Agreement #3729,India,Quantum Networks Pvt. Ltd.,Internal - E-commerce,Volume discount tier applies above threshold spend,30-มี.ค.-2024,13-เม.ย.-2024,21-ก.ย.-2026,Ploy F.,Scope extension being discussed with partner,Upcoming renewal,"$195,900"
2731,Software Licensing,Enterprise Software License (ERP) #3730,Australia,Crown Technologies Pty Ltd,Internal - Operations,-,06-ม.ค.-2021,06-ม.ค.-2021,23-ส.ค.-2024,Hiroshi J.,Legal review in progress before renewal,Expired/Not renewed,"$2,066,500"
2732,Construction & Maintenance,Elevator Maintenance Contract #3731,Japan,Meridian Technologies K.K.,Internal - Supply Chain,Exclusive regional distribution rights included,05-ก.ย.-2024,19-ก.ย.-2024,13-ก.ค.-2026,Somchai S.,Budget approval pending for renewal,Expired/Not renewed,"$1,798,000"
2733,Insurance,Property & Casualty Insurance Contract #3732,United Arab Emirates,Quantum Services LLC,Internal - Operations,-,06-ก.ค.-2024,06-ก.ค.-2024,29-ต.ค.-2027,Ravi E.,No issues reported this cycle,Renewed,"$85,900"
2734,Printing & Publishing,Corporate Printing Services Agreement #3733,Philippines,Unity Services Inc.,Internal - E-commerce,Exclusive regional distribution rights included,07-เม.ย.-2027,07-เม.ย.-2027,29-มิ.ย.-2028,Hiroshi N.,Relationship manager reassigned this quarter,Renewed,"$168,000"
2735,Insurance,Property & Casualty Insurance Contract #3734,Malaysia,Emerald Logistics Sdn Bhd,Global Holdings Sdn Bhd,Volume discount tier applies above threshold spend,31-พ.ค.-2025,31-พ.ค.-2025,11-พ.ย.-2026,Yuki F.,Alternative vendors being benchmarked,Negotiation in progress,"$404,300"
2736,Security,Physical Security & Guard Services #3735,Philippines,Lumen Solutions Inc.,Falcon Technologies Inc.,Includes 24/7 support SLA with penalty clauses,09-มี.ค.-2025,16-มี.ค.-2025,29-ก.ย.-2026,Ploy L.,-,Negotiation in progress,"$135,000"
2737,Financial Services,Treasury Management Contract #3736,Taiwan,"Cascade Holdings Co., Ltd.",Internal - Finance Dept.,Volume discount tier applies above threshold spend,23-ส.ค.-2021,06-ก.ย.-2021,15-ธ.ค.-2024,Fatima G.,Flagged for cost optimization review,Expired/Not renewed,"$641,700"
2738,Security,Access Control System Contract #3737,Cambodia,"Delta Trading Co., Ltd.",Internal - Marketing Dept.,Includes 24/7 support SLA with penalty clauses,10-ส.ค.-2023,17-ส.ค.-2023,01-ธ.ค.-2026,Suchada M.,Budget approval pending for renewal,Negotiation in progress,"$197,400"
2739,Software Licensing,Enterprise Software License (ERP) #3738,Philippines,Bright Logistics Inc.,Internal - Supply Chain,"Auto-renew clause, 90 days notice required",01-เม.ย.-2025,01-เม.ย.-2025,12-ก.พ.-2027,Wanida J.,No issues reported this cycle,Negotiation in progress,"$1,418,800"
2740,Security,Executive Protection Services #3739,Hong Kong,Delta Group Ltd.,Internal - E-commerce,Service level agreement reviewed annually,27-มี.ค.-2025,27-มี.ค.-2025,03-ก.พ.-2027,Laura D.,Scope extension being discussed with partner,Negotiation in progress,"$346,500"
2741,Security,Physical Security & Guard Services #3740,Taiwan,"Zenith Services Co., Ltd.","Alliance Group Co., Ltd.",Exclusive regional distribution rights included,05-ส.ค.-2026,05-ส.ค.-2026,31-ต.ค.-2027,Ahmed F.,Scope extension being discussed with partner,Renewed,"$109,500"
2742,IT Services,Network Infrastructure Services #3741,Taiwan,"Crown Logistics Co., Ltd.",Internal - E-commerce,-,12-พ.ค.-2025,19-พ.ค.-2025,15-ม.ค.-2029,Nattapong D.,"Renewal quote received, under internal review",Renewed,"$1,996,000"
2743,Fleet & Transportation,Vehicle Leasing Agreement #3742,Malaysia,Prime Services Sdn Bhd,Internal - Finance Dept.,Includes quarterly business review meetings,21-ธ.ค.-2025,21-ธ.ค.-2025,12-ส.ค.-2028,Siti B.,Alternative vendors being benchmarked,Renewed,"$326,500"
2744,Fleet & Transportation,Corporate Shuttle Service Contract #3743,Malaysia,Nova Industries Sdn Bhd,Internal - HR Dept.,Pricing subject to annual CPI adjustment,17-เม.ย.-2026,17-เม.ย.-2026,11-ธ.ค.-2027,Fatima S.,Relationship manager reassigned this quarter,Renewed,"$675,700"
2745,Manufacturing Supply,Packaging Supply Contract #3744,Myanmar,"Sterling Dynamics Co., Ltd.",Internal - Corporate Affairs,"Multi-year framework agreement, reviewed yearly",30-ต.ค.-2024,30-ต.ค.-2024,20-ม.ค.-2027,Aiko N.,-,Negotiation in progress,"$3,856,800"
2746,Consulting,Digital Transformation Consulting #3745,Myanmar,"Horizon Logistics Co., Ltd.",Internal - HR Dept.,Includes 24/7 support SLA with penalty clauses,28-ม.ค.-2024,28-ม.ค.-2024,20-ต.ค.-2026,Kanokwan I.,Flagged for cost optimization review,Upcoming renewal,"$64,400"
2747,HR & Payroll,Outsourced Payroll Processing Contract #3746,Indonesia,Pinnacle Capital PT,Internal - Procurement,"Auto-renew clause, 30 days notice required",16-พ.ย.-2022,30-พ.ย.-2022,25-พ.ค.-2024,Chloe B.,Legal review in progress before renewal,Expired/Not renewed,"$54,800"
2748,Security,Access Control System Contract #3747,South Korea,"Delta Industries Co., Ltd.",Internal - Procurement,Includes quarterly business review meetings,22-มี.ค.-2025,22-มี.ค.-2025,11-มิ.ย.-2027,Siti H.,Legal review in progress before renewal,Renewed,"$269,900"
2749,Marketing,Creative & Branding Services #3748,Japan,Falcon Innovations K.K.,Delta Partners K.K.,Service level agreement reviewed annually,21-มี.ค.-2023,28-มี.ค.-2023,27-ต.ค.-2026,Budi C.,Relationship manager reassigned this quarter,Upcoming renewal,"$834,200"
2750,Consulting,Digital Transformation Consulting #3749,China,"Beacon Innovations Co., Ltd.","Crown Trading Co., Ltd.",Includes 24/7 support SLA with penalty clauses,15-ต.ค.-2022,22-ต.ค.-2022,05-ต.ค.-2025,Budi I.,"Renewal quote received, under internal review",Expired/Not renewed,"$1,050,200"
2751,Legal,Litigation Support Contract #3750,United Kingdom,Granite Services Ltd.,Internal - HR Dept.,Renewal contingent on performance KPIs,12-มี.ค.-2026,26-มี.ค.-2026,23-เม.ย.-2027,David P.,Legal review in progress before renewal,Renewed,"$522,900"
2752,HR & Payroll,Employee Benefits Administration #3751,Taiwan,"Quantum Logistics Co., Ltd.",Internal - E-commerce,"Auto-renew clause, 90 days notice required",12-เม.ย.-2024,12-เม.ย.-2024,19-ก.ค.-2027,Tanawat R.,Flagged for cost optimization review,Renewed,"$362,300"
2753,Logistics,Last-Mile Delivery Partnership #3752,China,"Meridian Capital Co., Ltd.","Apex Partners Co., Ltd.",Includes 24/7 support SLA with penalty clauses,13-มี.ค.-2022,13-มี.ค.-2022,24-ก.พ.-2026,Arjun M.,Legal review in progress before renewal,Expired/Not renewed,"$806,400"
2754,Software Licensing,CRM Platform Subscription Agreement #3753,Singapore,Lumen Dynamics Pte Ltd,Internal - HR Dept.,Service level agreement reviewed annually,16-ส.ค.-2023,16-ส.ค.-2023,08-ก.ค.-2027,Anucha I.,No issues reported this cycle,Renewed,"$590,200"
2755,Consulting,Strategy Advisory Retainer #3754,Hong Kong,Global Technologies Ltd.,Internal - IT Security,Volume discount tier applies above threshold spend,08-มิ.ย.-2023,22-มิ.ย.-2023,09-ม.ค.-2026,Somchai R.,Legal review in progress before renewal,Expired/Not renewed,"$169,900"
2756,Travel & Events,Conference Venue Agreement #3755,Germany,Unity Holdings GmbH,Quantum Networks GmbH,Service level agreement reviewed annually,19-ธ.ค.-2020,19-ธ.ค.-2020,17-ส.ค.-2024,Kanokwan G.,Flagged for cost optimization review,Expired/Not renewed,"$356,300"
2757,Legal,Regulatory Filing Services #3756,Taiwan,"Meridian Trading Co., Ltd.",Internal - Admin Dept.,Volume discount tier applies above threshold spend,11-พ.ค.-2026,11-พ.ค.-2026,02-ต.ค.-2028,Aiko L.,Alternative vendors being benchmarked,Renewed,"$560,500"
2758,Travel & Events,Event Management Services Contract #3757,Vietnam,Zenith Logistics JSC,Metro Capital JSC,Includes 24/7 support SLA with penalty clauses,18-ก.พ.-2022,18-ก.พ.-2022,24-พ.ค.-2025,Wanida P.,No issues reported this cycle,Expired/Not renewed,"$70,300"
2759,IT Services,Data Center Colocation Contract #3758,United Arab Emirates,BlueSky Networks LLC,Unity Capital LLC,Includes 24/7 support SLA with penalty clauses,24-เม.ย.-2024,08-พ.ค.-2024,28-ก.ย.-2026,Wanida A.,"Renewal quote received, under internal review",Negotiation in progress,"$293,100"
2760,Security,Access Control System Contract #3759,Hong Kong,Granite Industries Ltd.,Internal - IT Security,Renewal contingent on performance KPIs,22-พ.ย.-2024,22-พ.ย.-2024,05-ต.ค.-2026,Laura T.,Legal review in progress before renewal,Negotiation in progress,"$396,800"
2761,Manufacturing Supply,Packaging Supply Contract #3760,Cambodia,"Falcon Industries Co., Ltd.",Internal - Admin Dept.,Includes quarterly business review meetings,08-ก.ค.-2022,08-ก.ค.-2022,29-มิ.ย.-2024,Emily H.,Alternative vendors being benchmarked,Expired/Not renewed,"$1,810,800"
2762,Legal,Corporate Legal Advisory Retainer #3761,Vietnam,Bright Networks JSC,BlueSky Industries JSC,Volume discount tier applies above threshold spend,07-พ.ย.-2024,14-พ.ย.-2024,09-มิ.ย.-2027,Nathan P.,"Renewal quote received, under internal review",Renewed,"$302,400"
2763,Cleaning & Facility,Janitorial Services Agreement #3762,Taiwan,"Global Systems Co., Ltd.",Internal - Marketing Dept.,Includes quarterly business review meetings,19-เม.ย.-2025,19-เม.ย.-2025,06-ม.ค.-2027,Piyawan S.,Budget approval pending for renewal,Negotiation in progress,"$196,500"
2764,Software Licensing,Business Intelligence Platform License #3763,Philippines,Silverline Dynamics Inc.,Internal - E-commerce,Exclusive regional distribution rights included,02-ก.ย.-2022,09-ก.ย.-2022,01-มิ.ย.-2024,Wanida P.,Alternative vendors being benchmarked,Expired/Not renewed,"$1,391,100"
2765,Consulting,Change Management Engagement #3764,Myanmar,"Bright Consulting Co., Ltd.","Zenith Logistics Co., Ltd.",Exclusive regional distribution rights included,08-ส.ค.-2024,08-ส.ค.-2024,04-ม.ค.-2027,Yuki P.,Scope extension being discussed with partner,Negotiation in progress,"$1,151,300"
2766,HR & Payroll,Employee Benefits Administration #3765,United Arab Emirates,Orion Networks LLC,Granite Systems LLC,Service level agreement reviewed annually,15-ต.ค.-2024,29-ต.ค.-2024,09-ส.ค.-2028,David K.,Legal review in progress before renewal,Renewed,"$154,400"
2767,Construction & Maintenance,HVAC Maintenance Agreement #3766,Hong Kong,Crown Networks Ltd.,Internal - IT Security,Exclusive regional distribution rights included,09-มี.ค.-2025,09-มี.ค.-2025,12-ก.พ.-2027,Ravi J.,Legal review in progress before renewal,Negotiation in progress,"$1,523,200"
2768,Cleaning & Facility,Pest Control Services Agreement #3767,China,"Cascade Services Co., Ltd.",Internal - Supply Chain,-,29-ธ.ค.-2022,29-ธ.ค.-2022,21-พ.ย.-2026,Ploy B.,Flagged for cost optimization review,Upcoming renewal,"$220,100"
2769,Marketing,Brand Campaign Agreement #3768,United Kingdom,Pacific Solutions Ltd.,Anchor Networks Ltd.,Includes 24/7 support SLA with penalty clauses,12-ม.ค.-2023,12-ม.ค.-2023,17-พ.ย.-2026,Wei T.,"Renewal quote received, under internal review",Negotiation in progress,"$287,500"
2770,Security,Executive Protection Services #3769,Germany,Trident Solutions GmbH,Internal - HR Dept.,Includes 24/7 support SLA with penalty clauses,04-เม.ย.-2025,18-เม.ย.-2025,12-พ.ย.-2026,Michael D.,Relationship manager reassigned this quarter,Upcoming renewal,"$415,400"
2771,Printing & Publishing,Signage & Print Production Agreement #3770,Japan,Trident Enterprises K.K.,Metro Partners K.K.,Pricing subject to annual CPI adjustment,17-ต.ค.-2023,31-ต.ค.-2023,20-พ.ย.-2026,Priya B.,"Renewal quote received, under internal review",Upcoming renewal,"$61,700"
2772,Software Licensing,Cybersecurity Software License #3771,United States,Anchor Trading Inc.,Internal - Finance Dept.,Includes 24/7 support SLA with penalty clauses,01-มิ.ย.-2027,01-มิ.ย.-2027,23-ต.ค.-2028,Nathan G.,Budget approval pending for renewal,Renewed,"$2,064,300"
2773,Software Licensing,Cybersecurity Software License #3772,Singapore,Bright Services Pte Ltd,Internal - E-commerce,Volume discount tier applies above threshold spend,04-ก.พ.-2026,11-ก.พ.-2026,10-เม.ย.-2027,Budi B.,"Renewal quote received, under internal review",Renewed,"$2,786,100"
2774,Construction & Maintenance,HVAC Maintenance Agreement #3773,Japan,Horizon Dynamics K.K.,Internal - IT Dept.,Volume discount tier applies above threshold spend,04-ก.ย.-2024,18-ก.ย.-2024,23-เม.ย.-2028,Arjun J.,Scope extension being discussed with partner,Renewed,"$205,500"
2775,HR & Payroll,Employee Benefits Administration #3774,United Kingdom,Trident Dynamics Ltd.,Internal - Supply Chain,Service level agreement reviewed annually,11-ก.ค.-2023,11-ก.ค.-2023,04-ส.ค.-2025,Hiroshi M.,-,Expired/Not renewed,"$313,300"
2776,Financial Services,Payment Gateway Services Agreement #3775,Japan,Metro Capital K.K.,Internal - IT Security,Pricing subject to annual CPI adjustment,17-ก.ย.-2025,01-ต.ค.-2025,25-พ.ค.-2027,Chloe T.,Flagged for cost optimization review,Renewed,"$482,300"
2777,Logistics,Customs Brokerage Agreement #3776,India,Pacific Technologies Pvt. Ltd.,Internal - Admin Dept.,Exclusive regional distribution rights included,11-ก.พ.-2025,11-ก.พ.-2025,26-ธ.ค.-2027,David J.,No issues reported this cycle,Renewed,"$291,700"
2778,HR & Payroll,Outsourced Payroll Processing Contract #3777,France,Trident Logistics SAS,BlueSky Enterprises SAS,Includes quarterly business review meetings,08-พ.ย.-2024,08-พ.ย.-2024,08-ต.ค.-2026,Arjun J.,Budget approval pending for renewal,Negotiation in progress,"$319,600"
2779,Training & Development,E-Learning Platform License #3778,Myanmar,"Trident Solutions Co., Ltd.","Crest Holdings Co., Ltd.","Auto-renew clause, 60 days notice required",23-ก.ค.-2020,23-ก.ค.-2020,11-เม.ย.-2024,Grace M.,Scope extension being discussed with partner,Expired/Not renewed,"$282,200"
2780,Manufacturing Supply,OEM Production Agreement #3779,United States,Anchor Capital Inc.,Anchor Consulting Inc.,Exclusive regional distribution rights included,19-ส.ค.-2023,26-ส.ค.-2023,20-พ.ย.-2026,Kanokwan B.,No issues reported this cycle,Negotiation in progress,"$1,876,200"
2781,Financial Services,Audit & Assurance Engagement #3780,Cambodia,"Quantum Partners Co., Ltd.","Vertex Systems Co., Ltd.",Includes 24/7 support SLA with penalty clauses,11-ก.ค.-2025,18-ก.ค.-2025,27-พ.ย.-2028,Tanawat G.,"Renewal quote received, under internal review",Renewed,"$334,200"
2782,Cleaning & Facility,Office Facility Management Contract #3781,Thailand,"Solace Technologies Co., Ltd.",Internal - IT Security,Renewal contingent on performance KPIs,13-พ.ค.-2025,13-พ.ค.-2025,13-ม.ค.-2028,Wei S.,Alternative vendors being benchmarked,Renewed,"$200,300"
2783,Fleet & Transportation,Corporate Shuttle Service Contract #3782,France,Vanguard Systems SAS,Metro Ventures SAS,-,12-ต.ค.-2021,26-ต.ค.-2021,17-มี.ค.-2025,Ploy I.,No issues reported this cycle,Expired/Not renewed,"$551,800"
2784,IT Services,Cloud Hosting Agreement #3783,Hong Kong,Crest Capital Ltd.,Internal - Corporate Affairs,-,28-ม.ค.-2025,11-ก.พ.-2025,05-ธ.ค.-2027,Priya D.,No issues reported this cycle,Renewed,"$172,400"
2785,Logistics,Customs Brokerage Agreement #3784,India,Titan Systems Pvt. Ltd.,Internal - Legal Dept.,Includes 24/7 support SLA with penalty clauses,19-เม.ย.-2024,19-เม.ย.-2024,29-ต.ค.-2026,Suchada O.,Alternative vendors being benchmarked,Upcoming renewal,"$1,321,100"
2786,Marketing,Brand Campaign Agreement #3785,Singapore,Solace Services Pte Ltd,Internal - IT Security,"Multi-year framework agreement, reviewed yearly",11-ส.ค.-2022,11-ส.ค.-2022,22-พ.ค.-2025,Tanawat I.,"Renewal quote received, under internal review",Expired/Not renewed,"$787,400"
2787,Telecommunications,Corporate Mobile Plan Agreement #3786,United Kingdom,Global Industries Ltd.,Internal - Legal Dept.,Pricing subject to annual CPI adjustment,16-เม.ย.-2027,16-เม.ย.-2027,06-ธ.ค.-2028,David K.,Relationship manager reassigned this quarter,Renewed,"$400,700"
2788,Travel & Events,Corporate Travel Management Agreement #3787,France,Global Innovations SAS,Internal - Marketing Dept.,Includes 24/7 support SLA with penalty clauses,07-ธ.ค.-2024,14-ธ.ค.-2024,28-ก.พ.-2028,Fatima W.,Alternative vendors being benchmarked,Renewed,"$336,600"
2789,HR & Payroll,Recruitment Services Agreement #3788,Vietnam,Crest Innovations JSC,Internal - HR Dept.,"Multi-year framework agreement, reviewed yearly",06-มิ.ย.-2025,06-มิ.ย.-2025,25-ก.ย.-2028,Daniel N.,Flagged for cost optimization review,Renewed,"$170,400"
2790,Software Licensing,CRM Platform Subscription Agreement #3789,Japan,Lumen Group K.K.,Internal - Admin Dept.,Includes quarterly business review meetings,22-ก.ย.-2023,22-ก.ย.-2023,31-ม.ค.-2027,Daniel E.,Alternative vendors being benchmarked,Negotiation in progress,"$106,000"
2791,Financial Services,Treasury Management Contract #3790,China,"Pinnacle Innovations Co., Ltd.",Internal - Supply Chain,Includes quarterly business review meetings,02-มิ.ย.-2024,16-มิ.ย.-2024,23-พ.ย.-2026,Grace J.,Vendor performance review scheduled,Negotiation in progress,"$660,300"
2792,Legal,Corporate Legal Advisory Retainer #3791,France,Atlas Holdings SAS,Internal - E-commerce,Service level agreement reviewed annually,18-ก.ค.-2022,18-ก.ค.-2022,10-ธ.ค.-2024,Wanida F.,-,Expired/Not renewed,"$552,000"
2793,IT Services,Network Infrastructure Services #3792,Cambodia,"BlueSky Solutions Co., Ltd.",Internal - HR Dept.,-,31-พ.ค.-2024,07-มิ.ย.-2024,16-พ.ค.-2028,Nattapong J.,-,Renewed,"$1,578,000"
2794,Marketing,Brand Campaign Agreement #3793,Myanmar,"BlueSky Enterprises Co., Ltd.",Internal - Supply Chain,Includes quarterly business review meetings,21-ก.ค.-2023,28-ก.ค.-2023,29-เม.ย.-2026,Priya A.,Relationship manager reassigned this quarter,Expired/Not renewed,"$307,800"
2795,Manufacturing Supply,Packaging Supply Contract #3794,Hong Kong,Zenith Consulting Ltd.,Evergreen Innovations Ltd.,Service level agreement reviewed annually,22-มิ.ย.-2023,06-ก.ค.-2023,14-ธ.ค.-2026,Carlos H.,"Renewal quote received, under internal review",Negotiation in progress,"$1,311,800"
2796,Waste Management,Waste Collection & Disposal Contract #3795,China,"Unity Services Co., Ltd.",Internal - HR Dept.,Includes quarterly business review meetings,09-เม.ย.-2021,09-เม.ย.-2021,23-เม.ย.-2024,Daniel F.,-,Expired/Not renewed,"$222,100"
2797,Consulting,Change Management Engagement #3796,Vietnam,Lumen Technologies JSC,Internal - IT Security,Exclusive regional distribution rights included,03-ก.ค.-2026,03-ก.ค.-2026,15-เม.ย.-2028,Sarah F.,Budget approval pending for renewal,Renewed,"$336,500"
2798,Insurance,Cargo Insurance Agreement #3797,Germany,Meridian Partners GmbH,Summit Industries GmbH,Volume discount tier applies above threshold spend,07-ม.ค.-2026,07-ม.ค.-2026,23-มิ.ย.-2028,Daniel O.,Flagged for cost optimization review,Renewed,"$1,022,100"
2799,Real Estate & Leasing,Office Space Lease Agreement #3798,Philippines,Granite Group Inc.,Silverline Services Inc.,Renewal contingent on performance KPIs,19-เม.ย.-2022,19-เม.ย.-2022,15-ก.ย.-2025,Laura I.,-,Expired/Not renewed,"$4,155,500"
2800,Travel & Events,Conference Venue Agreement #3799,Hong Kong,Horizon Industries Ltd.,Granite Technologies Ltd.,Includes quarterly business review meetings,18-ก.ค.-2023,18-ก.ค.-2023,25-ธ.ค.-2025,Siti K.,"Renewal quote received, under internal review",Expired/Not renewed,"$190,600"
2801,Printing & Publishing,Signage & Print Production Agreement #3800,Australia,Prime Trading Pty Ltd,Lumen Partners Pty Ltd,Pricing subject to annual CPI adjustment,08-ม.ค.-2022,08-ม.ค.-2022,14-ต.ค.-2024,Hiroshi B.,Vendor performance review scheduled,Expired/Not renewed,"$86,400"
2802,Logistics,Freight Forwarding Contract #3801,United Kingdom,Trident Solutions Ltd.,Delta Group Ltd.,"Auto-renew clause, 30 days notice required",01-ส.ค.-2025,01-ส.ค.-2025,17-ม.ค.-2029,Ahmed T.,"Renewal quote received, under internal review",Renewed,"$624,300"
2803,Construction & Maintenance,Elevator Maintenance Contract #3802,Taiwan,"Cascade Ventures Co., Ltd.",Internal - Corporate Affairs,Service level agreement reviewed annually,24-ก.ย.-2025,24-ก.ย.-2025,26-ก.พ.-2028,Minji E.,"Renewal quote received, under internal review",Renewed,"$145,800"
2804,Fleet & Transportation,Vehicle Leasing Agreement #3803,United States,Summit Innovations Inc.,Internal - Admin Dept.,"Multi-year framework agreement, reviewed yearly",06-ม.ค.-2025,06-ม.ค.-2025,12-พ.ค.-2027,Laura G.,No issues reported this cycle,Renewed,"$577,900"
2805,Security,Executive Protection Services #3804,United Kingdom,NorthStar Solutions Ltd.,Orion Trading Ltd.,Pricing subject to annual CPI adjustment,13-ม.ค.-2022,13-ม.ค.-2022,28-ต.ค.-2025,Nathan E.,Flagged for cost optimization review,Expired/Not renewed,"$201,500"
2806,HR & Payroll,Recruitment Services Agreement #3805,South Korea,"Solace Industries Co., Ltd.",Internal - Operations,Pricing subject to annual CPI adjustment,04-ต.ค.-2026,18-ต.ค.-2026,28-มี.ค.-2028,Wanida A.,Flagged for cost optimization review,Renewed,"$209,300"
2807,Training & Development,E-Learning Platform License #3806,Hong Kong,Evergreen Capital Ltd.,Global Services Ltd.,Volume discount tier applies above threshold spend,17-ก.พ.-2023,17-ก.พ.-2023,13-ม.ค.-2027,Aiko R.,No issues reported this cycle,Negotiation in progress,"$13,500"
2808,Waste Management,Hazardous Waste Management Contract #3807,Germany,Orion Capital GmbH,Internal - IT Security,Exclusive regional distribution rights included,12-พ.ค.-2022,12-พ.ค.-2022,17-ก.ย.-2025,Nattapong O.,-,Expired/Not renewed,"$204,100"
2809,Consulting,Digital Transformation Consulting #3808,Philippines,Anchor Group Inc.,Granite Dynamics Inc.,Pricing subject to annual CPI adjustment,30-ก.ย.-2025,30-ก.ย.-2025,04-ธ.ค.-2026,Ravi K.,-,Upcoming renewal,"$80,100"
2810,Telecommunications,Corporate Mobile Plan Agreement #3809,United Kingdom,Radiant Logistics Ltd.,Titan Enterprises Ltd.,Service level agreement reviewed annually,03-เม.ย.-2022,10-เม.ย.-2022,18-ธ.ค.-2025,Grace I.,Vendor performance review scheduled,Expired/Not renewed,"$149,300"
2811,Insurance,Cyber Liability Insurance Policy #3810,China,"Cascade Solutions Co., Ltd.","Metro Group Co., Ltd.","Auto-renew clause, 30 days notice required",21-ก.พ.-2028,21-ก.พ.-2028,20-ก.พ.-2029,Anucha S.,Alternative vendors being benchmarked,Renewed,"$129,300"
2812,Travel & Events,Corporate Travel Management Agreement #3811,Philippines,Trident Consulting Inc.,Trident Systems Inc.,Includes quarterly business review meetings,10-เม.ย.-2021,17-เม.ย.-2021,28-มิ.ย.-2024,Chloe C.,"Renewal quote received, under internal review",Expired/Not renewed,"$268,300"
2813,IT Services,Network Infrastructure Services #3812,United Arab Emirates,Pinnacle Industries LLC,Internal - Finance Dept.,"Multi-year framework agreement, reviewed yearly",05-พ.ค.-2024,05-พ.ค.-2024,24-ก.ย.-2026,Daniel L.,-,Upcoming renewal,"$2,388,000"
2814,Marketing,Influencer Partnership Contract #3813,United Kingdom,Horizon Capital Ltd.,Internal - Marketing Dept.,Exclusive regional distribution rights included,29-ก.ย.-2022,29-ก.ย.-2022,03-ก.ค.-2026,Wei T.,Legal review in progress before renewal,Expired/Not renewed,"$81,100"
2815,Consulting,Strategy Advisory Retainer #3814,Singapore,Onyx Ventures Pte Ltd,Internal - Operations,Includes quarterly business review meetings,18-ส.ค.-2024,18-ส.ค.-2024,26-ต.ค.-2026,Sarah D.,Legal review in progress before renewal,Negotiation in progress,"$1,027,500"
2816,Telecommunications,Corporate Mobile Plan Agreement #3815,United Arab Emirates,Alliance Logistics LLC,Internal - HR Dept.,-,26-มี.ค.-2022,02-เม.ย.-2022,02-ม.ค.-2026,Chloe O.,"Renewal quote received, under internal review",Expired/Not renewed,"$379,300"
2817,Telecommunications,Internet Leased Line Contract #3816,Malaysia,Lumen Group Sdn Bhd,Internal - Finance Dept.,Volume discount tier applies above threshold spend,03-ส.ค.-2024,03-ส.ค.-2024,29-ก.ค.-2028,Nattapong R.,-,Renewed,"$514,000"
2818,Financial Services,Audit & Assurance Engagement #3817,United Kingdom,Cascade Dynamics Ltd.,Internal - IT Security,"Multi-year framework agreement, reviewed yearly",20-มิ.ย.-2025,27-มิ.ย.-2025,12-ก.ค.-2028,Laura S.,Alternative vendors being benchmarked,Renewed,"$604,800"
2819,Training & Development,Corporate Training Program Agreement #3818,Australia,Radiant Systems Pty Ltd,Solace Consulting Pty Ltd,"Auto-renew clause, 90 days notice required",07-ก.ค.-2025,07-ก.ค.-2025,07-ต.ค.-2028,Fatima P.,-,Renewed,"$57,000"
2820,Insurance,Group Health Insurance Policy #3819,Australia,Silverline Enterprises Pty Ltd,Internal - Admin Dept.,"Auto-renew clause, 15 days notice required",06-ม.ค.-2025,13-ม.ค.-2025,07-มี.ค.-2026,Hiroshi W.,Vendor performance review scheduled,Expired/Not renewed,"$1,277,500"
2821,Software Licensing,CRM Platform Subscription Agreement #3820,France,Falcon Services SAS,Internal - Supply Chain,Pricing subject to annual CPI adjustment,15-ม.ค.-2023,15-ม.ค.-2023,02-มิ.ย.-2026,Chloe J.,"Renewal quote received, under internal review",Expired/Not renewed,"$1,598,800"
2822,Travel & Events,Conference Venue Agreement #3821,Indonesia,Quantum Logistics PT,Internal - Supply Chain,"Auto-renew clause, 90 days notice required",27-ก.ค.-2024,27-ก.ค.-2024,30-ก.ย.-2027,Wei C.,-,Renewed,"$277,200"
2823,Telecommunications,Internet Leased Line Contract #3822,Taiwan,"Global Capital Co., Ltd.","Horizon Group Co., Ltd.",Pricing subject to annual CPI adjustment,12-ก.ค.-2024,12-ก.ค.-2024,29-ต.ค.-2026,Yuki R.,Relationship manager reassigned this quarter,Upcoming renewal,"$290,500"
2824,Cleaning & Facility,Pest Control Services Agreement #3823,Vietnam,Pacific Partners JSC,Internal - Procurement,"Multi-year framework agreement, reviewed yearly",17-ธ.ค.-2023,24-ธ.ค.-2023,10-ก.ค.-2027,Kanokwan A.,Vendor performance review scheduled,Renewed,"$316,100"
2825,Marketing,Creative & Branding Services #3824,Australia,NorthStar Networks Pty Ltd,Internal - IT Security,Exclusive regional distribution rights included,22-มิ.ย.-2023,06-ก.ค.-2023,21-ก.ย.-2026,Budi C.,Alternative vendors being benchmarked,Upcoming renewal,"$381,200"
2826,Insurance,Cyber Liability Insurance Policy #3825,Malaysia,Titan Innovations Sdn Bhd,Falcon Technologies Sdn Bhd,Includes 24/7 support SLA with penalty clauses,12-ม.ค.-2026,12-ม.ค.-2026,27-ม.ค.-2028,Laura G.,Alternative vendors being benchmarked,Renewed,"$283,400"
2827,Waste Management,Waste Collection & Disposal Contract #3826,Cambodia,"Pinnacle Innovations Co., Ltd.","Crown Trading Co., Ltd.","Auto-renew clause, 15 days notice required",12-พ.ค.-2024,19-พ.ค.-2024,11-ต.ค.-2026,Nathan M.,Legal review in progress before renewal,Upcoming renewal,"$224,500"
2828,IT Services,Cloud Hosting Agreement #3827,Myanmar,"Falcon Logistics Co., Ltd.","Meridian Trading Co., Ltd.",Service level agreement reviewed annually,02-ม.ค.-2024,09-ม.ค.-2024,28-ก.ย.-2026,Nathan H.,No issues reported this cycle,Upcoming renewal,"$2,284,300"
2829,Manufacturing Supply,OEM Production Agreement #3828,Vietnam,Horizon Trading JSC,Internal - IT Security,-,15-ส.ค.-2022,15-ส.ค.-2022,02-เม.ย.-2025,David H.,Alternative vendors being benchmarked,Expired/Not renewed,"$1,634,800"
2830,Security,CCTV Monitoring Agreement #3829,Taiwan,"Granite Consulting Co., Ltd.",Internal - Procurement,Pricing subject to annual CPI adjustment,11-ส.ค.-2026,25-ส.ค.-2026,18-ต.ค.-2027,Grace B.,Flagged for cost optimization review,Renewed,"$274,500"
2831,Consulting,Strategy Advisory Retainer #3830,China,"Quantum Systems Co., Ltd.","Silverline Networks Co., Ltd.","Multi-year framework agreement, reviewed yearly",26-พ.ย.-2024,03-ธ.ค.-2024,19-ก.ย.-2028,Michael N.,Relationship manager reassigned this quarter,Renewed,"$754,000"
2832,Cleaning & Facility,Janitorial Services Agreement #3831,India,Unity Group Pvt. Ltd.,Beacon Ventures Pvt. Ltd.,Includes quarterly business review meetings,19-ก.ย.-2025,19-ก.ย.-2025,26-ม.ค.-2028,Kanokwan S.,Legal review in progress before renewal,Renewed,"$219,900"
2833,Cleaning & Facility,Facility Maintenance Contract #3832,Myanmar,"Quantum Partners Co., Ltd.",Internal - Admin Dept.,Volume discount tier applies above threshold spend,16-ม.ค.-2027,30-ม.ค.-2027,16-ม.ค.-2029,Tanawat A.,Vendor performance review scheduled,Renewed,"$298,500"
2834,Waste Management,Waste Collection & Disposal Contract #3833,Cambodia,"Apex Technologies Co., Ltd.",Internal - E-commerce,Service level agreement reviewed annually,31-ก.ค.-2025,31-ก.ค.-2025,31-ต.ค.-2027,Nathan E.,Flagged for cost optimization review,Renewed,"$259,800"
2835,Legal,IP & Trademark Registration Services #3834,Indonesia,Onyx Dynamics PT,Internal - HR Dept.,Includes 24/7 support SLA with penalty clauses,26-เม.ย.-2023,26-เม.ย.-2023,17-ต.ค.-2026,Minji A.,Budget approval pending for renewal,Negotiation in progress,"$167,800"
2836,Security,Executive Protection Services #3835,Indonesia,Nova Ventures PT,Vanguard Capital PT,Volume discount tier applies above threshold spend,09-ต.ค.-2023,09-ต.ค.-2023,11-มิ.ย.-2027,Budi N.,Budget approval pending for renewal,Renewed,"$50,000"
2837,Cleaning & Facility,Office Facility Management Contract #3836,Taiwan,"Nova Services Co., Ltd.",Internal - Finance Dept.,Renewal contingent on performance KPIs,13-ต.ค.-2024,13-ต.ค.-2024,31-มี.ค.-2028,Michael A.,Relationship manager reassigned this quarter,Renewed,"$242,200"
2838,Manufacturing Supply,Component Manufacturing Contract #3837,Germany,Nova Dynamics GmbH,Internal - Marketing Dept.,"Multi-year framework agreement, reviewed yearly",05-ส.ค.-2025,12-ส.ค.-2025,15-พ.ย.-2026,Sarah D.,Budget approval pending for renewal,Upcoming renewal,"$2,189,500"
2839,Real Estate & Leasing,Retail Unit Lease Contract #3838,India,Lumen Holdings Pvt. Ltd.,Internal - Legal Dept.,"Multi-year framework agreement, reviewed yearly",01-มิ.ย.-2025,08-มิ.ย.-2025,06-ก.พ.-2027,Yuki E.,Scope extension being discussed with partner,Negotiation in progress,"$4,369,600"
2840,Insurance,Cyber Liability Insurance Policy #3839,Malaysia,Emerald Networks Sdn Bhd,Falcon Technologies Sdn Bhd,Includes quarterly business review meetings,03-พ.ค.-2025,03-พ.ค.-2025,12-ธ.ค.-2026,Kanokwan I.,Scope extension being discussed with partner,Upcoming renewal,"$991,600"
2841,Fleet & Transportation,Fleet Maintenance Agreement #3840,Vietnam,BlueSky Capital JSC,Metro Services JSC,Volume discount tier applies above threshold spend,22-ก.ย.-2025,22-ก.ย.-2025,12-เม.ย.-2027,Hiroshi J.,Relationship manager reassigned this quarter,Renewed,"$423,600"
2842,Travel & Events,Corporate Travel Management Agreement #3841,Malaysia,Sterling Ventures Sdn Bhd,Internal - Supply Chain,Includes quarterly business review meetings,19-เม.ย.-2024,19-เม.ย.-2024,17-พ.ย.-2026,Somchai T.,Flagged for cost optimization review,Upcoming renewal,"$200,100"
2843,IT Services,Cloud Hosting Agreement #3842,Japan,Prime Holdings K.K.,Internal - IT Security,Includes quarterly business review meetings,17-ต.ค.-2021,17-ต.ค.-2021,21-ธ.ค.-2024,Grace I.,Vendor performance review scheduled,Expired/Not renewed,"$1,425,200"
2844,Fleet & Transportation,Corporate Shuttle Service Contract #3843,South Korea,"Beacon Networks Co., Ltd.",Internal - Legal Dept.,"Multi-year framework agreement, reviewed yearly",05-ก.ย.-2023,05-ก.ย.-2023,14-ส.ค.-2027,Michael S.,Alternative vendors being benchmarked,Renewed,"$837,300"
2845,Construction & Maintenance,Building Renovation Contract #3844,Germany,Evergreen Networks GmbH,Internal - IT Dept.,Renewal contingent on performance KPIs,03-มิ.ย.-2027,17-มิ.ย.-2027,17-ก.พ.-2029,Yuki T.,-,Renewed,"$1,542,600"
2846,HR & Payroll,HR Systems Implementation Contract #3845,Thailand,"Global Services Co., Ltd.","Beacon Partners Co., Ltd.","Multi-year framework agreement, reviewed yearly",19-ธ.ค.-2022,19-ธ.ค.-2022,30-ต.ค.-2024,Tanawat F.,Relationship manager reassigned this quarter,Expired/Not renewed,"$364,700"
2847,Marketing,Brand Campaign Agreement #3846,Singapore,Lumen Consulting Pte Ltd,Delta Holdings Pte Ltd,Includes quarterly business review meetings,17-พ.ย.-2025,17-พ.ย.-2025,26-ม.ค.-2029,Fatima T.,Budget approval pending for renewal,Renewed,"$119,300"
2848,Marketing,Brand Campaign Agreement #3847,Cambodia,"Onyx Logistics Co., Ltd.",Internal - IT Security,Exclusive regional distribution rights included,29-ธ.ค.-2024,29-ธ.ค.-2024,21-ก.ย.-2027,Siti E.,Budget approval pending for renewal,Renewed,"$602,700"
2849,Waste Management,Hazardous Waste Management Contract #3848,South Korea,"Nova Holdings Co., Ltd.","Atlas Enterprises Co., Ltd.","Multi-year framework agreement, reviewed yearly",29-ก.ย.-2026,29-ก.ย.-2026,28-มี.ค.-2028,Ploy I.,Budget approval pending for renewal,Renewed,"$186,700"
2850,Financial Services,Treasury Management Contract #3849,Hong Kong,Granite Trading Ltd.,Internal - Legal Dept.,Exclusive regional distribution rights included,21-ก.พ.-2025,07-มี.ค.-2025,26-ม.ค.-2029,Hiroshi M.,No issues reported this cycle,Renewed,"$124,500"
2851,IT Services,IT Helpdesk & Support Contract #3850,United States,Sterling Innovations Inc.,Internal - IT Dept.,-,04-ก.พ.-2024,04-ก.พ.-2024,05-ต.ค.-2026,Daniel C.,Vendor performance review scheduled,Negotiation in progress,"$1,117,200"
2852,Logistics,Freight Forwarding Contract #3851,Philippines,Beacon Capital Inc.,Internal - Procurement,-,13-ก.ย.-2023,13-ก.ย.-2023,24-ก.พ.-2025,Minji K.,Relationship manager reassigned this quarter,Expired/Not renewed,"$1,034,200"
2853,Security,Executive Protection Services #3852,Hong Kong,Cascade Services Ltd.,Nova Innovations Ltd.,Renewal contingent on performance KPIs,22-ม.ค.-2023,29-ม.ค.-2023,19-ม.ค.-2025,Hiroshi B.,Budget approval pending for renewal,Expired/Not renewed,"$104,200"
2854,Waste Management,Recycling Services Agreement #3853,Thailand,"Emerald Holdings Co., Ltd.","Summit Solutions Co., Ltd.",Pricing subject to annual CPI adjustment,18-เม.ย.-2024,18-เม.ย.-2024,23-พ.ย.-2026,Siti A.,Budget approval pending for renewal,Upcoming renewal,"$289,700"
2855,Cleaning & Facility,Facility Maintenance Contract #3854,Myanmar,"Vertex Services Co., Ltd.",Internal - Procurement,"Auto-renew clause, 15 days notice required",23-พ.ค.-2024,30-พ.ค.-2024,30-พ.ย.-2026,Daniel R.,"Renewal quote received, under internal review",Upcoming renewal,"$288,100"
2856,Construction & Maintenance,Elevator Maintenance Contract #3855,Taiwan,"Alliance Partners Co., Ltd.","Atlas Partners Co., Ltd.","Auto-renew clause, 30 days notice required",21-ก.ค.-2026,28-ก.ค.-2026,03-มี.ค.-2029,Aiko J.,Budget approval pending for renewal,Renewed,"$1,364,800"
2857,Legal,Compliance Advisory Agreement #3856,Cambodia,"Apex Ventures Co., Ltd.","Anchor Partners Co., Ltd.",Includes quarterly business review meetings,07-มี.ค.-2023,14-มี.ค.-2023,06-พ.ย.-2026,Minji N.,Relationship manager reassigned this quarter,Upcoming renewal,"$540,100"
2858,Travel & Events,Conference Venue Agreement #3857,India,Beacon Ventures Pvt. Ltd.,Internal - IT Dept.,"Auto-renew clause, 15 days notice required",06-ธ.ค.-2027,20-ธ.ค.-2027,17-ก.พ.-2029,Fatima K.,Alternative vendors being benchmarked,Renewed,"$46,900"
2859,HR & Payroll,Outsourced Payroll Processing Contract #3858,China,"Beacon Technologies Co., Ltd.",Internal - IT Security,"Auto-renew clause, 45 days notice required",14-ม.ค.-2025,14-ม.ค.-2025,17-เม.ย.-2026,Somchai I.,No issues reported this cycle,Expired/Not renewed,"$75,400"
2860,Travel & Events,Conference Venue Agreement #3859,United States,Beacon Industries Inc.,Internal - HR Dept.,Pricing subject to annual CPI adjustment,30-ส.ค.-2022,06-ก.ย.-2022,10-ส.ค.-2025,Aiko R.,Vendor performance review scheduled,Expired/Not renewed,"$150,400"
2861,Construction & Maintenance,Building Renovation Contract #3860,Hong Kong,Zenith Services Ltd.,Lumen Trading Ltd.,Exclusive regional distribution rights included,13-พ.ค.-2023,27-พ.ค.-2023,27-ม.ค.-2027,Chloe M.,Flagged for cost optimization review,Negotiation in progress,"$356,400"
2862,Travel & Events,Event Management Services Contract #3861,Malaysia,Crown Logistics Sdn Bhd,Internal - Legal Dept.,Includes 24/7 support SLA with penalty clauses,02-ก.พ.-2025,02-ก.พ.-2025,31-ธ.ค.-2027,Ahmed I.,Flagged for cost optimization review,Renewed,"$103,100"
2863,Financial Services,Payment Gateway Services Agreement #3862,Indonesia,Radiant Systems PT,Internal - E-commerce,Exclusive regional distribution rights included,08-ม.ค.-2024,08-ม.ค.-2024,06-ต.ค.-2026,Arjun O.,Scope extension being discussed with partner,Upcoming renewal,"$64,200"
2864,Travel & Events,Conference Venue Agreement #3863,Singapore,Delta Services Pte Ltd,Internal - Marketing Dept.,Pricing subject to annual CPI adjustment,28-ส.ค.-2024,11-ก.ย.-2024,21-ต.ค.-2026,Kanokwan T.,Budget approval pending for renewal,Negotiation in progress,"$261,500"
2865,Construction & Maintenance,Building Renovation Contract #3864,Cambodia,"Cascade Holdings Co., Ltd.",Internal - E-commerce,-,02-ม.ค.-2023,02-ม.ค.-2023,07-พ.ย.-2024,Carlos H.,Relationship manager reassigned this quarter,Expired/Not renewed,"$176,200"
2866,Marketing,Creative & Branding Services #3865,Vietnam,Ivory Solutions JSC,Atlas Dynamics JSC,-,08-พ.ย.-2025,22-พ.ย.-2025,27-พ.ย.-2026,Arjun G.,Relationship manager reassigned this quarter,Negotiation in progress,"$477,400"
2867,Legal,Litigation Support Contract #3866,China,"Crown Networks Co., Ltd.",Internal - Operations,Renewal contingent on performance KPIs,25-มี.ค.-2023,01-เม.ย.-2023,08-ธ.ค.-2026,Hiroshi W.,No issues reported this cycle,Negotiation in progress,"$422,900"
2868,Consulting,Business Process Improvement Engagement #3867,Hong Kong,Zenith Consulting Ltd.,Internal - Procurement,"Multi-year framework agreement, reviewed yearly",03-ม.ค.-2023,03-ม.ค.-2023,10-ธ.ค.-2026,Tanawat O.,No issues reported this cycle,Negotiation in progress,"$666,000"
2869,Manufacturing Supply,Raw Material Supply Agreement #3868,Australia,BlueSky Consulting Pty Ltd,Anchor Logistics Pty Ltd,Includes 24/7 support SLA with penalty clauses,12-เม.ย.-2024,12-เม.ย.-2024,19-ส.ค.-2027,Michael G.,-,Renewed,"$1,545,000"
2870,Cleaning & Facility,Pest Control Services Agreement #3869,Taiwan,"Nova Services Co., Ltd.",Internal - E-commerce,Volume discount tier applies above threshold spend,04-ส.ค.-2025,04-ส.ค.-2025,12-ก.พ.-2027,Chloe T.,-,Negotiation in progress,"$151,400"
2871,Travel & Events,Conference Venue Agreement #3870,Hong Kong,Metro Dynamics Ltd.,Pacific Capital Ltd.,Includes quarterly business review meetings,04-ก.ค.-2026,04-ก.ค.-2026,12-ก.พ.-2028,Sarah L.,No issues reported this cycle,Renewed,"$297,300"
2872,Security,Executive Protection Services #3871,Japan,Evergreen Trading K.K.,Summit Holdings K.K.,Includes 24/7 support SLA with penalty clauses,11-พ.ย.-2024,18-พ.ย.-2024,14-มิ.ย.-2026,Ahmed K.,Scope extension being discussed with partner,Expired/Not renewed,"$497,000"
2873,Construction & Maintenance,HVAC Maintenance Agreement #3872,Malaysia,Titan Partners Sdn Bhd,Internal - HR Dept.,"Auto-renew clause, 30 days notice required",15-ก.ค.-2025,15-ก.ค.-2025,08-ก.ย.-2027,James P.,Flagged for cost optimization review,Renewed,"$942,700"
2874,Marketing,Brand Campaign Agreement #3873,Singapore,Atlas Solutions Pte Ltd,Emerald Ventures Pte Ltd,Exclusive regional distribution rights included,04-ส.ค.-2023,04-ส.ค.-2023,01-ธ.ค.-2026,Arjun I.,Scope extension being discussed with partner,Negotiation in progress,"$179,700"
2875,Financial Services,Corporate Banking Services Agreement #3874,United Kingdom,Cascade Consulting Ltd.,Evergreen Innovations Ltd.,"Multi-year framework agreement, reviewed yearly",10-พ.ค.-2025,10-พ.ค.-2025,06-พ.ย.-2026,Wei K.,"Renewal quote received, under internal review",Upcoming renewal,"$687,700"
2876,Travel & Events,Event Management Services Contract #3875,Indonesia,Quantum Ventures PT,Orion Logistics PT,"Multi-year framework agreement, reviewed yearly",15-ก.ย.-2025,15-ก.ย.-2025,29-ธ.ค.-2026,Priya S.,Legal review in progress before renewal,Negotiation in progress,"$330,600"
2877,Travel & Events,Conference Venue Agreement #3876,Indonesia,BlueSky Systems PT,Internal - Supply Chain,-,07-มิ.ย.-2025,07-มิ.ย.-2025,11-พ.ย.-2026,Yuki H.,-,Upcoming renewal,"$397,400"
2878,Telecommunications,Internet Leased Line Contract #3877,United States,Ivory Partners Inc.,Internal - IT Security,"Multi-year framework agreement, reviewed yearly",10-ก.ย.-2025,10-ก.ย.-2025,22-พ.ย.-2026,Carlos I.,Budget approval pending for renewal,Upcoming renewal,"$304,800"
2879,Financial Services,Corporate Banking Services Agreement #3878,United States,Vanguard Industries Inc.,Internal - Corporate Affairs,Exclusive regional distribution rights included,30-พ.ค.-2023,30-พ.ค.-2023,13-พ.ย.-2026,Emily S.,Flagged for cost optimization review,Negotiation in progress,"$544,000"
2880,Logistics,Warehouse Lease & Operation Agreement #3879,Singapore,Falcon Trading Pte Ltd,Internal - Admin Dept.,Includes quarterly business review meetings,24-เม.ย.-2024,01-พ.ค.-2024,10-ส.ค.-2027,Somchai O.,Legal review in progress before renewal,Renewed,"$51,700"
2881,Telecommunications,Corporate Mobile Plan Agreement #3880,France,Orion Solutions SAS,Internal - Supply Chain,-,30-พ.ค.-2025,30-พ.ค.-2025,09-พ.ค.-2028,Laura N.,Alternative vendors being benchmarked,Renewed,"$370,800"
2882,Construction & Maintenance,HVAC Maintenance Agreement #3881,Taiwan,"Vanguard Innovations Co., Ltd.","Vertex Holdings Co., Ltd.","Multi-year framework agreement, reviewed yearly",19-มิ.ย.-2024,19-มิ.ย.-2024,23-ต.ค.-2026,Wei J.,No issues reported this cycle,Upcoming renewal,"$146,000"
2883,Legal,Litigation Support Contract #3882,Singapore,Delta Innovations Pte Ltd,Pacific Industries Pte Ltd,Service level agreement reviewed annually,18-ส.ค.-2027,18-ส.ค.-2027,19-ก.พ.-2029,Sarah K.,Vendor performance review scheduled,Renewed,"$589,500"
2884,Waste Management,Hazardous Waste Management Contract #3883,United Kingdom,Pacific Partners Ltd.,Silverline Holdings Ltd.,Service level agreement reviewed annually,15-มี.ค.-2024,15-มี.ค.-2024,24-ต.ค.-2026,Daniel D.,No issues reported this cycle,Negotiation in progress,"$96,400"
2885,Cleaning & Facility,Janitorial Services Agreement #3884,Philippines,Titan Industries Inc.,Internal - Admin Dept.,-,16-ม.ค.-2025,23-ม.ค.-2025,15-ต.ค.-2026,Suchada A.,Flagged for cost optimization review,Upcoming renewal,"$189,000"
2886,Security,CCTV Monitoring Agreement #3885,China,"Metro Services Co., Ltd.",Internal - Corporate Affairs,Includes 24/7 support SLA with penalty clauses,04-ม.ค.-2024,11-ม.ค.-2024,01-พ.ย.-2026,Kanokwan H.,Vendor performance review scheduled,Negotiation in progress,"$71,500"
2887,Fleet & Transportation,Corporate Shuttle Service Contract #3886,China,"Ivory Systems Co., Ltd.",Internal - Finance Dept.,Pricing subject to annual CPI adjustment,06-ส.ค.-2021,13-ส.ค.-2021,28-ก.พ.-2025,Arjun B.,Alternative vendors being benchmarked,Expired/Not renewed,"$530,400"
2888,Marketing,Digital Marketing Retainer #3887,China,"Global Enterprises Co., Ltd.",Internal - Finance Dept.,"Multi-year framework agreement, reviewed yearly",11-ต.ค.-2023,11-ต.ค.-2023,20-พ.ย.-2026,Suchada M.,Budget approval pending for renewal,Negotiation in progress,"$133,400"
2889,Manufacturing Supply,Component Manufacturing Contract #3888,United Arab Emirates,BlueSky Networks LLC,Internal - Procurement,-,27-มี.ค.-2025,10-เม.ย.-2025,27-ม.ค.-2028,Chloe F.,Relationship manager reassigned this quarter,Renewed,"$2,707,200"
2890,Training & Development,Corporate Training Program Agreement #3889,Japan,Lumen Holdings K.K.,Quantum Capital K.K.,Service level agreement reviewed annually,10-ม.ค.-2027,10-ม.ค.-2027,02-ธ.ค.-2028,Wanida I.,Scope extension being discussed with partner,Renewed,"$64,000"
2891,Consulting,Strategy Advisory Retainer #3890,Hong Kong,Horizon Enterprises Ltd.,Internal - Supply Chain,"Auto-renew clause, 90 days notice required",02-ส.ค.-2023,02-ส.ค.-2023,28-ก.ย.-2026,Wei G.,Legal review in progress before renewal,Negotiation in progress,"$603,000"
2892,Logistics,Last-Mile Delivery Partnership #3891,Malaysia,Cascade Technologies Sdn Bhd,Internal - Operations,"Auto-renew clause, 90 days notice required",12-เม.ย.-2025,12-เม.ย.-2025,09-ก.ย.-2027,Wei F.,No issues reported this cycle,Renewed,"$728,800"
2893,HR & Payroll,Recruitment Services Agreement #3892,Cambodia,"Crown Trading Co., Ltd.",Internal - HR Dept.,"Multi-year framework agreement, reviewed yearly",25-ธ.ค.-2025,25-ธ.ค.-2025,17-ก.ค.-2028,Carlos G.,Flagged for cost optimization review,Renewed,"$150,700"
2894,HR & Payroll,Employee Benefits Administration #3893,Japan,Ivory Dynamics K.K.,Internal - Corporate Affairs,Includes quarterly business review meetings,03-ส.ค.-2025,17-ส.ค.-2025,22-ต.ค.-2026,Anucha W.,Flagged for cost optimization review,Upcoming renewal,"$261,000"
2895,Travel & Events,Corporate Travel Management Agreement #3894,United States,Pinnacle Trading Inc.,Internal - Procurement,"Auto-renew clause, 90 days notice required",18-ก.ย.-2024,18-ก.ย.-2024,14-ต.ค.-2026,Ahmed P.,Alternative vendors being benchmarked,Upcoming renewal,"$12,200"
2896,Marketing,Creative & Branding Services #3895,Taiwan,"Delta Technologies Co., Ltd.",Internal - Operations,Volume discount tier applies above threshold spend,23-ม.ค.-2026,23-ม.ค.-2026,08-ม.ค.-2029,Siti J.,Flagged for cost optimization review,Renewed,"$674,000"
2897,HR & Payroll,HR Systems Implementation Contract #3896,United States,Atlas Trading Inc.,Internal - IT Security,Service level agreement reviewed annually,08-ก.พ.-2028,08-ก.พ.-2028,08-ก.พ.-2029,James E.,Legal review in progress before renewal,Renewed,"$143,200"
2898,Legal,IP & Trademark Registration Services #3897,Malaysia,Summit Trading Sdn Bhd,Internal - HR Dept.,Renewal contingent on performance KPIs,25-ส.ค.-2023,01-ก.ย.-2023,14-ธ.ค.-2026,Priya C.,No issues reported this cycle,Upcoming renewal,"$261,200"
2899,Telecommunications,Internet Leased Line Contract #3898,Singapore,Sterling Ventures Pte Ltd,Internal - IT Dept.,Service level agreement reviewed annually,29-ก.ค.-2023,29-ก.ค.-2023,11-มี.ค.-2026,Carlos N.,Alternative vendors being benchmarked,Expired/Not renewed,"$536,600"
2900,Construction & Maintenance,HVAC Maintenance Agreement #3899,China,"Crown Partners Co., Ltd.","Meridian Technologies Co., Ltd.",Includes quarterly business review meetings,27-ก.พ.-2024,27-ก.พ.-2024,02-พ.ย.-2027,Priya B.,"Renewal quote received, under internal review",Renewed,"$706,800"
2901,Logistics,Freight Forwarding Contract #3900,Myanmar,"Meridian Services Co., Ltd.","Zenith Industries Co., Ltd.",Service level agreement reviewed annually,06-มิ.ย.-2025,06-มิ.ย.-2025,22-มิ.ย.-2027,Yuki H.,Legal review in progress before renewal,Renewed,"$1,784,900"
2902,Fleet & Transportation,Corporate Shuttle Service Contract #3901,France,Titan Dynamics SAS,Internal - IT Dept.,"Multi-year framework agreement, reviewed yearly",24-ธ.ค.-2022,31-ธ.ค.-2022,01-พ.ย.-2026,Ravi M.,Relationship manager reassigned this quarter,Negotiation in progress,"$572,000"
2903,IT Services,Cloud Hosting Agreement #3902,France,Ivory Consulting SAS,Meridian Logistics SAS,-,03-ธ.ค.-2021,03-ธ.ค.-2021,09-พ.ย.-2025,James J.,Vendor performance review scheduled,Expired/Not renewed,"$980,000"
2904,Legal,Corporate Legal Advisory Retainer #3903,Malaysia,Granite Innovations Sdn Bhd,Internal - Corporate Affairs,"Multi-year framework agreement, reviewed yearly",19-มิ.ย.-2025,19-มิ.ย.-2025,08-ต.ค.-2026,Nattapong I.,Legal review in progress before renewal,Negotiation in progress,"$272,000"
2905,Fleet & Transportation,Vehicle Leasing Agreement #3904,Philippines,Prime Technologies Inc.,Internal - Admin Dept.,Includes 24/7 support SLA with penalty clauses,02-พ.ค.-2025,02-พ.ค.-2025,24-ต.ค.-2026,Daniel J.,Legal review in progress before renewal,Upcoming renewal,"$84,600"
2906,Consulting,Strategy Advisory Retainer #3905,Vietnam,Prime Trading JSC,Internal - IT Dept.,Exclusive regional distribution rights included,06-ก.พ.-2025,20-ก.พ.-2025,10-ก.ย.-2028,Anucha L.,-,Renewed,"$407,100"
2907,Manufacturing Supply,Component Manufacturing Contract #3906,France,Falcon Group SAS,Internal - Operations,Service level agreement reviewed annually,08-ต.ค.-2023,08-ต.ค.-2023,26-ก.ย.-2026,Ahmed C.,Relationship manager reassigned this quarter,Negotiation in progress,"$1,136,800"
2908,Logistics,Freight Forwarding Contract #3907,Indonesia,Meridian Services PT,Lumen Ventures PT,Includes 24/7 support SLA with penalty clauses,26-เม.ย.-2023,26-เม.ย.-2023,01-ต.ค.-2026,Kanokwan K.,Legal review in progress before renewal,Upcoming renewal,"$1,563,800"
2909,Consulting,Change Management Engagement #3908,United States,Trident Enterprises Inc.,Internal - IT Dept.,Pricing subject to annual CPI adjustment,12-มี.ค.-2024,19-มี.ค.-2024,22-ส.ค.-2026,Kanokwan N.,Scope extension being discussed with partner,Expired/Not renewed,"$256,700"
2910,Legal,IP & Trademark Registration Services #3909,Singapore,Emerald Enterprises Pte Ltd,Internal - Marketing Dept.,Includes quarterly business review meetings,10-ธ.ค.-2026,24-ธ.ค.-2026,27-ก.พ.-2028,Emily A.,Vendor performance review scheduled,Renewed,"$394,100"
2911,Insurance,Cyber Liability Insurance Policy #3910,Thailand,"Onyx Capital Co., Ltd.",Internal - IT Dept.,"Auto-renew clause, 90 days notice required",10-ก.ย.-2023,17-ก.ย.-2023,09-ม.ค.-2026,James K.,No issues reported this cycle,Expired/Not renewed,"$87,300"
2912,Fleet & Transportation,Vehicle Leasing Agreement #3911,South Korea,"Meridian Group Co., Ltd.","Cascade Logistics Co., Ltd.",-,20-ก.ย.-2020,20-ก.ย.-2020,02-เม.ย.-2024,Budi F.,Vendor performance review scheduled,Expired/Not renewed,"$894,700"
2913,Printing & Publishing,Signage & Print Production Agreement #3912,Hong Kong,Anchor Technologies Ltd.,Bright Systems Ltd.,Service level agreement reviewed annually,09-มี.ค.-2024,09-มี.ค.-2024,09-พ.ย.-2026,Emily L.,Alternative vendors being benchmarked,Negotiation in progress,"$165,100"
2914,Telecommunications,Satellite Communication Contract #3913,Philippines,Crest Industries Inc.,Internal - Procurement,Volume discount tier applies above threshold spend,13-ต.ค.-2023,13-ต.ค.-2023,17-ก.พ.-2025,Grace N.,No issues reported this cycle,Expired/Not renewed,"$45,500"
2915,Cleaning & Facility,Pest Control Services Agreement #3914,France,NorthStar Systems SAS,Internal - Procurement,Renewal contingent on performance KPIs,18-พ.ค.-2026,25-พ.ค.-2026,14-ก.ย.-2028,Ploy P.,-,Renewed,"$164,900"
2916,Travel & Events,Conference Venue Agreement #3915,Thailand,"Granite Partners Co., Ltd.",Internal - IT Dept.,Includes 24/7 support SLA with penalty clauses,23-ก.ย.-2024,23-ก.ย.-2024,19-ต.ค.-2026,David L.,Vendor performance review scheduled,Upcoming renewal,"$397,400"
2917,Logistics,Customs Brokerage Agreement #3916,Taiwan,"Evergreen Industries Co., Ltd.","Atlas Consulting Co., Ltd.",Exclusive regional distribution rights included,14-ธ.ค.-2023,14-ธ.ค.-2023,10-ต.ค.-2026,Wei A.,-,Upcoming renewal,"$1,238,600"
2918,Waste Management,Hazardous Waste Management Contract #3917,Germany,Radiant Networks GmbH,Horizon Solutions GmbH,Includes 24/7 support SLA with penalty clauses,26-ต.ค.-2027,09-พ.ย.-2027,02-ม.ค.-2029,Minji A.,Relationship manager reassigned this quarter,Renewed,"$62,400"
2919,Consulting,Strategy Advisory Retainer #3918,Germany,Prime Capital GmbH,Internal - Admin Dept.,Pricing subject to annual CPI adjustment,22-มี.ค.-2023,29-มี.ค.-2023,02-ม.ค.-2027,Ahmed B.,-,Negotiation in progress,"$50,000"
2920,Printing & Publishing,Signage & Print Production Agreement #3919,Thailand,"Apex Services Co., Ltd.","Summit Logistics Co., Ltd.",-,14-ธ.ค.-2026,14-ธ.ค.-2026,30-ธ.ค.-2028,Fatima B.,-,Renewed,"$14,400"
2921,Financial Services,Payment Gateway Services Agreement #3920,United States,Delta Technologies Inc.,Internal - Marketing Dept.,"Auto-renew clause, 30 days notice required",17-ส.ค.-2025,24-ส.ค.-2025,05-ม.ค.-2027,Wanida E.,No issues reported this cycle,Negotiation in progress,"$76,700"
2922,Fleet & Transportation,Vehicle Leasing Agreement #3921,Myanmar,"Apex Dynamics Co., Ltd.",Internal - Corporate Affairs,Includes quarterly business review meetings,24-ก.ค.-2026,31-ก.ค.-2026,04-ต.ค.-2028,Budi J.,-,Renewed,"$454,100"
2923,HR & Payroll,Outsourced Payroll Processing Contract #3922,Indonesia,Horizon Dynamics PT,Internal - Corporate Affairs,"Auto-renew clause, 45 days notice required",08-ก.พ.-2025,08-ก.พ.-2025,09-มี.ค.-2028,Budi P.,Scope extension being discussed with partner,Renewed,"$388,100"
2924,Travel & Events,Event Management Services Contract #3923,Australia,Quantum Group Pty Ltd,Internal - Finance Dept.,"Multi-year framework agreement, reviewed yearly",22-ธ.ค.-2024,05-ม.ค.-2025,27-พ.ค.-2027,James F.,-,Renewed,"$163,500"
2925,Consulting,Digital Transformation Consulting #3924,Germany,Emerald Technologies GmbH,Internal - Finance Dept.,Pricing subject to annual CPI adjustment,20-ก.พ.-2022,20-ก.พ.-2022,11-เม.ย.-2024,Grace P.,Legal review in progress before renewal,Expired/Not renewed,"$1,133,300"
2926,Travel & Events,Corporate Travel Management Agreement #3925,India,Quantum Partners Pvt. Ltd.,Internal - E-commerce,Volume discount tier applies above threshold spend,28-มี.ค.-2026,28-มี.ค.-2026,19-พ.ค.-2027,Wei B.,"Renewal quote received, under internal review",Renewed,"$202,100"
2927,IT Services,Network Infrastructure Services #3926,South Korea,"NorthStar Solutions Co., Ltd.",Internal - Admin Dept.,Includes 24/7 support SLA with penalty clauses,05-ต.ค.-2025,19-ต.ค.-2025,08-ธ.ค.-2026,Kanokwan M.,Flagged for cost optimization review,Upcoming renewal,"$1,203,000"
2928,Financial Services,Audit & Assurance Engagement #3927,Malaysia,Vanguard Ventures Sdn Bhd,Internal - IT Dept.,Includes quarterly business review meetings,08-มี.ค.-2024,08-มี.ค.-2024,03-ต.ค.-2026,Grace I.,"Renewal quote received, under internal review",Negotiation in progress,"$790,600"
2929,Manufacturing Supply,Packaging Supply Contract #3928,Indonesia,Vertex Holdings PT,Anchor Partners PT,Service level agreement reviewed annually,12-ต.ค.-2024,19-ต.ค.-2024,30-ก.ย.-2026,Kanokwan A.,Legal review in progress before renewal,Negotiation in progress,"$175,400"
2930,Manufacturing Supply,Packaging Supply Contract #3929,United States,Bright Partners Inc.,Ivory Services Inc.,Includes 24/7 support SLA with penalty clauses,14-ก.ย.-2022,14-ก.ย.-2022,01-ธ.ค.-2024,Grace I.,Budget approval pending for renewal,Expired/Not renewed,"$2,707,800"
2931,Consulting,Digital Transformation Consulting #3930,Myanmar,"Meridian Logistics Co., Ltd.",Internal - E-commerce,"Multi-year framework agreement, reviewed yearly",29-มี.ค.-2024,29-มี.ค.-2024,11-ธ.ค.-2026,Ravi N.,Scope extension being discussed with partner,Upcoming renewal,"$335,800"
2932,Software Licensing,Cybersecurity Software License #3931,Singapore,Trident Logistics Pte Ltd,Internal - Finance Dept.,"Multi-year framework agreement, reviewed yearly",19-เม.ย.-2025,19-เม.ย.-2025,30-มิ.ย.-2028,David O.,Vendor performance review scheduled,Renewed,"$336,400"
2933,Fleet & Transportation,Vehicle Leasing Agreement #3932,Thailand,"Global Holdings Co., Ltd.",Internal - Corporate Affairs,Volume discount tier applies above threshold spend,31-ต.ค.-2023,31-ต.ค.-2023,16-ก.ย.-2025,Ploy S.,"Renewal quote received, under internal review",Expired/Not renewed,"$280,000"
2934,Security,CCTV Monitoring Agreement #3933,Malaysia,Delta Innovations Sdn Bhd,Internal - IT Dept.,Includes 24/7 support SLA with penalty clauses,21-ม.ค.-2024,04-ก.พ.-2024,14-พ.ย.-2026,Piyawan C.,Vendor performance review scheduled,Upcoming renewal,"$444,500"
2935,Insurance,Property & Casualty Insurance Contract #3934,Indonesia,Orion Networks PT,Internal - Legal Dept.,"Auto-renew clause, 30 days notice required",08-ก.ย.-2024,08-ก.ย.-2024,16-พ.ค.-2027,Laura I.,No issues reported this cycle,Renewed,"$950,200"
2936,Waste Management,Recycling Services Agreement #3935,United Kingdom,Quantum Capital Ltd.,Quantum Systems Ltd.,Renewal contingent on performance KPIs,14-ก.ค.-2023,14-ก.ค.-2023,15-มี.ค.-2025,Nathan W.,-,Expired/Not renewed,"$95,300"
2937,Cleaning & Facility,Office Facility Management Contract #3936,Myanmar,"Vanguard Services Co., Ltd.","Evergreen Industries Co., Ltd.",Volume discount tier applies above threshold spend,29-ม.ค.-2023,12-ก.พ.-2023,23-ก.ย.-2026,Ahmed G.,-,Upcoming renewal,"$281,300"
2938,Insurance,Group Health Insurance Policy #3937,Hong Kong,Emerald Capital Ltd.,Internal - IT Dept.,Includes quarterly business review meetings,11-ต.ค.-2026,11-ต.ค.-2026,15-ม.ค.-2029,Ahmed B.,"Renewal quote received, under internal review",Renewed,"$1,397,000"
2939,Security,Executive Protection Services #3938,Myanmar,"Ivory Partners Co., Ltd.",Internal - IT Security,Renewal contingent on performance KPIs,28-ม.ค.-2023,28-ม.ค.-2023,30-มี.ค.-2025,Ahmed I.,"Renewal quote received, under internal review",Expired/Not renewed,"$392,700"
2940,Insurance,Cargo Insurance Agreement #3939,United Arab Emirates,Nova Partners LLC,Prime Dynamics LLC,"Auto-renew clause, 15 days notice required",20-พ.ค.-2024,03-มิ.ย.-2024,17-ก.ค.-2026,David R.,Relationship manager reassigned this quarter,Expired/Not renewed,"$552,700"
2941,Printing & Publishing,Corporate Printing Services Agreement #3940,Germany,Anchor Dynamics GmbH,Bright Solutions GmbH,"Multi-year framework agreement, reviewed yearly",16-ม.ค.-2022,23-ม.ค.-2022,10-ต.ค.-2025,Michael G.,Relationship manager reassigned this quarter,Expired/Not renewed,"$144,000"
2942,Consulting,Change Management Engagement #3941,Japan,Atlas Consulting K.K.,Internal - Operations,Service level agreement reviewed annually,27-ธ.ค.-2022,03-ม.ค.-2023,11-ก.ค.-2024,Minji C.,Budget approval pending for renewal,Expired/Not renewed,"$892,100"
2943,Manufacturing Supply,Component Manufacturing Contract #3942,Germany,Meridian Systems GmbH,Internal - Procurement,Service level agreement reviewed annually,13-พ.ย.-2025,13-พ.ย.-2025,13-ต.ค.-2028,Hiroshi H.,Budget approval pending for renewal,Renewed,"$1,830,100"
2944,Travel & Events,Event Management Services Contract #3943,United Arab Emirates,Quantum Logistics LLC,Meridian Systems LLC,"Auto-renew clause, 15 days notice required",14-มิ.ย.-2026,28-มิ.ย.-2026,21-ธ.ค.-2027,Nattapong C.,-,Renewed,"$157,400"
2945,Fleet & Transportation,Fleet Maintenance Agreement #3944,Indonesia,Sterling Networks PT,Quantum Services PT,Pricing subject to annual CPI adjustment,12-เม.ย.-2024,19-เม.ย.-2024,15-ธ.ค.-2027,Chloe E.,-,Renewed,"$441,100"
2946,Cleaning & Facility,Office Facility Management Contract #3945,South Korea,"Nova Innovations Co., Ltd.","Titan Trading Co., Ltd.",Service level agreement reviewed annually,21-ธ.ค.-2024,04-ม.ค.-2025,22-ก.ย.-2026,Carlos O.,Budget approval pending for renewal,Negotiation in progress,"$230,100"
2947,Manufacturing Supply,OEM Production Agreement #3946,Australia,Evergreen Industries Pty Ltd,Atlas Innovations Pty Ltd,Includes quarterly business review meetings,18-ม.ค.-2025,18-ม.ค.-2025,17-ธ.ค.-2027,Nathan F.,Flagged for cost optimization review,Renewed,"$154,100"
2948,Fleet & Transportation,Corporate Shuttle Service Contract #3947,South Korea,"Solace Dynamics Co., Ltd.",Internal - Supply Chain,-,25-ม.ค.-2027,25-ม.ค.-2027,06-ม.ค.-2029,Sarah M.,Relationship manager reassigned this quarter,Renewed,"$623,500"
2949,Logistics,Last-Mile Delivery Partnership #3948,Australia,Unity Systems Pty Ltd,Internal - HR Dept.,Includes 24/7 support SLA with penalty clauses,13-พ.ย.-2025,27-พ.ย.-2025,15-เม.ย.-2027,Carlos W.,No issues reported this cycle,Renewed,"$1,325,000"
2950,Security,Access Control System Contract #3949,France,Summit Systems SAS,Granite Services SAS,Includes quarterly business review meetings,11-ต.ค.-2021,11-ต.ค.-2021,05-ก.ย.-2025,Ravi C.,-,Expired/Not renewed,"$146,600"
2951,Cleaning & Facility,Facility Maintenance Contract #3950,Cambodia,"Trident Dynamics Co., Ltd.","Metro Services Co., Ltd.",Includes quarterly business review meetings,02-ส.ค.-2024,16-ส.ค.-2024,01-ก.ค.-2026,Minji F.,-,Expired/Not renewed,"$315,000"
2952,Insurance,Group Health Insurance Policy #3951,Germany,Granite Capital GmbH,Internal - Procurement,Includes 24/7 support SLA with penalty clauses,25-ต.ค.-2024,01-พ.ย.-2024,23-ต.ค.-2026,Ravi M.,"Renewal quote received, under internal review",Upcoming renewal,"$273,400"
2953,Legal,Corporate Legal Advisory Retainer #3952,United States,Anchor Dynamics Inc.,Internal - E-commerce,"Multi-year framework agreement, reviewed yearly",25-ธ.ค.-2024,25-ธ.ค.-2024,11-พ.ย.-2026,Laura N.,Relationship manager reassigned this quarter,Upcoming renewal,"$448,200"
2954,Marketing,Digital Marketing Retainer #3953,South Korea,"Ivory Innovations Co., Ltd.",Internal - Operations,Volume discount tier applies above threshold spend,03-พ.ค.-2024,10-พ.ค.-2024,02-ส.ค.-2027,Fatima C.,Vendor performance review scheduled,Renewed,"$385,500"
2955,Insurance,Cyber Liability Insurance Policy #3954,United Kingdom,Trident Capital Ltd.,Delta Innovations Ltd.,Service level agreement reviewed annually,28-ธ.ค.-2024,04-ม.ค.-2025,05-ต.ค.-2027,Aiko C.,Legal review in progress before renewal,Renewed,"$867,200"
2956,Travel & Events,Event Management Services Contract #3955,United Kingdom,Onyx Networks Ltd.,Internal - IT Security,Pricing subject to annual CPI adjustment,15-พ.ย.-2023,29-พ.ย.-2023,30-พ.ค.-2026,Kanokwan M.,No issues reported this cycle,Expired/Not renewed,"$269,600"
2957,Cleaning & Facility,Janitorial Services Agreement #3956,Australia,Beacon Trading Pty Ltd,Quantum Services Pty Ltd,Includes 24/7 support SLA with penalty clauses,03-ก.ค.-2023,03-ก.ค.-2023,20-ก.พ.-2026,Suchada A.,Legal review in progress before renewal,Expired/Not renewed,"$85,700"
2958,Construction & Maintenance,Building Renovation Contract #3957,China,"Vertex Technologies Co., Ltd.",Internal - Marketing Dept.,-,06-ต.ค.-2025,06-ต.ค.-2025,11-ต.ค.-2027,Ahmed K.,"Renewal quote received, under internal review",Renewed,"$1,125,800"
2959,Training & Development,E-Learning Platform License #3958,Vietnam,Solace Solutions JSC,Internal - IT Dept.,Exclusive regional distribution rights included,08-ม.ค.-2027,08-ม.ค.-2027,15-ก.พ.-2029,Siti P.,Budget approval pending for renewal,Renewed,"$70,800"
2960,HR & Payroll,Recruitment Services Agreement #3959,Taiwan,"Quantum Enterprises Co., Ltd.",Internal - Operations,Service level agreement reviewed annually,09-ม.ค.-2022,09-ม.ค.-2022,09-เม.ย.-2024,Ahmed K.,-,Expired/Not renewed,"$109,300"
2961,Legal,Regulatory Filing Services #3960,Philippines,Bright Technologies Inc.,Anchor Services Inc.,Includes 24/7 support SLA with penalty clauses,31-ม.ค.-2026,14-ก.พ.-2026,16-ก.พ.-2029,Wanida J.,-,Renewed,"$461,300"
2962,HR & Payroll,Recruitment Services Agreement #3961,Malaysia,Crest Solutions Sdn Bhd,Internal - E-commerce,"Multi-year framework agreement, reviewed yearly",12-พ.ค.-2025,12-พ.ค.-2025,26-ก.ย.-2026,Yuki S.,Legal review in progress before renewal,Upcoming renewal,"$323,600"
2963,Financial Services,Treasury Management Contract #3962,United Kingdom,Quantum Ventures Ltd.,Trident Capital Ltd.,-,30-ก.ย.-2025,30-ก.ย.-2025,06-มิ.ย.-2028,Chloe R.,"Renewal quote received, under internal review",Renewed,"$727,800"
2964,IT Services,Data Center Colocation Contract #3963,United Kingdom,Quantum Partners Ltd.,Anchor Enterprises Ltd.,-,13-มี.ค.-2024,13-มี.ค.-2024,26-ก.ย.-2026,James A.,Vendor performance review scheduled,Negotiation in progress,"$2,179,500"
2965,Real Estate & Leasing,Retail Unit Lease Contract #3964,Myanmar,"Vertex Consulting Co., Ltd.",Internal - Legal Dept.,Includes 24/7 support SLA with penalty clauses,16-ธ.ค.-2021,16-ธ.ค.-2021,13-พ.ย.-2024,Ravi I.,Vendor performance review scheduled,Expired/Not renewed,"$2,182,800"
2966,Logistics,Freight Forwarding Contract #3965,Cambodia,"Radiant Enterprises Co., Ltd.",Internal - Legal Dept.,-,14-มี.ค.-2022,14-มี.ค.-2022,24-ม.ค.-2026,Kanokwan E.,Scope extension being discussed with partner,Expired/Not renewed,"$1,315,800"
2967,Fleet & Transportation,Fleet Maintenance Agreement #3966,Myanmar,"Apex Group Co., Ltd.",Internal - IT Dept.,Renewal contingent on performance KPIs,02-มี.ค.-2023,09-มี.ค.-2023,06-ธ.ค.-2026,Yuki W.,Alternative vendors being benchmarked,Negotiation in progress,"$89,200"
2968,Printing & Publishing,Corporate Printing Services Agreement #3967,Singapore,Metro Logistics Pte Ltd,Internal - IT Dept.,"Multi-year framework agreement, reviewed yearly",12-ก.พ.-2024,12-ก.พ.-2024,17-มี.ค.-2025,Michael I.,Legal review in progress before renewal,Expired/Not renewed,"$161,800"
2969,Consulting,Strategy Advisory Retainer #3968,South Korea,"Zenith Solutions Co., Ltd.","Emerald Systems Co., Ltd.",Pricing subject to annual CPI adjustment,20-พ.ย.-2025,20-พ.ย.-2025,23-ก.ค.-2027,Aiko D.,No issues reported this cycle,Renewed,"$348,600"
2970,Cleaning & Facility,Pest Control Services Agreement #3969,Cambodia,"Horizon Innovations Co., Ltd.",Internal - Marketing Dept.,Exclusive regional distribution rights included,20-พ.ย.-2022,20-พ.ย.-2022,04-ม.ค.-2026,Suchada W.,No issues reported this cycle,Expired/Not renewed,"$32,400"
2971,Cleaning & Facility,Pest Control Services Agreement #3970,Thailand,"Orion Technologies Co., Ltd.",Internal - Admin Dept.,Volume discount tier applies above threshold spend,24-ม.ค.-2023,07-ก.พ.-2023,17-มิ.ย.-2026,Nattapong T.,Scope extension being discussed with partner,Expired/Not renewed,"$14,600"
2972,Manufacturing Supply,OEM Production Agreement #3971,Thailand,"Trident Ventures Co., Ltd.",Internal - Corporate Affairs,"Auto-renew clause, 90 days notice required",13-มี.ค.-2025,13-มี.ค.-2025,16-ธ.ค.-2028,Yuki G.,Alternative vendors being benchmarked,Renewed,"$591,800"
2973,Logistics,Freight Forwarding Contract #3972,Malaysia,Orion Enterprises Sdn Bhd,Internal - IT Security,Renewal contingent on performance KPIs,04-มิ.ย.-2023,04-มิ.ย.-2023,04-พ.ย.-2026,Ahmed H.,Flagged for cost optimization review,Upcoming renewal,"$1,672,400"
2974,Waste Management,Recycling Services Agreement #3973,Thailand,"Nova Innovations Co., Ltd.",Internal - HR Dept.,Service level agreement reviewed annually,26-มิ.ย.-2023,10-ก.ค.-2023,15-ต.ค.-2026,Laura K.,-,Negotiation in progress,"$222,300"
2975,Construction & Maintenance,HVAC Maintenance Agreement #3974,France,Titan Group SAS,Internal - IT Security,-,02-ม.ค.-2028,02-ม.ค.-2028,04-ม.ค.-2029,Yuki G.,Alternative vendors being benchmarked,Renewed,"$1,038,400"
2976,Software Licensing,Cybersecurity Software License #3975,United Arab Emirates,Anchor Solutions LLC,Internal - IT Security,Exclusive regional distribution rights included,08-มิ.ย.-2021,22-มิ.ย.-2021,02-พ.ค.-2024,Emily C.,-,Expired/Not renewed,"$2,555,200"
2977,Telecommunications,Corporate Mobile Plan Agreement #3976,Japan,Solace Systems K.K.,Internal - IT Dept.,"Multi-year framework agreement, reviewed yearly",16-ส.ค.-2021,23-ส.ค.-2021,17-มิ.ย.-2024,Emily K.,Flagged for cost optimization review,Expired/Not renewed,"$369,500"
2978,Logistics,Warehouse Lease & Operation Agreement #3977,Japan,Crest Solutions K.K.,Internal - Finance Dept.,Includes quarterly business review meetings,01-ส.ค.-2023,15-ส.ค.-2023,30-พ.ย.-2026,Anucha E.,Budget approval pending for renewal,Upcoming renewal,"$1,174,300"
2979,Consulting,Business Process Improvement Engagement #3978,Singapore,Beacon Systems Pte Ltd,Internal - E-commerce,"Auto-renew clause, 45 days notice required",08-ก.ย.-2021,08-ก.ย.-2021,22-ส.ค.-2024,Carlos I.,-,Expired/Not renewed,"$1,112,100"
2980,Marketing,Creative & Branding Services #3979,Taiwan,"Pacific Industries Co., Ltd.","Atlas Consulting Co., Ltd.",Volume discount tier applies above threshold spend,07-ธ.ค.-2022,07-ธ.ค.-2022,26-ต.ค.-2026,Piyawan A.,Scope extension being discussed with partner,Upcoming renewal,"$287,900"
2981,Telecommunications,VoIP Services Agreement #3980,Hong Kong,Pacific Solutions Ltd.,Radiant Technologies Ltd.,Pricing subject to annual CPI adjustment,27-ก.ย.-2023,27-ก.ย.-2023,23-พ.ย.-2026,Wei K.,"Renewal quote received, under internal review",Negotiation in progress,"$239,800"
2982,Telecommunications,Corporate Mobile Plan Agreement #3981,China,"Pacific Partners Co., Ltd.","Pinnacle Dynamics Co., Ltd.",-,22-พ.ค.-2027,22-พ.ค.-2027,09-ก.พ.-2029,Wanida B.,"Renewal quote received, under internal review",Renewed,"$246,700"
2983,Travel & Events,Conference Venue Agreement #3982,Germany,Alliance Group GmbH,Internal - Operations,Service level agreement reviewed annually,22-มิ.ย.-2023,22-มิ.ย.-2023,30-ก.ย.-2026,David F.,"Renewal quote received, under internal review",Negotiation in progress,"$372,000"
2984,Cleaning & Facility,Office Facility Management Contract #3983,Malaysia,Atlas Networks Sdn Bhd,Pinnacle Technologies Sdn Bhd,"Auto-renew clause, 15 days notice required",14-ส.ค.-2024,14-ส.ค.-2024,12-ต.ค.-2026,Suchada A.,Alternative vendors being benchmarked,Upcoming renewal,"$342,200"
2985,Training & Development,Corporate Training Program Agreement #3984,Cambodia,"Atlas Services Co., Ltd.","Atlas Dynamics Co., Ltd.",Volume discount tier applies above threshold spend,22-ธ.ค.-2026,29-ธ.ค.-2026,25-ม.ค.-2029,Aiko H.,Scope extension being discussed with partner,Renewed,"$156,400"
2986,Insurance,Group Health Insurance Policy #3985,India,Vanguard Holdings Pvt. Ltd.,Internal - E-commerce,Renewal contingent on performance KPIs,30-ก.ย.-2027,30-ก.ย.-2027,21-ม.ค.-2029,Ploy I.,-,Renewed,"$1,472,700"
2987,Construction & Maintenance,Elevator Maintenance Contract #3986,Myanmar,"Orion Solutions Co., Ltd.",Internal - Procurement,Includes 24/7 support SLA with penalty clauses,01-มี.ค.-2026,08-มี.ค.-2026,23-มิ.ย.-2028,Wei R.,Vendor performance review scheduled,Renewed,"$326,000"
2988,Marketing,Digital Marketing Retainer #3987,Thailand,"Granite Innovations Co., Ltd.",Internal - Operations,Volume discount tier applies above threshold spend,13-ส.ค.-2024,27-ส.ค.-2024,27-มี.ค.-2028,Suchada L.,Budget approval pending for renewal,Renewed,"$467,900"
2989,Construction & Maintenance,Elevator Maintenance Contract #3988,Vietnam,Onyx Technologies JSC,Internal - Procurement,Includes 24/7 support SLA with penalty clauses,02-มี.ค.-2025,02-มี.ค.-2025,12-ธ.ค.-2027,Wei W.,Vendor performance review scheduled,Renewed,"$297,000"
2990,Waste Management,Hazardous Waste Management Contract #3989,India,NorthStar Systems Pvt. Ltd.,Crest Holdings Pvt. Ltd.,Exclusive regional distribution rights included,01-พ.ค.-2025,08-พ.ค.-2025,10-ต.ค.-2026,Suchada F.,"Renewal quote received, under internal review",Upcoming renewal,"$296,800"
2991,HR & Payroll,HR Systems Implementation Contract #3990,China,"NorthStar Logistics Co., Ltd.",Internal - Supply Chain,"Multi-year framework agreement, reviewed yearly",21-ก.ย.-2023,21-ก.ย.-2023,06-พ.ย.-2026,Budi H.,Scope extension being discussed with partner,Upcoming renewal,"$292,800"
2992,Logistics,Freight Forwarding Contract #3991,Indonesia,Cascade Consulting PT,Internal - IT Dept.,Includes quarterly business review meetings,05-มี.ค.-2024,05-มี.ค.-2024,14-พ.ย.-2026,Budi G.,Relationship manager reassigned this quarter,Upcoming renewal,"$373,600"
2993,Travel & Events,Corporate Travel Management Agreement #3992,Hong Kong,Prime Trading Ltd.,Internal - Corporate Affairs,Includes quarterly business review meetings,15-พ.ย.-2024,22-พ.ย.-2024,08-ส.ค.-2026,James P.,Relationship manager reassigned this quarter,Expired/Not renewed,"$30,700"
2994,Software Licensing,Business Intelligence Platform License #3993,Myanmar,"Crest Capital Co., Ltd.","Evergreen Trading Co., Ltd.",Exclusive regional distribution rights included,06-พ.ย.-2023,06-พ.ย.-2023,18-ต.ค.-2026,Chloe J.,No issues reported this cycle,Upcoming renewal,"$2,565,800"
2995,Real Estate & Leasing,Office Space Lease Agreement #3994,United Kingdom,Anchor Holdings Ltd.,Vanguard Enterprises Ltd.,-,03-เม.ย.-2023,03-เม.ย.-2023,26-ก.ย.-2026,Daniel R.,Relationship manager reassigned this quarter,Upcoming renewal,"$4,558,100"
2996,Construction & Maintenance,Building Renovation Contract #3995,Singapore,Falcon Holdings Pte Ltd,Internal - Marketing Dept.,Pricing subject to annual CPI adjustment,25-ม.ค.-2024,25-ม.ค.-2024,24-ส.ค.-2026,Emily P.,Scope extension being discussed with partner,Expired/Not renewed,"$279,000"
2997,HR & Payroll,Outsourced Payroll Processing Contract #3996,Indonesia,Silverline Consulting PT,Crown Enterprises PT,Exclusive regional distribution rights included,01-ต.ค.-2024,01-ต.ค.-2024,23-พ.ค.-2028,Daniel C.,Relationship manager reassigned this quarter,Renewed,"$276,100"
2998,Logistics,Fleet Logistics Services Contract #3997,United Arab Emirates,Alliance Group LLC,Internal - E-commerce,Includes 24/7 support SLA with penalty clauses,01-เม.ย.-2023,08-เม.ย.-2023,04-พ.ค.-2026,Laura C.,Scope extension being discussed with partner,Expired/Not renewed,"$1,004,000"
2999,Fleet & Transportation,Corporate Shuttle Service Contract #3998,Singapore,Quantum Innovations Pte Ltd,Internal - IT Security,Service level agreement reviewed annually,05-ก.พ.-2025,05-ก.พ.-2025,29-ต.ค.-2026,Grace A.,Budget approval pending for renewal,Upcoming renewal,"$374,800"
3000,Printing & Publishing,Corporate Printing Services Agreement #3999,Taiwan,"Titan Ventures Co., Ltd.","Silverline Dynamics Co., Ltd.","Auto-renew clause, 45 days notice required",15-ก.ย.-2025,15-ก.ย.-2025,24-ส.ค.-2028,Minji O.,Relationship manager reassigned this quarter,Renewed,"$106,200"
